primer_nombre,segundo_nombre,primer_apellido,segundo_apellido,id_politico,fecha_inicio,fecha_nac,fuente
,NA,IRUJO,DE GRENDENE,3545,1971-11-28,,
,NA,VASQUEZ,MENDEZ,3537,1971-11-28,,
ABILIO,NA,BRIZ,,4008,NA,1952-08-29,
ABRAHAM,NA,APUD,NA,3797,1955-02-15,1913-02-12,
ABRAHAM,NA,CZARBIEVICZ,NA,384,1987-10-01,1932-04-13,
ADAN,NA,PIMENTEL,NA,3276,2015-03-01,1969-04-22,
ADAUTO,NA,PUÑALES,LASCANO,3975,1995-02-15,1935-01-31,
ADELA,NA,ANGRISANO,NA,69,1959-02-15,,
ADELA,NA,RETA,NA,2542,1985-03-01,1921-07-21,
ADHARA,NA,FALCON,NA,3444,2015-03-01,1989-10-18,
ADHEMAR,NA,CARNALES,MIRABALLES,1604,NA,1932-07-01,
ADOLFO,NA,BALLESTEROS,NA,3620,1958-11-30,1920-01-30,
ADOLFO,NA,BORTAGARAY,NA,1554,NA,1943-09-23,
ADOLFO,NA,GELSI,BIDART,3547,1966-11-27,1935-06-15,
ADOLFO,NA,INCIARTE,NA,725,1932-02-15,,
ADOLFO,NA,ORTEGA,NA,987,1904-02-23,,
ADUL,NA,NEBU,NA,2965,2010-03-01,1967-06-05,
AGUSTIN,C.,CAPUTI,NA,1592,1970-04-02,1911-02-18,
AGUSTIN,R.,BISIO,NA,3723,1932-02-23,,
AGUSTIN,NA,BASCOU,NA,4027,NA,1961-05-14,
AGUSTIN,NA,BELLONI,NA,187,1924-01-23,,
AGUSTIN,NA,FERRANDO,Y OLAONDO,526,1908-02-15,,
AGUSTIN,NA,PAYOVICH,BIANCHI,1027,NA,,
AGUSTIN,NA,UNGO,NA,1357,1926-09-15,,
AIDA,NA,LIRIA,RODAO,3420,2015-03-01,,
ALBA,NA,OSORES,DE LANZA,993,1990-02-15,1929-01-27,
ALBA,NA,ROBALLO,DE PREVITALI,2075,1968-05-03,1908-08-04,
ALBERTO,F.,ZUBIRIA,NA,4475,1947-02-15,1901-09-10,
ALBERTO,I.,GELPI,NA,4204,1967-03-02,1920-06-27,
ALBERTO,R.,DAGNINO,NA,3671,1932-02-23,1871-06-01,1
ALBERTO,NA,ALTESOR,NA,37,1969-07-02,1913-08-15,
ALBERTO,NA,BARRAGUE,NA,162,1936-12-17,1890,1
ALBERTO,NA,BARRAN,NA,163,1967-02-15,,
ALBERTO,NA,BENSION,NA,194,2000-03-01,1940-04-26,
ALBERTO,NA,BOLAÑA,NA,3694,1926-02-13,,
ALBERTO,NA,BRAUSSE,NA,2635,2010-03-01,1938-10-30,
ALBERTO,NA,BUONOMO,NA,1571,NA,1946-01-06,
ALBERTO,NA,CID,NA,1638,NA,1940-08-17,
ALBERTO,NA,CIMA,NA,1640,NA,,
ALBERTO,NA,COURIEL,NA,373,2010-02-15,1935-08-22,
ALBERTO,NA,DEMICHELI,NA,1698,NA,,
ALBERTO,NA,DEMICHELLI,NA,2475,1934-05-18,1896-08-07,
ALBERTO,NA,GELPI,NA,4204,1959-02-15,1920-06-27,
ALBERTO,NA,GIANNASTASIO,NA,3128,2015-03-01,1956-11-07,
ALBERTO,NA,LECUNA,IGARABIDE,1867,NA,,
ALBERTO,NA,MACCIO,NA,813,1932-02-15,,
ALBERTO,NA,MAE,NA,835,1938-11-01,,
ALBERTO,NA,MANE,NA,2476,1933-02-13,1884-05-30,
ALBERTO,NA,MASCHWITZ,NA,2629,1995-03-01,1953-05-09,
ALBERTO,NA,MOROY,NA,934,1932-02-15,1875-08-07,
ALBERTO,NA,PODESTA,CARNELLI,2032,NA,1899,1
ALBERTO,NA,SALVAGNO,NA,1221,1919-03-17,1864-01-09,
ALBERTO,NA,SCAVARELLI,NA,1250,2000-02-15,1949-09-08,
ALBERTO,NA,VOLONTE,NA,3501,1999-04-25,1939-07-24,
ALBERTO,NA,ZOBOLI,NA,3734,1932-02-23,1892-12-14,
ALBERTO,NA,ZUBIRIA,NA,4475,1947-12-03,1901-09-10,
ALBERTO,NA,ZUMARAN,NA,1422,1990-02-15,1940-10-10,
ALCIDES,F.,LUCA,NA,3758,1938-06-19,,
ALCIDES,NA,ALDAMA,NA,28,1938-06-13,,
ALCIDES,NA,CAMBRE,NA,3839,1955-02-15,1896-04-25,
ALCIDES,NA,CENDOYA,NA,3849,1955-02-15,1911,1
ALCIDES,NA,CERVIERI,NA,3903,1963-02-15,,
ALDO,ULISES,GUERRINI,RIESTRA,4231,NA,1949-02-17,
ALDO,NA,CIASULLO,NA,1637,NA,1911,1
ALDO,NA,FAVRETTI,NA,1734,NA,1950-07-31,
ALDO,NA,GUERRINI,NA,4231,NA,1949-02-17,
ALDO,NA,LAMORTE,NA,3487,2004-10-31,1957-01-17,
ALEJANDRO,E.,PESCE,NA,1062,1934-05-23,,
ALEJANDRO,E.,ZEFERINO,NA,3934,1963-02-15,,
ALEJANDRO,NA,ATCHUGARRY,NA,1475,2002-07-24,1952-07-31,
ALEJANDRO,NA,BARBADORA,NA,154,1938-06-13,,
ALEJANDRO,NA,ECHAVARRIA,NA,2828,2010-03-01,1965-11-23,
ALEJANDRO,NA,ESCARDO,NA,1719,NA,1939-08-11,
ALEJANDRO,NA,KAYEL,NA,742,1938-05-25,,
ALEJANDRO,NA,NOBOA,NA,4025,2020-02-08,1963-06-09,
ALEJANDRO,NA,PIOVENE,NA,1079,1914-02-17,,
ALEJANDRO,NA,POLONI,NA,2964,2010-03-01,1971-07-08,
ALEJANDRO,NA,ROVIRA,NA,2102,1972-03-01,,
ALEJANDRO,NA,TRINIDAD,NA,3331,2015-03-01,,
ALFONSO,NA,BAZET,NA,177,1917-02-15,,
ALFONSO,NA,GREISSING,NA,667,1967-02-15,,
ALFREDO,J.,SOLARES,NA,1295,1951-02-15,,
ALFREDO,NA,ALAMBARRI,NA,24,1951-02-15,,
ALFREDO,NA,ALCARDI,NA,2995,2010-03-01,,
ALFREDO,NA,ASTI,NA,124,2015-02-15,1948-10-02,
ALFREDO,NA,BALDOMIR,NA,2480,1942-02-21,1884-08-27,
ALFREDO,NA,DE CASTRO PEREZ,CASTRO PEREZ,1683,NA,,
ALFREDO,NA,DE MATTOS,MATTOS,2458,2020-02-15,1939-06-08,
ALFREDO,NA,DOLCE,NA,453,1992-10-13,1950-11-06,
ALFREDO,NA,DUPETIT,IBARRA,465,1951-02-15,,
ALFREDO,NA,FERRARIS,NA,3880,1959-02-15,,
ALFREDO,NA,LAENS,NA,1853,NA,,
ALFREDO,NA,LEPRO,NA,1870,1968-12-19,,
ALFREDO,NA,MASSA,NA,864,1963-02-15,1927,1
ALFREDO,NA,NEBEL,ELLAURI,948,1934-07-03,1878,1
ALFREDO,NA,PEYRAUBE,NA,1064,1963-02-15,,
ALFREDO,NA,SOLARI,DAMONTE,4434,2010-02-15,1944-07-05,
ALFREDO,NA,SOLARI,NA,4434,1995-03-01,1944-07-05,
ALFREDO,NA,TRAVERSONI,NA,1340,1985-02-15,,
ALFREDO,NA,VIGLIOLA,NA,2257,NA,,
ALFREDO,NA,ZAFFARONI,ORTIZ,1413,1985-02-15,,
ALGHERO,NA,GIROLDI,SOSA,3389,2015-03-01,1976-07-06,
ALICIA,NA,ESPIDNOLA,NA,2986,2010-03-01,1958-10-28,
ALICIA,NA,ESPINDOLA,NA,3365,2015-03-01,1958-10-28,
ALICIA,NA,RAINUSSO,NA,2049,NA,1958-07-07,
ALMA,NA,GALUP,,4023,2020-02-01,1941-11-27,
ALMODOVAR,NA,LAVIN,NA,1864,NA,,
ALVARO,D.,GERMANO,NA,4205,2010-03-01,1962-03-13,
ALVARO,NA,ABILA,NA,3135,2015-03-01,1986-04-29,
ALVARO,NA,CARRAU,NA,1605,NA,1949-12-27,
ALVARO,NA,DASTUGE,NA,2442,2015-02-15,1980-04-03,
ALVARO,NA,DASTUGUE,NA,2446,2020-02-15,1980-04-03,
ALVARO,NA,ERRAMUSPE,NA,1717,NA,1968-10-10,
ALVARO,NA,GERMANO,NA,4205,2014-06-01,1962-03-13,
ALVARO,NA,GUILLOT,NA,684,1907-03-16,1868-07-15,
ALVARO,NA,LAPIDO,DIAZ,761,1967-02-15,,
ALVARO,NA,PEDRAJA,NA,2665,2010-03-01,1963-12-01,
ALVARO,NA,PERRONE,NA,2288,2020-02-15,1977-06-08,
ALVARO,NA,VIVIANO,NA,2448,2020-02-15,1971-12-05,
AMADEA,NA,LEDESMA,NA,2880,2010-03-01,,
AMADEO,NA,ALMADA,NA,33,1935-01-30,1872-08-07,
AMADO,NA,TORINO,NA,2692,2010-03-01,1958-02-15,
AMALIA,M.,JUAREZ,NA,3329,2015-03-01,1974-10-01,
AMANDA,NA,DELLA,VENTURA,2377,2020-02-15,1955-08-31,
AMANDA,NA,HUERTA,DE FONT,1836,NA,1918-06-15,
AMERICO,NA,PLA,RODRIGUEZ,2028,NA,,
AMERICO,NA,RAFFAGLIO,NA,1129,1965-03-22,1910-03-18,
AMIDA,NA,JARDIM,NA,1848,NA,1931-12-13,
AMILCAR,NA,URTAZU,NA,2227,NA,1941-01-22,
AMILCAR,NA,VASCONSELLOS,NA,3456,1963-03-01,1915-09-22,
AMIN,NA,NIFFOURI,NA,2419,2020-02-15,1971-12-02,
AMLCAR,NA,MANERA,NA,836,1951-02-15,,
ANA,INES,SANCHES,NA,3200,2015-03-01,1980-12-17,
ANA,LIA,PINEYRUA,NA,2566,2015-03-01,1954-11-23,
ANA,LIA,PIÑEYRUA,OLMOS,1072,2010-02-15,1954-11-23,
ANA,MARIA,CASALAS,NA,1609,NA,1952-08-23,
ANA,MARIA,HALLER,NA,3008,2010-03-01,1951-07-17,
ANA,NA,CAMEJO,NA,3445,2015-03-01,,
ANA,NA,CORDANO,NA,3469,2019-10-27,1964-11-26,
ANA,NA,STOPINGIE,NA,3010,2010-03-01,1950-04-07,
ANA,NA,VIGNOLI,NA,2596,2010-03-01,1945-07-27,
ANACLETO,NA,DUFORT,Y ALVAREZ,461,1902-02-15,,
ANALIO,M.,ORCE,NA,3876,1959-02-15,1924-01-30,
ANALIO,NA,AMONTE,NA,58,1971-05-11,,
ANATOLIO,NA,PALAMARCHUCK,NA,1007,1963-05-08,1959-07-13,
ANDREA,NA,REVUELTA,NA,3471,2019-10-27,1967-10-16,
ANDRES,NA,ABT,NA,3057,2015-03-01,1973-06-01,
ANDRES,NA,ARBELO,NA,3422,2015-03-01,1964-04-04,
ANDRES,NA,BERTERRECHE,NA,2592,2009-03-05,1962-07-18,
ANDRES,NA,CHUCARRO,NA,3466,2019-10-27,1963-10-21,
ANDRES,NA,CROVETTO,NA,377,1914-02-15,,
ANDRES,NA,CULTELLI,NA,1666,NA,1921-09-06,
ANDRES,NA,DELFINO,NA,432,1923-02-15,,
ANDRES,NA,NAPPA,NA,3875,1959-02-15,1903-02-10,
ANDRES,NA,PASSARINO,NA,2989,2015-03-01,1972-04-21,
ANDRES,NA,TORIANI,NA,1336,1990-02-15,1957-12-13,
ANGEL,F.,FORTUNATTO,NA,3739,1932-02-23,,
ANGEL,M.,GIANOLA,NA,4207,1994-05-17,1926-12-10,
ANGEL,MARIA,CUSANO,NA,4146,NA,1908,
ANGEL,MARIA,GIANOLA,NA,4207,NA,1926-12-10,1
ANGEL,NA,AROUR,NEGEMI,1467,NA,,
ANGEL,NA,CUSANO,NA,4146,1958-11-30,1908,
ANGEL,NA,FACHINETTI,NA,1728,NA,1931-12-27,
ANGEL,NA,FIORONI,NA,3551,1966-11-27,,
ANGEL,NA,FORTUNARO,NA,3708,1926-10-02,,
ANGEL,NA,GUARIGLIA,NA,675,1964-01-07,,
ANGEL,NA,PANIZZA,BLANCO,1014,1963-02-15,,
ANGEL,NA,RATH,NA,1142,1972-02-15,1925-12-05,
ANGEL,NA,SEBALLOS,NA,3340,2015-03-01,1965-01-04,
ANGEL,NA,SPINOGLIO,NA,2185,NA,1931-04-04,
ANIBAL,NA,BARCELO,NA,2706,2010-03-01,,2
ANIBAL,NA,GILES,SORIA,3320,2015-03-01,1962-06-05,
ANIBAL,NA,GLOODOTFSKY,NA,2387,2010-02-15,1960-09-27,
ANIBAL,NA,MOJOLI,NA,3827,1955-02-15,,
ANIBAL,NA,PEDROARENA,NA,1029,1963-02-15,,
ANIBAL,NA,ROIG,NA,2513,1964-06-09,,
ANIBAL,NA,RONDEAU,NA,2093,NA,1947-04-24,
ANTONINO,NA,BOSCO,NA,232,1967-02-15,,
ANTONIO,GUSTAVO,FUSCO,NA,573,1959-02-12,,
ANTONIO,J.,FARINHA,NA,509,1938-06-01,,
ANTONIO,MARIA,DE FREITAS,FREITAS,4147,1963-02-15,,
ANTONIO,V.,DE FREITAS,FREITAS,4147,1932-02-23,,
ANTONIO,NA,AMOROS,NA,61,1972-02-15,1916-06-23,
ANTONIO,NA,ARBOLEYA,NA,3841,1955-02-15,,
ANTONIO,NA,BACHINI,NA,140,1920-03-03,1860,1
ANTONIO,NA,BARRETTO,NA,3307,2015-03-01,,
ANTONIO,NA,CARBONARO,NA,1597,NA,1916,1
ANTONIO,NA,CHIESSA,NA,3895,1959-02-15,,
ANTONIO,NA,ESCANELLAS,NA,1718,NA,1950-01-02,
ANTONIO,NA,FRANCESE,NA,2514,1970-04-17,1899,1
ANTONIO,NA,GABITO,BARRIOS,574,1955-02-15,,
ANTONIO,NA,GOYCOCHEA,NA,663,1920-02-15,,
ANTONIO,NA,JORGE,NA,1849,NA,1931-02-12,
ANTONIO,NA,LARRAYDI,NA,3901,1963-02-15,,
ANTONIO,NA,LLADO,NA,794,1932-02-15,,
ANTONIO,NA,MARCHESANO,NA,839,1986-04-02,1930-11-07,
ANTONIO,NA,MERCADER,NA,2557,2000-03-01,1944-08-29,
ANTONIO,NA,MORELL,NA,929,1995-03-01,1944-01-04,
ANTONIO,NA,PAGLIETTINI,NA,1001,1929-02-15,,
ANTONIO,NA,PAN,NA,1012,1917-02-15,,
ANTONIO,NA,RICHERO,NA,1157,1951-02-15,,
ANTONIO,NA,SARACHU,NA,1236,1972-02-15,1931-12-18,
ANTONIO,NA,VACCARO,RODRIGUEZ,1363,1964-12-15,,
ANTONIO,NA,VALIO,Y SUEIRO,1366,1943-02-15,,
ARACELLI,NA,VALDEZ,NA,3361,2015-03-01,1942-01-02,
ARAMIS,NA,VELASCO,NA,2242,NA,1940-11-13,
ARIEL,NA,BONDARENCO,NA,2949,2010-03-01,1961-05-24,
ARIEL,NA,LAUSAROT,NA,1863,NA,1952-10-22,
ARIEL,NA,PANDOLFI,IRAZU,1013,1987-09-23,1919-07-22,
ARIOSTO,NA,PEYRALLO,NA,1063,1920-02-15,,
ARMANDO,I.,BARBIERI,NA,4071,1963-02-15,1895,1
ARMANDO,NA,BARBIERI,NA,4071,1958-11-30,1895,1
ARMANDO,NA,CASTAINGDEBAT,NA,2426,2020-02-15,1959-10-25,
ARMANDO,NA,CUERVO,NA,1665,NA,,
ARMANDO,NA,MALET,NA,1900,1972-11-01,1905,1
ARMANDO,NA,PATIO,NA,1021,1920-02-15,,
ARMANDO,NA,PIROTTO,NA,1082,1945-11-07,1907-11-12,
ARMANDO,NA,QUISIQUE,NA,2048,NA,1958-10-04,
ARMANDO,NA,TUBINO,NA,1352,1938-05-25,1913-03-28,
ARMANDO,NA,VAL,NA,3496,2004-06-27,1950-10-27,
ARMANDO,NA,VICENTE,Y FERRES,1391,1920-02-15,,
ARNOLDO,NA,ROTH,NA,1195,1992-10-30,1931-05-18,
ARTIGAS,NA,MELGAREJO,NA,876,2000-02-15,1942-11-30,
ARTURO,A.,ARTECONA,NA,4065,1934-05-18,,
ARTURO,NA,ARTECONA,NA,4065,1932-02-23,,
ARTURO,NA,BORRAT,VIERA,3759,1938-06-19,1891,1
ARTURO,NA,GRAU,ROSELL,3835,1955-02-15,1907-05-12,
ARTURO,NA,LAMANCHA,NA,1857,NA,1942-04-21,
ARTURO,NA,LARRIERA,NA,766,1931-07-08,,
ARTURO,NA,LERENA,ACEVEDO,787,1929-05-30,1897-10-29,
ARTURO,NA,LUSSICH,NA,810,1943-02-15,1872-05-22,
ARTURO,NA,QUESADA,NA,1123,1934-05-18,,
ARTURO,NA,WILSON,NA,2271,NA,,
ASDRUBAL,NA,ALZATI,NA,3943,1967-02-15,1927-07-17,
ASTUR,NA,DE CAMPO,CAMPO,3710,1932-02-23,1887-06-22,
ATILIO,CARLOS,CUTINELLA,NA,1673,NA,,
ATILIO,NA,FERRANDIS,NA,525,1972-02-15,1920-01-08,
ATILIO,NA,NARANCIO,NA,944,1920-02-15,1883-06-03,
AUGUSTO,NA,MONTESDEOCA,NA,3969,1985-02-15,1938-09-26,
AURELIO,NA,GERONAZZO,NA,3619,1958-11-30,,
AZUCENA,NA,ARBELECHE,NA,2610,2020-03-01,1970-09-29,
AZUCENA,NA,BERRUTI,NA,2584,2005-03-01,1929-01-07,
BALTASAR,J.,AGUILAR,NA,1441,NA,1951-01-26,
BAUTISTA,NA,DUHAGON,NA,464,1963-02-15,1905-06-24,
BAUTISTA,NA,IRIBARNE,NA,729,1955-02-15,1921-08-31,
BEATRIZ,NA,ARGIMON,NA,91,2020-03-01,1961-08-14,
BEATRIZ,NA,BANCHERO,NA,3481,2014-06-01,1951-08-12,
BENITO,J.,MONTALDO,NA,916,1920-02-15,,
BENITO,M.,CUARRO,NA,381,1905-02-16,,
BENITO,NA,MEDERO,NA,872,1972-03-01,,
BENITO,NA,NARDONE,NA,3454,1961-03-01,1906-11-22,
BENITO,NA,STERN,NA,2567,1995-03-01,1937-04-23,
BERNARDINO,T.,ORIQUE,NA,984,1902-02-15,,
BERNARDO,DOMINGO,LARRAYOZ,NA,3673,1926-02-13,,
BERNARDO,NA,DE LA HANTY,LA HANTY,1685,NA,1882,
BERTA,NA,SANSEVERINO,NA,2314,2015-02-15,1946-04-25,
BERTIL,NA,BENTOS,SCAGNEGATTI,4084,2005-02-15,1942-08-15,
BERTIL,NA,BENTOS,NA,4084,2010-02-15,1942-08-15,
BETTINA,NA,COCCHI,NA,1644,NA,1961-09-25,
BIBIAN,NA,RETAMOZA,NA,3114,2015-03-01,,
BLAS,NERY,TAROCO,NA,3906,1963-02-15,1912-12-05,
BOLVAR,NA,SOZO,NA,1306,1934-05-18,,
BONIFACIO,NA,ALCAIN,NA,1444,NA,1917-06-08,
BRADAMANTE,NA,TOYOS,NA,2212,NA,,
BRUM,NA,CANET,NA,276,2000-02-15,1934-09-20,
CAMILO,NA,TORTORELLA,NA,3991,1995-02-15,1933-07-25,
CANDIDO,HECTOR,CUSTODIO,NA,1672,NA,1916-02-02,
CARBALLIDO,NA,ETCHEBARNE,NA,3865,1959-02-15,,
CARLOS,A.,FROCE,NA,2744,2010-03-01,1941-05-12,
CARLOS,E.,CAMELO,NA,4111,2015-03-01,1985-05-21,
CARLOS,E.,PORTA,SANTIAGO,1101,1963-02-15,,
CARLOS,J.,IZAGUIRRE,NA,2853,2010-03-01,1949-07-14,
CARLOS,L.,FISCHER,NA,1758,1952-03-01,1903,1
CARLOS,M.,AVILA,NA,3421,2015-03-01,,
CARLOS,M.,OJEDA,NA,3925,1963-02-15,1943-08-01,
CARLOS,M.,SORIN,NA,4435,1921-12-29,,
CARLOS,MARIA,BESENZONI,NA,1530,NA,,
CARLOS,MARIA,BROL,NA,2919,2010-03-01,1956-05-12,
CARLOS,MARIA,FRESIA,NA,564,1985-02-15,,
CARLOS,MARIA,JOANICO,NA,739,1926-02-15,,
CARLOS,MARIA,PERICHON,NA,1060,1937-11-15,,
CARLOS,MARIA,PRINCIVALE,NA,1112,1938-06-01,1887-11-04,
CARLOS,MARIA,SORIN,NA,4435,1926-02-12,,
CARLOS,T.,GAMBA,NA,1774,NA,1883-06-04,
CARLOS,NA,ALBIN,NA,25,1917-02-15,,
CARLOS,NA,AMEGLIO,NA,51,1917-02-15,,
CARLOS,NA,ARRAGA,NA,107,1959-02-15,,
CARLOS,NA,AUNCHAYNA,NA,2962,2010-03-01,1962-07-11,
CARLOS,NA,BELLINI,HERNANDEZ,185,1926-02-15,,
CARLOS,NA,BICA,NA,210,1909-02-16,1881-09-05,
CARLOS,NA,BRUNETTO,NA,3532,1989-11-26,1955-10-13,
CARLOS,NA,BUTLER,NA,255,1938-05-25,1879,1
CARLOS,NA,CAMELO,NA,4111,2010-03-01,1985-05-21,
CARLOS,NA,CAT,NA,2556,2000-03-01,1930-06-02,
CARLOS,NA,CHRISTIANSEN,NA,337,2005-02-15,1967-08-23,
CARLOS,NA,CLULOW,NA,3562,1962-11-25,1907,1
CARLOS,NA,COLACCE,NA,2590,2008-03-03,1960-06-16,
CARLOS,NA,COLISTRO,NA,343,1926-02-15,1881,1
CARLOS,NA,CORDOBA,NA,3017,2010-03-01,1964-02-04,
CARLOS,NA,DE MEDINA,MEDINA,3774,1943-02-15,,
CARLOS,NA,DELPIAZZO,NA,437,1998-11-06,1951-09-13,
CARLOS,NA,DEMICHELIS,NA,440,1956-11-06,1910-02-19,
CARLOS,NA,FABRICIO,NA,2860,2010-03-01,1964-04-16,
CARLOS,NA,FAGETTI,NA,503,1990-07-05,1928-04-30,
CARLOS,NA,FERRUA,NA,3091,2015-03-01,1952-03-31,
CARLOS,NA,FIELITZ,NA,2498,1953-11-30,,
CARLOS,NA,FISHER,NA,3452,1958-03-01,1903,1
CARLOS,NA,FRADE,NA,3610,1962-11-25,,
CARLOS,NA,FRICK,DAVIES,2521,1968-05-03,1907,1
CARLOS,NA,FULCO,NA,2694,2015-03-01,1944-08-09,
CARLOS,NA,GAMOU,NA,589,2010-02-15,1959-08-09,
CARLOS,NA,GAROLINI,NA,611,1929-02-15,,
CARLOS,NA,GASPARRI,NA,2563,1995-03-01,1952-03-09,
CARLOS,NA,GASTALDI,NA,1786,NA,1940-03-31,
CARLOS,NA,IAFIGLIOLA,NA,3472,2019-06-30,1963-02-01,
CARLOS,NA,LAZCANO,NA,773,1995-02-15,1935-08-15,
CARLOS,NA,LEONE,NA,786,1947-02-15,1922-11-04,
CARLOS,NA,LEONI,NA,3592,1962-11-25,,
CARLOS,NA,MAIANTI,NA,3334,2015-03-01,1956-05-28,
CARLOS,NA,MASEDA,NA,863,2005-02-15,,
CARLOS,NA,MASSIOTTI,SILVEIRA,865,1943-02-15,,
CARLOS,NA,MAZZULO,GAITAN,4303,2001-02-15,1951-02-18,
CARLOS,NA,MAZZULO,NA,4303,2005-02-15,1951-02-18,
CARLOS,NA,NEY,ROMERO,1952,2015-03-01,1956-09-01,
CARLOS,NA,ONETO,Y VIANA,978,1911-02-18,,
CARLOS,NA,PAOLILLO,NA,2583,2005-02-15,1949-01-04,
CARLOS,NA,PERERA,NA,3615,1958-11-30,,
CARLOS,NA,PIRAN,NA,2543,1985-03-01,1934-11-16,
CARLOS,NA,QUERALTO,ORIBE,4366,1970-10-26,,
CARLOS,NA,QUERALTO,NA,4366,1967-02-15,,
CARLOS,NA,RANGUIS,NA,1140,1957-09-17,1925-04-26,
CARLOS,NA,RESTANO,NA,2062,NA,1943-03-07,
CARLOS,NA,REUTOR,NA,2340,2015-02-15,1974-05-31,
CARLOS,NA,ROXLO,NA,1196,1923-02-15,1861-03-12,
CARLOS,NA,SIGNORELLI,NA,2158,2001-02-15,1952-10-28,
CARLOS,NA,SINEIRO,NA,2166,NA,,
CARLOS,NA,STAJANO,NA,2508,1959-03-01,1891,
CARLOS,NA,SURRACO,NA,3616,1958-11-30,1894-08-10,
CARLOS,NA,TESTA,NA,2298,2020-02-15,1964-01-29,
CARLOS,NA,TESTONI,NA,2202,NA,1948-01-03,
CARLOS,NA,VANNELLI,NA,1368,1926-02-15,1853,1
CARLOS,NA,VEGH,GARZON,2515,1967-03-01,1902,1
CARLOS,NA,VETRALE,NA,2245,NA,,
CARLOS,NA,VILARO,RUBIO,2261,NA,,
CARLOS,NA,WETTSTEIN,NA,1408,1926-09-01,,
CARMELO,JOSE,VIDALIN,NA,4469,2015-02-15,1955-11-17,
CARMELO,NA,DE ARZADUM,ARZADUM,398,1931-10-08,1888-06-16,
CARMELO,NA,VIDALIN,NA,4469,2010-02-15,1955-11-17,
CARMEN,NIRIA,TORT,GONZALEZ,4012,2020-02-11,1964-01-29,
CARMEN,NA,BERAMENDI,NA,1518,NA,1950-06-16,
CARMEN,NA,BRUZZONE,NA,1567,NA,1953-05-29,
CARMEN,NA,TRESSA,NA,1344,NA,,
CARMINILLO,NA,MEDEROS,NA,873,1985-02-15,1891-08-18,
CAROL,NA,AVIAGA,NA,2432,2015-02-15,1970-08-14,
CAROLINA,NA,COSSE,NA,2362,2020-02-15,1961-12-25,
CAROLINA,NA,MURPHY,NA,2668,2015-03-01,1978-01-20,
CARTAUL,NA,ALOY,NA,3912,1963-02-15,1910-12-23,
CASIANO,NA,MONEGAL,NA,914,1932-02-23,,
CAYETANO,NA,BORDA,Y PAGOLA,226,1911-02-15,1876,1
CAYETANO,NA,STOPINGI,PRADO,3406,2015-03-01,1985-09-02,
CECILIA,NA,MARCHI,NA,2767,2010-03-01,1954-01-10,
CECILIA,NA,SELENE,NA,3214,2015-03-01,1969-02-25,
CECILIO,L.,ALZAIBAR,NA,3924,1963-02-15,,
CELEM,NA,NAREZ,JURI,1949,NA,1923-11-08,
CELIA,R.,DE ALCANTARA,ALCANTARA,3917,1963-02-15,,
CESAR,O.,ARGELLO,NA,92,1938-05-25,,
CESAR,NA,BADIN,NA,2745,2010-03-01,1949-01-15,
CESAR,NA,BORBA,NA,2525,1970-04-17,1912-05-01,
CESAR,NA,BUSTELO,NA,1574,NA,1929-09-19,
CESAR,NA,CEBALLE,NA,2789,2010-03-01,1957-03-23,
CESAR,NA,NIEVES,NA,3129,2015-03-01,,
CHRISTIAN,NA,DI CANDIA,CANDIA,4018,2019-04-01,1981-10-08,
CIRILO,NA,GULDENZOPH,NA,3714,1932-02-23,1902,1
CIRO,NA,CIOMPI,NA,341,1959-02-15,1905,1
CLAUDIO,NA,LAMONACA,NA,2777,2010-03-01,1953-11-05,
CLAUDIO,NA,RENDO,NA,3111,2015-03-01,1965-01-02,
CLAUDIO,NA,TORTI,NA,2708,2010-03-01,1944-10-24,
CLEVER,NA,MARIANI,NA,3265,2015-03-01,,
CLEVER,NA,RIERA,SOSA,2846,2010-03-01,1962-10-30,
CONO,ALFREDO,BRESCIA,NA,3980,1990-02-15,1942-10-09,
CONRADO,F.,RUCKER,NA,1200,1911-02-15,1855,1
CONRADO,NA,CHELONI,NA,326,1959-02-15,1917-03-06,
CONRADO,NA,SAEZ,NA,2114,1926-02-13,,
CONSTANTINO,NA,OGANDO,NA,3729,1932-02-23,,
CORALIO,NA,CAPILLAS,NA,281,1917-02-15,,
CRISTIAN,NA,FERRARO,NA,2719,2015-03-01,1978-05-22,
CRISTINA,NA,BURWOOD,NA,2733,2010-03-01,1972-04-20,
CRISTINA,NA,CORTONDO,NA,3260,2015-03-01,1971-05-19,
CRISTINA,NA,LUSTEMBERG,NA,2378,2020-02-15,1966-01-12,
CRISTINA,NA,LUSTENBERG,NA,2356,2015-02-15,1966-01-12,
CRISTOBAL,NA,CANO,NA,1589,NA,,
CRISTOBAL,NA,TIMON,NA,2204,NA,,
CYRO,NA,GIAMBRUNO,NA,621,1947-02-13,1898,
DAISY,NA,TORUNE,NA,2588,2007-03-08,1951-03-17,
DALILA,NA,CALVO,NA,3519,1994-11-27,,
DAMASO,NA,PANI,NA,3173,2015-03-01,1971-10-21,
DANIEL,M.,CAMPERO,NA,3345,2015-03-01,1968-03-15,
DANIEL,NA,BORRELLI,NA,2581,2004-03-16,1952-03-22,
DANIEL,NA,CAGGIANI,NA,2322,2020-02-15,1983-07-20,
DANIEL,NA,CARRERO,GONZALEZ,1606,NA,1950-10-14,
DANIEL,NA,DIBOT,NA,2974,2015-03-01,1964-01-18,
DANIEL,NA,GERHARD,NA,2371,2020-02-15,1988-07-08,
DANIEL,NA,GOLDMAN,NA,3462,2019-10-27,1977-09-06,
DANIEL,NA,GRONROS,NA,3322,2015-03-01,1983-01-14,
DANIEL,NA,LALINDE,,2848,2010-03-01,1956-06-24,
DANIEL,NA,MARSIGLIA,NA,1906,NA,1961-09-07,
DANIEL,NA,MAÑANA,NA,2427,2010-02-15,,
DANIEL,NA,OLESKER,NA,2306,2020-02-15,1952-08-23,
DANIEL,NA,ORDUSGOITY,NA,1968,NA,1961-10-14,
DANIEL,NA,PLACERES,NA,2307,2015-02-15,1965-11-18,
DANIEL,NA,RADIO,NA,2415,2015-02-15,1959-02-20,
DANIEL,NA,SALINAS,NA,2615,2020-03-01,1962-02-17,
DANIELA,NA,PAYSSE,NA,1992,NA,1946-10-17,
DANILO,NA,ASTORI,NA,130,2020-02-15,1940-04-23,
DANTE,NA,IRURTIA,NA,732,1995-02-15,1928-10-19,
DAOIZ,NA,LIBRAN,BONINO,793,1991-12-10,1923-02-18,
DARDO,NA,VILLAMIL,NA,2977,2010-03-01,1963-12-22,
DARIO,NA,BRUGMANN,NA,2994,2010-03-01,1955-04-14,
DAVID,NA,ORTEGO,NA,988,1997-12-02,1939-05-02,
DELFOS,NA,ROCHE,NA,2077,1962-11-25,1912-09-12,
DERLYS,NA,RUFINA,LEMOS,2107,NA,1952-08-02,
DIDIER,NA,OPERTTI,NA,2565,2000-03-01,1937-04-23,
DIEGO,NA,MURARA,NA,3065,2015-03-01,1987-11-13,
DIEGO,NA,RUETE,NA,3470,2019-10-27,1975-08-02,
DIEGO,NA,TRINDADE,NA,3304,2015-03-01,,
DIMAR,NA,LARROQUE,NA,1860,NA,1929-10-16,
DIONISIO,MIGUEL,BALBELA,NA,1481,NA,1897,1
DIONISIO,NA,RAMIS,NA,3641,1958-11-30,,
DOMINGO,NA,DEVOTTO,NA,1700,NA,1928-02-22,
DOMINGO,NA,MALADOTTE,NA,1899,NA,,
DOMINGO,NA,MOIZO,NA,3548,1966-11-27,,
DOMINGO,NA,PAUNESSE,NA,1026,1938-05-25,,
DONATO,NA,CARTOLANO,NA,299,1972-10-11,1900,1
DONATO,NA,GRIECCO,NA,669,1964-06-17,1930-04-08,
DONATO,NA,PECORA,NA,3872,1959-02-15,1884-11-18,
DONATO,NA,URQUHART,NA,1361,1951-02-15,,
DORA,NA,COCCARO,NA,1643,NA,1912,
DUILIO,NA,GRANDIROLI,NA,3569,1962-11-25,1930,1
DURMEN,M.,MENCHACA,NA,3268,2015-03-01,1964-12-31,
E.,MARIO,PEYROT,NA,3947,1971-08-28,1905,2
EBERT,NA,ROIBAL,NA,3300,2015-03-01,1971-08-16,
EDEN,MELO,SANTAMARINA,NA,2128,NA,1936-05-31,
EDGARD,NA,BELLOMO,NA,186,2000-02-15,1951-05-20,
EDGARD,NA,GUEDES,NA,677,1972-02-15,,
EDGARDO,NA,BUSCARONS,DOTTA,253,1952-10-13,1918,1
EDGARDO,NA,GENTA,NA,3628,1958-11-30,,
EDGARDO,NA,NOVICK,NA,3459,2019-10-27,1956-11-22,
EDGARDO,NA,ORTUÑO,NA,1972,NA,1970-06-10,
EDGARDO,NA,PRADO,NA,2040,2010-03-01,1937-04-25,
EDINSON,NA,ALDAO,NA,3134,2015-03-01,1976-05-13,
EDISON,NA,PERAZA,RIVERO,3393,2015-03-01,1949-03-07,
EDISON,NA,SANTESTEVAN,,3974,1985-02-15,1934-02-16,
EDISON,NA,SEDARRI,NA,1258,1995-02-15,1931,1
EDISON,NA,ZUNINI,NA,2287,NA,1918-11-04,
EDMUNDO,NA,CASTILLO,NA,311,1931-03-01,,
EDMUNDO,NA,ROSELLI,NA,2440,2015-02-15,1958-07-25,
EDMUNDO,NA,SISTO,NA,3823,1955-02-15,,
EDUARDO,B.,ANAYA,NA,62,1902-05-15,1855,2
EDUARDO,F.,GARRA,NA,612,1938-05-25,,
EDUARDO,J.,PASTOR,NA,3864,1963-02-15,,
EDUARDO,P.,BOTTINELLI,NA,234,1959-02-12,1902-09-18,
EDUARDO,S.,REY,NA,3651,1926-02-13,,
EDUARDO,NA,ARSUAGA,NA,1471,NA,,
EDUARDO,NA,ASHFIELD,NA,2875,2010-03-01,1952-11-30,
EDUARDO,NA,BACIGALUZ,NA,143,NA,,
EDUARDO,NA,BECCO,NA,1505,NA,1907-01-07,
EDUARDO,NA,BRENTA,NA,2600,2010-03-01,1959-02-08,
EDUARDO,NA,BUSOLLO,NA,3107,2015-03-01,1964-09-24,
EDUARDO,NA,CARZOGLIO,NA,2621,1985-03-01,,
EDUARDO,NA,CERNADA,NA,2688,2010-03-01,1941-11-15,
EDUARDO,NA,EVANGELISTA,NA,3490,2004-10-31,1955-03-05,
EDUARDO,NA,EYHERACHAR,NA,502,1947-02-15,,
EDUARDO,NA,FASCIOLO,SIRI,510,1938-06-06,1891,1
EDUARDO,NA,FAZZIO,NA,1735,NA,1938-01-06,
EDUARDO,NA,FLEITA,NA,3387,2015-03-01,1980-10-18,
EDUARDO,NA,GALAGORRI,NA,579,1967-02-15,1923-02-24,
EDUARDO,NA,GAYOSO,NA,2808,2010-03-01,,
EDUARDO,NA,GRAVINA,NA,3067,2015-03-01,1947-01-30,
EDUARDO,NA,LAY,ALVEZ,1866,NA,1939-03-30,
EDUARDO,NA,LORIER,NA,1889,2010-02-15,1952-09-10,
EDUARDO,NA,LUST,NA,2289,2020-02-15,1959-10-30,
EDUARDO,NA,MALAQUINA,NA,829,2001-02-15,1936-08-31,
EDUARDO,NA,MUGURUZA,NA,1945,NA,1940-09-28,
EDUARDO,NA,PACHIAROTTI,NA,3787,1949-06-11,1918-03-18,
EDUARDO,NA,PASCUAL,NA,1018,1963-02-15,,
EDUARDO,NA,PIAZZE,NA,3350,2015-03-01,1988-06-29,
EDUARDO,NA,PINAZZO,NA,3137,2015-03-01,1976-03-24,
EDUARDO,NA,RODINO,VARELA,2078,NA,1940-09-04,
EDUARDO,NA,TAPIE,SIMA,3417,2015-03-01,1956-06-10,
EDUARDO,NA,ULLOA,NA,3050,2015-03-01,1982-08-16,
EDWIN,NA,ARMSTRONG,BRUM,99,1968-02-15,1926,1
ELBIO,NA,GEYMONAT,NA,618,1963-02-15,1924-05-14,
ELBIO,NA,HERNAN,GODOY,3347,2015-03-01,1975-02-16,
ELENA,NA,PONTE,NA,2036,NA,1947-12-28,
ELIAS,NA,CROCCI,NA,3920,1963-02-15,1938-06-16,
ELIAS,NA,CROCI,NA,1658,NA,1938-06-16,
ELIAS,NA,YAFFALIAN,NA,3511,1994-11-27,1931-04-08,
ELIDO,NA,DELBONO,NA,3583,1962-11-25,1920-02-18,
ELISA,NA,DELLEPIANE,NA,1695,NA,1925-03-27,
ELISA,NA,MARSICANO,NA,844,1986-02-26,1950-06-15,
ELOINA,D.,LESTARPE,NA,2943,2010-03-01,1945-10-13,
ELSA,NA,CAPILLERA,NA,2299,2020-02-15,1971-05-15,
ELSEO,NA,MARZOL,NA,861,NA,,
ELSO,NA,DANDRAU,NA,2823,2010-03-01,1951-11-03,
EMILIA,NA,PANIZO,NA,3410,2015-03-01,1957-11-13,
EMILIO,A.,CATRUFO,NA,1625,NA,1909,1
EMILIO,L.,BESSONART,NA,4090,1932-02-23,1901,1
EMILIO,T.,LUCIANI,NA,3717,1926-10-02,1898-09-19,
EMILIO,W.,FALCONE,NA,3948,1967-02-15,,
EMILIO,NA,ABONDET,NA,2968,2010-03-01,1956-08-25,
EMILIO,NA,AVEGNO,NA,132,1911-02-15,,
EMILIO,NA,BARBAROUX,NA,1489,1916-09-04,1876,2
EMILIO,NA,BESSONART,NA,4090,1945-06-18,1901,
EMILIO,NA,BONNECARRERE,NA,223,1956-12-26,1905,2
EMILIO,NA,CALO,NA,267,1917-02-15,,
EMILIO,NA,FRUGONI,NA,567,1966-11-27,1880-03-30,
EMILIO,NA,ROLAND,NA,3709,1932-02-23,,
EMILIO,NA,SUSENA,NA,2192,NA,,
EMILIO,NA,ZUM,FELDE,1421,1920-03-26,1880,2
ENRIQUE,A.,CORNU,NA,357,1929-02-15,,
ENRIQUE,D.,DORIA,NA,457,1920-02-18,,
ENRIQUE,E.,POLLERO,NA,1089,1955-02-15,,
ENRIQUE,LUIS,TOMATTI,NA,1335,1967-02-15,,
ENRIQUE,O.,MAGNANI,NA,2531,1972-03-01,1908,2
ENRIQUE,NA,AREZO,NA,3059,2015-03-01,1978-05-15,
ENRIQUE,NA,BRAGA,NA,2553,1990-03-01,1934-03-18,
ENRIQUE,NA,CADENAS,BOIX,1578,NA,1938-05-09,
ENRIQUE,NA,CLAVEAUX,NA,2493,1947-03-01,1890-01-19,
ENRIQUE,NA,COMAS,NIN,349,1923-02-15,1882,1
ENRIQUE,NA,DE FUENTES,FUENTES,1684,NA,1928-03-18,
ENRIQUE,NA,ERRO,NA,479,1972-02-15,1912-09-14,
ENRIQUE,NA,HUGHES,NA,713,1938-05-25,1892-03-25,1
ENRIQUE,NA,PASTORINO,NA,1990,1966-11-27,1918-06-27,
ENRIQUE,NA,PINTADO,NA,1073,2010-03-01,1958-01-26,
ENRIQUE,NA,SANTIAS,NA,1231,1963-02-15,,
ENRIQUE,NA,TARIGO,NA,1320,1985-03-01,1927-09-15,
ENRIQUE,NA,VESCOBI,NA,2519,1967-03-01,1939,1
ENRIQUE,NA,VISPO,NA,3528,1989-11-26,,
ENZO,NA,BENECH,NA,2604,2018-01-15,1949-10-01,
ENZO,NA,MALAN,NA,2343,2020-02-15,1970-01-16,
EOFELIO,NA,DE DOVITTIS,DOVITTIS,403,1951-02-15,,
ERCILIA,NA,BOMIO,NA,1546,NA,1933-03-18,
ERNESTO,A.,CHOCA,NA,334,1969-10-30,1933-10-14,
ERNESTO,F.,PARAVIS,NA,4330,1951-02-15,,
ERNESTO,NA,AGAZZI,NA,13,2015-02-15,1942-09-04,
ERNESTO,NA,BAUZA,NA,175,1924-10-10,,
ERNESTO,NA,DE LOS CAMPOS,LOS CAMPOS,412,1914-02-15,,
ERNESTO,NA,DEHL,NA,430,2004-07-15,1961-03-06,
ERNESTO,NA,GALMES,NA,586,1925-05-15,,
ERNESTO,NA,MAC ALLISTER GREEN,ALLISTER GREEN,1893,NA,,
ERNESTO,NA,MURISSICH,NA,1948,NA,,
ERNESTO,NA,MURRO,NA,2607,2015-03-01,1951-01-20,
ERNESTO,NA,PARAVIS,NA,4330,1943-02-15,,
ERNESTO,NA,SALAVERRIA,NA,2760,2010-03-01,1956-02-28,
ERNESTO,NA,TALVI,NA,2614,2020-03-01,1957-06-10,
ESTEBAN,F.,CAMPAL,NA,4112,1959-02-15,1913,2
ESTEBAN,J.,TOSCANO,NA,1338,1923-02-01,,
ESTEBAN,NA,CAMPAL,NA,4112,1962-11-25,1913,2
ESTEBAN,NA,ELENA,NA,1715,1938-06-19,,
ESTEBAN,NA,LAZAGUE,NA,3660,1926-02-13,,
ESTEBAN,NA,PRESA,NA,3271,2015-03-01,1982-11-11,
ESTEBAN,NA,ROSTAGNOL,BEIN,1194,1962-11-25,1899-07-02,2
EUCLIDES,NA,GONCALVEZ,NA,642,1951-02-15,,
EUFEMIO,NA,BUENAFAMA,NA,1568,NA,,
EUFRASIO,NA,FERROU,NA,3891,1959-02-15,1900,1
EUGENIO,J.,LAGARMILLA,NA,4249,1920-03-03,1877,2
EUGENIO,T.,CAVIA,NA,316,1926-02-15,,
EUGENIO,NA,BAROFFIO,NA,1495,NA,1921-03-12,2
EUGENIO,NA,LAGARMILLA,NA,4249,1927-03-01,1877,
EUGENIO,NA,PETIT,NA,3368,2015-03-01,1959-03-01,
EUGENIO,NA,PINEDA,NA,1071,1963-02-14,,
EUSTAQUIO,NA,GIRAZ,NA,1793,NA,,
EUSTAQUIO,NA,SEREM,NA,1271,1972-12-20,,
EVELIN,NA,ARAMBARRI,NA,3295,2015-03-01,1980-07-08,
EXEQUIEL,NA,GARZON,NA,613,1938-05-21,,
FABIAN,NA,ARNEJO,NA,3402,2015-03-01,1981-11-18,
FABRICIO,NA,SINISCALCHI,NA,2168,2015-03-01,1983-05-22,
FANNY,NA,ARON,NA,1466,NA,1937-10-20,
FANNY,NA,PUYENSKY,NA,1121,1992-09-05,1939-07-23,
FANNY,NA,TRYLESINSKY,NA,2217,NA,1954-12-24,
FEBRINO,L.,VIANNA,NA,1389,1932-02-09,,
FEDERICO,P.,ARROSA,NA,116,1926-02-15,,
FEDERICO,NA,BABRERA,NA,2717,2010-03-01,1983-07-16,
FEDERICO,NA,CANFIELD,NA,277,1908-02-15,1886-11-25,1
FEDERICO,NA,CASARETTO,NA,306,2005-02-15,1968-11-13,
FEDERICO,NA,CERIANI,NA,2800,2010-03-01,,
FEDERICO,NA,FLEURQUIN,NA,544,1917-02-15,,
FEDERICO,NA,SLINGER,NA,2564,1995-03-01,1932,2
FEDERICO,NA,SOURMASTRE,NA,3629,1958-11-30,,
FEDERICO,NA,VIDIELLA,NA,2467,1916-11-27,1850-06-06,
FELIPE,NA,BRUSSONI,NA,1566,NA,1936-09-22,
FELIPE,NA,DE HAEDO HARLEY,HAEDO HARLEY,404,1990-02-15,1954-09-14,
FELIPE,NA,GOIRENA,NA,1797,NA,,
FELIPE,NA,LACUEVA,STIRLING,749,1902-02-15,1863,1
FELIPE,NA,SCHELOTTO,NA,1252,1917-02-15,,
FELIPE,NA,SCHIPANI,LARRAURI,4422,2015-03-01,1980-01-22,
FELIPE,NA,SCHIPANI,NA,4422,2020-02-15,1980-01-22,
FELIX,S.,MENDIA,NA,884,1919-07-23,,
FELIX,NA,BARTHAGARAY,NA,3621,1958-11-30,,
FELIX,NA,DE CARLOS PINTOS,CARLOS PINTOS,1682,NA,1922-09-03,
FELIX,NA,LAVIÑA,NA,1865,NA,,
FELIX,NA,LEIZAGOYEN,NA,3376,2015-03-01,1958-11-20,
FELIX,NA,POLLERI,NA,1088,1934-06-18,1878-07-31,
FERMIN,NA,HUERTAS,BERRO,711,1914-12-14,,
FERMIN,NA,SARMIENTO,NA,1244,1955-02-15,,
FERMIN,NA,SORHUETA,NA,2174,1963-02-15,,
FERNANDO,LUCAS,GAFREE,NA,575,1959-02-24,,
FERNANDO,NA,BARBACHAN,NA,2835,2010-03-01,1959-11-23,
FERNANDO,NA,CAROTTA,NA,3473,2019-06-30,1971-10-12,
FERNANDO,NA,CHAGAS,NA,1630,NA,,
FERNANDO,NA,CROSA,NA,1660,NA,,
FERNANDO,NA,ELICHIRIGOITY,NA,474,1972-02-15,1922,1
FERNANDO,NA,ETCHETTO,NA,1724,NA,,
FERNANDO,NA,FARINA,NA,2494,1949-07-02,,
FERNANDO,NA,LONGO,NA,797,2005-02-15,,
FERNANDO,NA,MELGAR,NA,2727,2015-03-01,1972-04-02,
FERNANDO,NA,OLAIZOLA,NA,2911,2010-03-01,1955-11-12,
FERNANDO,NA,QUARNETTI,NA,2045,NA,1957-09-14,
FERNANDO,NA,ROJAS,NA,1172,1989-01-01,,
FERNANDO,NA,SCRIGNA,NA,1255,NA,1958-03-26,
FERNANDO,NA,VISETTI,NA,1407,1955-02-15,,
FERREIRA,NA,DE VEGA,VEGA,3352,2015-03-01,1979-01-22,
FIDENCIO,NA,NUNES,RIBEIRO,960,1939-12-14,1898-03-20,
FITZGERALD,NA,CANTERO,NA,2393,2010-02-15,1978-01-31,
FLAVIA,NA,COELHO,NA,4024,2020-02-09,1978-02-19,
FLAVIO,NA,BUSCASSO,NA,2551,1989-10-25,1926-07-18,
FLOR,MARIA,LACUESTA,NA,1852,NA,,
FLORENCIO,NA,ARAGON,Y ETCHART,74,1923-02-15,1878-05-14,1
FLORENCIO,NA,CORE,NA,1649,1959-02-15,,
FRANCISCO,(H),FORTEZA,NA,4185,1989-07-28,1928,
FRANCISCO,ALBERTO,SCHINCA,NA,1253,1932-02-15,1893-03-09,
FRANCISCO,M.,CAPANO,NA,3935,1963-02-15,1918-01-16,
FRANCISCO,M.,UBILLOS,NA,4456,1972-12-28,1906,
FRANCISCO,MARIO,UBILLOS,NA,4456,NA,1906,
FRANCISCO,NA,ACCINELLI,GALVEZ,4036,1963-02-14,,
FRANCISCO,NA,ACCINELLI,NA,4036,1938-05-25,1872-04-07,
FRANCISCO,NA,BELTRAME,NA,2603,2012-06-14,1952-07-17,
FRANCISCO,NA,BETELU,NA,208,1943-02-15,,
FRANCISCO,NA,BUSTILLO,NA,254,2020-07-06,1960-04-01,
FRANCISCO,NA,CARUSO,NA,3570,1962-11-25,,
FRANCISCO,NA,FIORITO,NA,542,1902-02-15,,
FRANCISCO,NA,FORTEZA,NA,4185,1952-03-01,1892,
FRANCISCO,NA,GHIGLIANI,NA,619,1934-05-18,1883-06-07,2
FRANCISCO,NA,IMHOFF,NA,724,1920-02-15,1880-07-08,
FRANCISCO,NA,LAXALTE,NA,2864,2010-03-01,1937-05-18,
FRANCISCO,NA,LUCKY,NA,1891,NA,,
FRANCISCO,NA,MIRAMONTE,NA,906,1991-09-26,,
FRANCISCO,NA,OTTONELLI,NA,1977,NA,1931-05-29,
FRANCISCO,NA,PLATERO,NA,3064,2015-03-01,1953-11-06,
FRANCISCO,NA,SALAZAR,NA,2115,1959-02-15,,
FRANCISCO,NA,SANCHO,BARCELO,2124,NA,,
FRANCISCO,NA,UBILLOS,NA,4456,1958-11-30,,
FRANCISCO,NA,UGARTEMENDIA,NA,1355,1937-10-04,,
FRANCISCO,NA,YELPO,NA,3810,1955-02-15,,
FRANCO,GUILLERMO,SAGARRA,NA,1212,NA,,
FRANCO,NA,PASTORINI,NA,2948,2010-03-01,1986-03-17,
FRANKLIN,NA,BELVEDER,WILKINSON,3319,2015-03-01,1964-01-30,
FULGENCIO,P.,SENCION,NA,3715,1932-02-23,,
GABRIEL,NA,BARANDIARAN,NA,1488,NA,1958-08-21,
GABRIEL,NA,COURTOISIE,NA,374,1995-02-15,1957-02-06,
GABRIEL,NA,DAMBORIANA,NA,389,NA,,
GABRIEL,NA,DUCHE,NA,2868,2015-03-01,1963-08-11,
GABRIEL,NA,GIANOLLI,NA,2672,2010-03-01,1966-11-13,
GABRIEL,NA,GURMENDEZ,NA,2582,2004-07-15,1961-07-04,
GABRIEL,NA,OVIEDO,NA,3558,1966-11-27,,
GABRIEL,NA,TINAGLINI,NA,2364,2020-02-15,1969-10-11,
GABRIELA,NA,MINDEGUIA,NA,3131,2015-03-01,1967-12-26,
GASPAR,NA,AQUINO,NA,1461,NA,1909-07-04,
GASTON,NA,CALABUIG,NA,2729,2010-03-01,1980-08-30,
GASTON,NA,SILVERMAN,NA,2164,NA,1944-02-15,
GENARO,NA,MARMO,NA,2644,2010-03-01,1940-01-20,
GERARDO,J.,GASANIGA,NA,614,1951-02-15,,
GERARDO,NA,AMARILLA,NA,2417,2020-02-15,1969-02-01,
GERARDO,NA,AZAMBUYA,NA,3153,2015-03-01,1978-09-20,
GERARDO,NA,CUESTAS,NA,379,1967-02-15,1939-11-24,
GERARDO,NA,LLAGUNO,NA,1874,NA,1959-02-25,
GERARDO,NA,MARIOTT,NA,2757,2010-03-01,1968-11-05,
GERARDO,NA,TOVAGLIARI,NA,2211,NA,1957-08-13,
GERARDO,NA,TRIGO,NA,2215,NA,1961-04-30,
GERMAN,NA,COUTINHO,NA,2396,2020-02-15,1970-04-01,
GERMAN,NA,OLLER,NA,977,1985-02-15,,
GERMAN,NA,ROOSEN,NA,2094,NA,1861,1
GERVASIO,L.,GALARZA,NA,580,1929-05-30,,
GERVASIO,NA,CRESPO,NA,376,1963-02-15,1910-06-19,
GERVASIO,NA,DE POSADAS BELGRANO,POSADAS BELGRANO,2486,1939-11-15,1902-03-15,
GIORDANO,B.,ECCHER,NA,4156,1947-03-01,,
GIORDANO,NA,ECCHER,NA,4156,1943-02-15,,
GLADYS,NA,AMARILLO,NA,2939,2010-03-01,,
GLADYS,NA,SCARPONI,NA,1249,2004-03-09,1943-08-24,
GLORIA,NA,LASERRE,NA,3138,2015-03-01,1958-03-15,
GONZALO,NA,CIVILA,LOPEZ,4143,2015-02-15,1984-12-06,
GONZALO,NA,CIVILA,NA,4143,2020-02-15,1984-12-06,
GONZALO,NA,DE TORO,TORO,2348,2010-02-15,1950-06-08,
GONZALO,NA,GARDIL,NA,609,1954-06-22,,
GONZALO,NA,GERIBON,NA,3395,2015-03-01,1986-12-30,
GONZALO,NA,NOVALES,NA,958,2010-02-15,1943-05-30,
GONZALO,NA,PIANA,EFFINGER,1067,1996-05-23,1940-02-19,
GONZALO,NA,REBOLEDO,NA,2055,NA,1967-07-30,
GRACIANA,NA,BARBERO,NA,159,1972-02-15,1910,1
GRACIELA,NA,BARRUTE,NA,3330,2015-03-01,1968-05-21,
GRACIELA,NA,LOPATER,NA,3118,2015-03-01,1952-08-28,
GRACIELA,NA,MATIAUDE,NA,2388,2015-02-15,1957-03-14,
GRACIELA,NA,MUSLERA,NA,2601,2010-03-01,1963-04-14,
GRACIELA,NA,SAROBBA,NA,1245,NA,1958-06-17,
GREGORIO,NA,BARAÑANO,NA,153,1947-02-13,1885-05-09,
GREGORIO,NA,BERGERAU,NA,3882,1959-02-15,,
GUALBERTO,NA,DAMONTE,NA,392,1959-05-21,1913-11-09,
GUALBERTO,NA,HERNÀNDEZ,NA,3186,2015-03-01,,
GUIDO,NA,MICHELIN,SALOMON,1926,NA,,
GUILLERMO,NA,BAUSERO,NA,1503,NA,,
GUILLERMO,NA,BERNHARD,NA,3553,1966-11-27,1918,1
GUILLERMO,NA,BORDOLI,VALLEJO,1550,NA,1948-05-03,
GUILLERMO,NA,BURGEÑO,NA,2741,2010-03-01,,
GUILLERMO,NA,ECHEVERRI,NA,473,1938-05-25,,
GUILLERMO,NA,FACELLO,NA,2403,2015-02-15,1953-09-08,
GUILLERMO,NA,IPHARRAGUERRE,NA,1840,NA,1947-12-30,
GUILLERMO,NA,LEVRATTO,NA,4022,2020-02-07,1972-02-26,
GUILLERMO,NA,MONCECCI,NA,2605,2018-01-29,1972-07-13,
GUILLERMO,NA,NEWTON,NA,3804,1959-02-15,,
GUILLERMO,NA,PREGO,GANDOS,2041,NA,,
GUILLERMO,NA,RETAMOSO,NA,1148,1943-02-15,,
GUILLERMO,NA,RUPRECHT,NA,2112,1926-04-13,,
GUILLERMO,NA,STEWART,VARGAS,1309,1959-03-03,1901,
GUSTAVO,NA,BERNINI,NA,2310,2010-02-15,1958-09-29,
GUSTAVO,NA,BOQUETE,NA,3493,2004-06-27,1964-06-04,
GUSTAVO,NA,DOSETTI,NA,1706,NA,,
GUSTAVO,NA,FEBLES,NA,3133,2015-03-01,1964-07-05,
GUSTAVO,NA,FERRES,PACHECO,536,NA,1945-01-18,
GUSTAVO,NA,GUARINO,NA,676,2005-02-15,1951-06-08,
GUSTAVO,NA,LAPAZ,CORREA,3995,2001-02-15,1953-08-24,
GUSTAVO,NA,OLMOS,NA,2380,2020-02-15,,
GUSTAVO,NA,OSTA,NA,1975,NA,,
GUSTAVO,NA,PARDO,NA,1987,NA,1963-02-13,
GUSTAVO,NA,ROMBYS,NA,2331,2010-02-15,1961-04-04,
GUSTAVO,NA,SCAIOLA,NA,2758,2010-03-01,,
GUSTAVO,NA,SCARON,NA,2136,NA,1957-11-15,
GUSTAVO,NA,SCELZI,NA,2921,2010-03-01,1964-05-20,
GUSTAVO,NA,VALLES,NA,2724,2010-03-01,1967-01-02,
GUSTAVO,NA,ZUBIA,NA,2410,2020-02-15,1953-04-18,
GUZMAN,NA,PEDREIRA,NA,2372,2010-02-15,1979-10-11,
HEBER,NA,CAZARRE,NA,318,NA,1947-02-12,
HEBER,NA,DUQUE,NA,1710,NA,1955-01-26,
HEBER,NA,GATTO,NA,1787,NA,1939-07-16,
HEBER,NA,MENESES,NA,2837,2010-03-01,,
HEBER,NA,VIRE,FERRARI,2266,NA,1930-10-27,
HEBERT,NA,ANTONINI,NA,2369,2020-02-15,1965-12-22,
HEBERT,NA,MADERA,NA,3115,2015-03-01,1955-03-18,
HECTOR,A.,GELOS,NA,3908,1963-02-15,1918-04-04,
HECTOR,E.,SCALA,NA,3359,2015-03-01,1965-09-28,
HECTOR,MARTIN,STURLA,NA,1312,1990-02-15,1953-06-13,
HECTOR,R.,GIACOMETTI,NA,1790,NA,1942-07-28,
HECTOR,W.,ARGUELLO,NA,2702,2010-03-01,1955-08-01,
HECTOR,NA,ALZOGARAY,NA,48,1962-10-02,,
HECTOR,NA,BARON,ARENA,161,1985-02-15,1940-10-24,
HECTOR,NA,CURUCHET,NA,1671,1955-02-15,1931-08-20,
HECTOR,NA,GERONA,NA,2488,1943-03-01,1888-10-30,
HECTOR,NA,GIANOLI,NA,2455,2020-02-15,1966-11-13,
HECTOR,NA,GROS,ESPIELL,2555,1990-03-01,1926-09-17,
HECTOR,NA,JUAMBELTZ,NA,2774,2010-03-01,1947-01-20,
HECTOR,NA,LAGRAMILLA,NA,3630,1958-11-30,,
HECTOR,NA,LEIS,NA,3981,1995-02-15,1945-09-17,
HECTOR,NA,LESCANO,FRASCHINI,4255,NA,1948-02-13,
HECTOR,NA,LESCANO,NA,4255,2010-03-01,1948-02-13,
HECTOR,NA,LUCIAN,CANZANI,3885,1959-02-15,,
HECTOR,NA,LUISI,NA,1892,1967-03-01,1919-09-19,
HECTOR,NA,PAYSE,REYES,1993,NA,1903,2
HECTOR,NA,SEUANES,OLIVERA,1274,1929-05-30,,
HECTOR,NA,SODANO,NA,2294,2020-02-15,1983-10-25,
HECTOR,NA,TAJAM,NA,1318,2010-02-15,1947-09-22,
HECTOR,NA,ZINOLA,NA,2754,2010-03-01,1944-12-25,
HELIOS,NA,SARTHOU,NA,1246,1995-02-15,1926-05-07,
HENRY,NA,SUGO,NA,2191,NA,1953-07-18,
HERIBERTO,NA,MAGERI,NA,825,1969-12-15,,
HERNAN,NA,NAVASCUES,NA,2624,1990-03-01,1939-10-18,
HERNAN,NA,PUCURULL,TELECHEA,1115,1968-09-04,1935-01-10,
HERNAN,NA,PUCURULLL,NA,2620,1985-03-01,1935-01-10,
HILDA,NA,CODA,NA,1645,NA,1934-05-01,
HIPOLITO,DOMINGO,BORRALLO,NA,228,1957-02-26,,
HOLMES,NA,GALLEROS,NA,581,1967-02-15,1921-01-17,
HORACIO,A.,POLLA,NA,2034,NA,,
HORACIO,NA,BERDOU,NA,3698,1932-02-23,,
HORACIO,NA,DA SOUZA,SOUZA,3599,1962-11-25,1922-12-09,
HORACIO,NA,TAFERNABERRY,NA,1317,NA,1914,
HORACIO,NA,VACHELLI,NA,1364,1921-01-21,,
HORACIO,NA,YANES,NA,2274,2010-02-15,1960-12-09,
HUGO,A.,MEDICI,NA,2646,2010-03-01,1947-10-23,
HUGO,DANIEL,TEJEIRA,NA,3298,2015-03-01,1963-06-11,
HUGO,NA,ARELLANO,NA,3202,2015-03-01,,
HUGO,NA,BATALLA,NA,169,1995-03-01,1926-07-11,
HUGO,NA,CHIPARELLI,NA,2653,2010-03-01,1945-01-07,
HUGO,NA,CORES,NA,356,1990-02-15,1943-09-30,
HUGO,NA,CUADRADO,NA,1662,NA,,
HUGO,NA,DAVILA,NA,2304,2010-02-15,,
HUGO,NA,FAGET,NA,1729,NA,1955-07-28,
HUGO,NA,GIUPPONI,NA,1794,NA,1948-02-06,
HUGO,NA,GRANUCCI,NA,1814,NA,1955-09-14,
HUGO,NA,GROSSI,NA,3475,2019-06-30,1956-02-28,
HUGO,NA,GUSSONI,NA,1820,NA,,
HUGO,NA,HORNOS,NA,2956,2010-03-01,,
HUGO,NA,RECALT,NA,2647,2010-03-01,1941-10-28,
HUGO,NA,ROSETE,NA,2097,NA,1931-09-24,
HUMBERTO,NA,BELLORA,NA,1507,NA,1947-01-02,
HUMBERTO,NA,FRANGELLA,NA,3830,1955-02-15,1904-04-06,
HUMBERTO,NA,MAGLIO,NA,3779,1943-02-15,,
HUMBERTO,NA,PICA,FERRARI,1068,1995-02-15,1940-07-20,
HUMBERTO,NA,PITTAMIGLIO,NA,1086,1919-03-05,1887-11-28,
HUMBERTO,NA,RUOCCO,NA,2111,NA,1947-09-23,
IBERIO,NA,BALAY,NA,147,1955-02-15,,
IBRAHIN,NA,BLANCHET,NA,3418,2015-03-01,1957-05-04,
IGNACIO,C.,DE SIERRA,SIERRA,425,1914-02-15,,
IGNACIO,NA,CEBEY,NA,2891,2010-03-01,1972-09-26,
IGNACIO,NA,MONZON,NA,920,1971-10-14,1916-07-31,
ILDEFONSO,NA,SAGASTIVERRY,NA,3746,1932-02-23,,
ILDO,NA,PISANI,NA,2025,NA,,
INES,NA,MERCEDES,LONG,3343,2015-03-01,1962-03-19,
INOCENCIO,D.,SIRI,NA,3764,1938-06-19,,
IRINEU,NA,RIET,CORREA,3484,2009-06-28,1945-02-08,
ISAAC,NA,ALFIE,NA,30,2005-02-15,1962-04-27,
ISAIAS,NA,XIMENEZ,NA,1411,1932-02-15,,
ISIDORO,NA,CANOSA,NA,278,1916-06-17,,
ISIDORO,NA,ESCUDERO,NA,483,1917-02-15,,
ISIDORO,NA,LEIRANA,NA,781,1959-02-15,1902-12-05,1
ISIDORO,NA,VEJO,RODRIGUEZ,2510,1963-03-01,,
ISMAEL,L.,TRIAY,NA,1348,1951-02-15,1900-04-11,
ISMAEL,N.,ESQUIVEL,NA,487,1943-02-15,,
ISMAEL,NA,BENIA,ROVIRA,1513,NA,1887,1
ISMAEL,NA,CENI,NA,319,1963-02-15,1917-12-19,
ISMAEL,NA,VILLARREAL,NA,3401,2015-03-01,,
ISOLINA,NA,BRIOSSO,NA,240,1953-09-28,,
ITALO,EDUARDO,PEROTTI,NA,1061,1929-03-08,1883-07-27,
ITALO,NA,ALBANO,NA,3261,2015-03-01,1938-10-30,
ITALO,NA,BATELLO,NA,170,1963-01-07,,
ITALO,NA,SCOTTI,NA,2141,NA,,
IVANA,NA,SARACCHI,NA,2950,2010-03-01,1983-05-09,
IVONNE,NA,PASADA,NA,2350,2015-02-15,1956-04-04,
IVONNE,NA,PASSADA,NA,2339,2010-02-15,1956-04-04,
IVONNE,NA,QUEGLES,NA,3049,2015-03-01,1971-01-11,
J.,IGNACIO,AGOTI,J.,1439,NA,1944-04-08,
J.,OSCAR,GRIOT,J.,670,1930-06-02,1879,1
JACINTA,NA,CHIAPARA,NA,330,1994-12-20,1924-02-21,
JACINTO,M.,LAGUNA,NA,753,1908-11-10,,
JACKELINE,NA,DARDANO,NA,3012,2010-03-01,1968-03-02,
JACOBO,A.,GUELMAN,NA,4230,NA,,
JACOBO,NA,GUELMAN,NA,4230,1959-02-15,,
JAIME,NA,BAYLEY,NA,176,1955-02-14,,
JAIME,NA,EDELMAN,NA,2648,2010-03-01,1929-09-03,
JAIME,NA,GERSCHUNI,PEREZ,617,1990-02-15,1928-07-09,
JAIME,NA,IGORRA,NA,1837,NA,1939-07-08,
JASO,NA,ANCHORENA,NA,63,1973-06-26,,
JAVIER,NA,DE VIANA,VIANA,427,1923-02-15,1868-08-05,
JAVIER,NA,PETROCELLI,NA,3100,2015-03-01,1968-04-04,
JAVIER,NA,UTERMARK,NA,2960,2015-03-01,1976-07-13,
JENARO,NA,GILBERT,NA,626,1923-02-15,,
JESUS,NA,BENTANCUR,NA,2815,2019-07-01,,
JESUS,NA,CENANDES,NA,3001,2010-03-01,,
JESUS,NA,CUADRO,NA,2887,2010-03-01,1959-03-28,
JESUS,NA,CUADROS,NA,3280,2015-03-01,1959-03-28,
JESUS,NA,LABORDA,GUIMARAENS,1851,NA,1931-03-07,
JOAQUIN,D.,FAJARDO,NA,504,1917-02-15,,
JOAQUIN,NA,BALTAR,NA,151,1934-07-02,,
JOAQUIN,NA,SILVAN,FERNANDEZ,1282,1902-02-15,,
JONHY,NA,FINOZZI,NA,3301,2015-03-01,1966-08-30,
JORGE,(8),GANDINI,NA,4192,2020-02-15,1958-03-05,
JORGE,ARIEL,URCELAY,NA,4457,2015-03-01,1948-12-15,
JORGE,DANIEL,CERDEÑA,CARDARELLO,3994,1995-02-15,1943-05-01,
JORGE,EUGENIO,REYNA,GEREMIAS,4014,2020-02-09,1979-02-14,
JORGE,W.,LARRANAGA,NA,2613,2020-03-01,1956-08-08,
JORGE,W.,LARRAÑAGA,NA,4254,2015-02-15,1956-08-08,
JORGE,NA,ACUA,NA,1437,NA,,
JORGE,NA,ALVEAR,NA,2394,2020-02-15,1963-05-17,
JORGE,NA,BALIAS,BARBAGELATA,148,1988-12-13,,
JORGE,NA,BARBOT,POU,160,1972-02-14,1921,1
JORGE,NA,BARRERA,NA,166,2000-02-15,1968-05-11,
JORGE,NA,BASTOS,NA,2903,2010-03-01,,
JORGE,NA,BERNANDO,NA,3221,2015-03-01,,
JORGE,NA,BOERR,NA,1544,NA,1937-07-08,
JORGE,NA,BORLANDELLI,NA,3491,2004-10-31,1956-01-11,
JORGE,NA,BROVETTO,NA,2585,2005-03-01,1933-02-14,
JORGE,NA,BRUNI,NA,2593,2009-06-12,,
JORGE,NA,CAMPOMAR,NA,1585,NA,,
JORGE,NA,CHAPPER,NA,323,2000-02-15,1947-11-15,
JORGE,NA,COLL,NA,344,1995-02-15,,
JORGE,NA,CUROTTO,NA,3495,2004-06-27,1966-06-07,
JORGE,NA,FIRPO,NA,2958,2015-03-01,,
JORGE,NA,GANDINI,NA,4192,2015-02-15,1958-03-05,
JORGE,NA,HERRAN,NA,2483,1935-03-19,1897-02-05,
JORGE,NA,HUNTER,NA,714,1995-02-15,1941-10-21,
JORGE,NA,IRISITY,NA,1843,NA,1930-06-22,
JORGE,NA,LARRAÑAGA,NA,4254,2019-06-30,1956-08-08,
JORGE,NA,LEIRANES,NA,782,1996-05-03,1948-06-05,
JORGE,NA,LEPRA,NA,2586,2005-03-01,1942-09-04,
JORGE,NA,LOCATELLI,NA,795,1971-07-22,1921-07-03,
JORGE,NA,MAZZAROVICH,NA,871,2000-07-05,1943-11-28,
JORGE,NA,MIRABAL,NA,2715,2010-03-01,,
JORGE,NA,ORRICO,NA,986,2010-02-15,1946-10-25,
JORGE,NA,PANDOLFO,NA,1984,NA,1945-07-31,
JORGE,NA,PATRITTI,NA,3474,2019-06-30,1950-10-04,
JORGE,NA,PATRONE,NA,1991,NA,,
JORGE,NA,PEIRANO,FACIO,2522,1970-04-02,1920-09-08,
JORGE,NA,PERROU,NA,2016,NA,1933-12-04,
JORGE,NA,POZZI,NA,1108,2010-02-15,1957-04-07,
JORGE,NA,PRESNO,NA,2540,1986-04-02,1929-08-26,
JORGE,NA,QUARTINO,NA,2046,NA,1944-11-23,
JORGE,NA,SACHI,NA,1210,NA,,
JORGE,NA,SAPELLI,NA,1234,1972-03-01,1926-03-08,
JORGE,NA,SCHUSMAN,NA,2140,2010-03-01,1963-04-22,
JORGE,NA,TOCCO,NA,1331,1993-09-08,1962-02-01,
JORGE,NA,URCELAY,MOREIRA,4457,NA,1948-12-15,
JORGE,NA,ZAS,FERNANDEZ,2281,NA,1949-04-23,
JOSE,(H),SERRATO,NA,4425,1968-05-03,,
JOSE,A.,ACQUISTAPACE,NA,4039,1954-02-16,1930-11-05,
JOSE,A.,BARRIO,NA,1497,NA,,
JOSE,A.,CAPPOZOLI,NA,282,1943-02-15,1887,1
JOSE,A.,OTAMENDI,NA,4327,1959-02-15,,
JOSE,A.,SANTIN,NA,3927,1963-02-15,,
JOSE,ANTONIO,QUADROS,NA,1122,1951-02-15,,
JOSE,CARLOS,MAHIA,NA,4270,2020-02-15,1966-08-08,
JOSE,D.,MAUTONE,NA,3740,1932-02-23,1896,2
JOSE,E.,ESTEFAN,NA,3077,2015-03-01,1961-12-23,
JOSE,ENRIQUE,RODO,NA,2079,NA,1871-07-15,
JOSE,EUGENIO,ODINI,NA,1962,NA,,
JOSE,F.,BAZZI,PIQUINELA,179,1972-12-01,1933-01-25,
JOSE,FRANCISCO,YURRAMENDI,PEREZ,4471,2015-02-15,1981-12-25,
JOSE,IGNACIO,KORZENIAK,NA,4247,2015-03-01,1959-06-12,
JOSE,LUIS,BAENA,NA,146,1902-02-08,1855-04-17,1
JOSE,LUIS,BLASINA,NA,213,2005-02-15,1937-05-01,
JOSE,LUIS,DEVITTA,NA,2752,2010-03-01,1955-02-15,
JOSE,LUIS,DIEZ,NA,3247,2015-03-01,,
JOSE,LUIS,GUNTIN,NA,1819,NA,1952-09-21,
JOSE,LUIS,LANGORTA,LANGORTA,3437,2015-03-01,1953-10-08,
JOSE,LUIS,OVALLE,NA,1978,1994-06-20,1953-02-07,
JOSE,LUIS,REDES,REDES,2711,2010-03-01,1956-08-27,
JOSE,LUIS,URRETA,NA,2226,NA,1943-04-01,
JOSE,LUIS,VEIGA,NA,2240,NA,,
JOSE,M.,AYUB,NA,135,1961-12-12,,
JOSE,M.,MENY,NA,889,1966-10-04,1914-11-27,
JOSE,MA.,LABANDERA,NA,2530,1972-02-10,,
JOSE,MANUEL,URRABURU,NA,2225,1972-06-09,,
JOSE,MARIA,BAZZURRO,NA,178,NA,,
JOSE,MARIA,ESPERANZA,NA,1721,NA,,
JOSE,MARIA,GALO,NA,587,1989-10-11,1929-01-01,
JOSE,MARIA,PECOCHE,NA,3652,1926-02-13,,
JOSE,MARIA,SIQUIERA,NA,3961,1905-05-26,,
JOSE,MARIA,SPERANZA,NA,2184,NA,,
JOSE,MARIA,TARABAL,NA,2193,NA,,
JOSE,MARIO,ORLANDO,DACAL,2626,1995-03-01,1933-07-31,
JOSE,P.,TURENA,NA,4455,1926-02-13,1872,1
JOSE,PEDRO,ALAGGIA,NA,23,1934-06-18,1887-04-16,2
JOSE,PEDRO,BAGATTINI,NA,1480,NA,,
JOSE,PEDRO,LAFITTE,NA,1854,NA,,
JOSE,PEDRO,LAMEK,NA,756,1963-12-03,1908-02-08,
JOSE,PEDRO,TURENA,NA,4455,NA,,
JOSE,QUINTIN,OLANO,LLANO,969,2005-02-15,1964-08-09,
JOSE,RAUL,BUSTOS,NA,2568,1997-03-18,1944-04-10,
JOSE,RODOLFO,AMARGOS,NA,49,1926-02-09,,
JOSE,V.,CARVALLIDO,NA,302,1917-02-15,,
JOSE,V.,RUIBAL,NA,1204,1943-02-15,,
JOSE,NA,ACQUISTAPACE,NA,4039,1962-11-25,,
JOSE,NA,AMY,NA,2399,2010-02-15,1967-11-03,
JOSE,NA,AQUISTAPACE,NA,3822,1955-02-15,,
JOSE,NA,ASTIGARRAGA,NA,127,1914-02-09,,
JOSE,NA,BALBO,NA,1483,NA,1951-11-19,
JOSE,NA,BAYARDI,NA,1504,2019-04-08,1955-06-30,
JOSE,NA,BENELLI,NA,3896,1963-02-15,,
JOSE,NA,BOVE,ARTEAGA,236,1963-02-15,1898-09-11,
JOSE,NA,CATELOTTI,NA,3318,2015-03-01,1950-08-19,
JOSE,NA,CERCHIARO,SAN JUAN,320,1985-02-15,,
JOSE,NA,CLAVELI,NA,3079,2015-03-01,1934-01-22,1968-10-16
JOSE,NA,DE TORRES WILSON,TORRES WILSON,426,1992-05-19,1931-09-03,
JOSE,NA,EDUARDO,LUCAS ,3259,2015-03-01,1969-12-26,
JOSE,NA,EMALDI,NA,2679,2010-03-01,1943-12-05,
JOSE,NA,ENTENZA,NA,3704,1926-10-02,,
JOSE,NA,ESTEBAN,Y ARMAS,489,1932-01-08,,
JOSE,NA,FIDENCIO,GONZALEZ,3226,2015-03-01,1972-12-15,
JOSE,NA,FOLADORI,NA,547,1918-07-13,,
JOSE,NA,FUQUES,NA,3697,1932-02-23,,
JOSE,NA,GARAZZA,NA,1777,NA,,
JOSE,NA,GARCHITORENA,NA,2638,2015-03-01,1965-09-17,
JOSE,NA,GONDOLVEO,NA,2701,2010-03-01,1959-02-18,
JOSE,NA,HUALDE,NA,1835,NA,1926-01-02,
JOSE,NA,INFANTOZZI,NA,726,1917-02-15,1881-12-28,
JOSE,NA,IPARRAGUERRE,NA,3657,1926-02-13,,
JOSE,NA,ITUO,NA,1845,NA,,
JOSE,NA,KORZENIAK,NA,4247,2000-02-15,1933-02-13,
JOSE,NA,LACHAISE,NA,2895,2015-03-01,1956-04-08,
JOSE,NA,LAZARRAGA,NA,772,1932-02-15,1887-08-27,2
JOSE,NA,LOSADA,NA,809,1990-02-15,,
JOSE,NA,LUIS,NUÑEZ,3411,2015-03-01,,
JOSE,NA,MAHIA,NA,4270,2005-02-15,,
JOSE,NA,MANGINELLI,NA,3633,1958-11-30,,
JOSE,NA,MARTIRENE,NA,3625,1958-11-30,1868-02-18,
JOSE,NA,MENDY,BRUM,886,1959-02-15,1915,1
JOSE,NA,OTAMENDI,H,4327,1935-03-14,,
JOSE,NA,OTAMENDI,NA,4327,1934-05-18,,
JOSE,NA,PITETTA,NA,2027,NA,,
JOSE,NA,PORLEY,NA,2037,NA,,
JOSE,NA,REQUENA,Y GARCIA,1146,1904-03-12,,
JOSE,NA,RIAGNO,ALONZO,2064,NA,,
JOSE,NA,ROMEU,NA,1174,1911-03-04,1851,
JOSE,NA,RUBINO,NA,1197,1960-12-13,,
JOSE,NA,SERRATO,NA,4425,1943-03-01,,
JOSE,NA,SERVETTO,,2854,2010-03-01,1963-04-13,
JOSE,NA,VARESSE,NA,1371,1967-03-08,,
JOSE,NA,VEROCAY,NA,3776,1943-02-15,,
JOSE,NA,YURRAMENDI,NA,4471,NA,1981-12-25,
JOSE,NA,ZAPATA,NA,2280,NA,,
JUAN,A.,DE LUIS,LUIS,415,1929-03-08,,
JUAN,A.,LORENZI,NA,4265,1950-11-23,,
JUAN,A.,MARRA,NA,1905,NA,,
JUAN,A.,OLALDE,NA,968,1923-02-15,,
JUAN,A.,OXACELHAY,NA,1979,NA,1921-01-03,
JUAN,A.,SMITH,NA,1292,1902-02-15,,
JUAN,A.,STELLA,NA,3672,1926-02-13,,
JUAN,A.,TONS,NA,2705,2010-03-01,,
JUAN,ADOLFO,SINGER,NA,1291,2005-02-15,1935-09-23,
JUAN,ANDRES,CACHON,NA,262,1922-03-22,,
JUAN,ANGEL,LORENZI,NA,4265,1947-02-15,,
JUAN,ANTONIO,CHIRUCHI,NA,4141,2010-02-15,1947-10-21,
JUAN,B.,CARBALLA,NA,287,1948-05-03,,
JUAN,B.,MAGLIA,NA,3743,1932-02-23,,
JUAN,B.,SERVENTE,NA,1273,NA,,
JUAN,C.,GALLAZTEGUI,NA,3364,2015-03-01,1954-09-02,
JUAN,C.,LAPREBENDERE,NA,2890,2010-03-01,1953-07-23,
JUAN,C.,SIAZARO,NA,2157,NA,1939-02-21,
JUAN,C.,SOUZA,NA,1305,2010-02-15,,
JUAN,CARLOS,ANFUSSO,NA,68,1947-05-12,,
JUAN,CARLOS,ARRIETA,NA,113,1932-02-25,,
JUAN,CARLOS,BAYETO,NA,2812,2010-03-01,1942-02-27,
JUAN,CARLOS,CROCE,NA,1659,NA,,
JUAN,CARLOS,FA,ROBAINA,1726,NA,1925-06-24,
JUAN,CARLOS,FUREST,NA,570,1990-03-01,,
JUAN,CARLOS,FURLATI,NA,1768,NA,,
JUAN,CARLOS,LANGUELAN,NA,2784,2010-03-01,1937-09-28,
JUAN,CARLOS,MASTALLI,NA,1914,NA,,
JUAN,CARLOS,PRAVIA,NA,1109,1964-09-22,1900,1
JUAN,CARLOS,RIPOLL,NA,3883,1959-02-15,,
JUAN,CARLOS,SCHAURICHT,NA,1251,1951-02-15,1905-10-29,1
JUAN,DIOS,DEVICENZI,NA,444,1905-03-14,1860,1
JUAN,E.,VINCON,NA,3360,2015-03-01,1951-03-10,
JUAN,ENRIQUE,LLOVET,NA,3617,1958-11-30,1913,1
JUAN,F.,LACOSTE,NA,747,1905-02-15,,
JUAN,F.,OLDAN,NA,970,NA,,
JUAN,FRANCISCO,GIACHETTO,NA,4002,NA,1951-08-22,
JUAN,G.,ALZAMORA,NA,47,1932-02-15,,
JUAN,G.,BUELA,NA,249,1904-09-06,,
JUAN,G.,SALORIO,NA,3706,1932-02-23,,
JUAN,H.,SPERA,NA,1307,1959-10-08,1905-09-09,1
JUAN,J.,CUENCA,Y LAMAS,378,1932-01-08,1887-05-19,
JUAN,JOSE,ALEJANDRO,NA,29,1985-02-15,1932-06-10,
JUAN,JOSE,AMEZAGA,NA,3448,1943-03-01,1881-01-28,
JUAN,JOSE,AVELLANAL,NA,1476,NA,,
JUAN,JOSE,CROTTOGINI,NA,3541,1971-11-28,1908-05-27,
JUAN,JOSE,DE AMEZAGA,AMEZAGA,394,1915-03-02,1881-01-28,
JUAN,JOSE,DE BOISMENU,BOISMENU,1680,NA,,
JUAN,JOSE,GARI,NA,3561,1962-11-25,1903-03-20,
JUAN,JOSE,SCHMERSOW,NA,2139,NA,,
JUAN,LUIS,QUINTELA,NA,3898,1959-02-15,1925-01-09,
JUAN,M.,AUBRIOT,NA,131,1917-02-15,1876,2
JUAN,M.,CASCO,NA,3691,1926-02-13,,
JUAN,M.,TOSCANI,NA,2765,2010-03-01,1949-12-16,
JUAN,MANUEL,GARINO,NA,2392,2010-02-15,1981-12-15,
JUAN,MARIA,ECHEVARRITO,NA,472,1902-02-15,,
JUAN,MARIO,DELGUE,NA,436,1967-02-15,1915-05-08,
JUAN,P.,BESSIO,NA,1533,NA,,
JUAN,P.,RIBAS,NA,4371,1955-03-01,1895,2
JUAN,PABLO,LAVAGNINI,NA,771,1923-02-15,1879-06-30,1
JUAN,PEDRO,FORNE,NA,554,1990-06-05,1947-06-08,
JUAN,PEDRO,SEHABIAGA,NA,2148,NA,1948-06-24,
JUAN,R.,IRISA,NA,3732,1932-02-23,,
JUAN,T.,QUILICI,NA,1126,1952-03-01,,
JUAN,VICENTE,ALGORTA,NA,1446,NA,1875,1
JUAN,VICENTE,CHIARINO,NA,1634,1985-03-01,1901-12-25,
JUAN,VITAL,ANDRADA,NA,3504,1994-11-27,1932-11-12,
JUAN,NA,ALIMUNDI,NA,32,1904-02-23,,
JUAN,NA,BARGES,NA,1494,NA,,
JUAN,NA,BERNAZZA,Y JEREZ,2464,1911-03-04,,
JUAN,NA,BLENGIO,ROCA,4096,1911-02-15,,
JUAN,NA,BLENGIO,ROCCA,4096,1911-03-04,,
JUAN,NA,BOLOGNA,NA,2661,2015-03-01,1959-05-25,
JUAN,NA,CABALEIRO,NA,3601,1962-11-25,,
JUAN,NA,CAMPISTEGUY,NA,271,1927-03-01,1859-09-07,
JUAN,NA,CHENLO,NA,327,1972-02-15,1944-11-21,
JUAN,NA,CHIRUCHI,NA,4141,1995-03-01,1947-10-21,
JUAN,NA,CLADERA,NA,1641,NA,1953-08-14,
JUAN,NA,COIMBRA,NA,2660,2010-03-01,,
JUAN,NA,CURUTCHET,NA,3962,1905-05-29,,
JUAN,NA,ESCAYOLA,NA,3720,1932-02-23,1871-12-05,
JUAN,NA,GELIO,SALORIO,3656,1926-02-13,,
JUAN,NA,HIRIART,NA,3674,1926-02-13,,
JUAN,NA,LABAT,NA,744,1929-02-15,,
JUAN,NA,LACA,NA,2941,2015-03-01,1954-10-04,
JUAN,NA,LAMOLLE,NA,2460,1907-12-02,1876,1
JUAN,NA,LANCIERI,NA,757,NA,1949-11-12,
JUAN,NA,LARREGUY,ARISTIA,765,1957-06-10,,
JUAN,NA,MARTICORENA,NA,1907,NA,1964-10-12,
JUAN,NA,MASPOLI,BIANCHI,4298,2000-02-15,1960-05-14,
JUAN,NA,MASPOLI,NA,4298,2015-03-01,1960-05-14,
JUAN,NA,MAZA,NA,870,1902-02-08,,
JUAN,NA,NOTARO,NA,1956,2000-02-14,1940-05-17,
JUAN,NA,ORLICH,NA,1971,NA,1921-09-26,
JUAN,NA,PALADINO,NA,1006,1926-09-15,,
JUAN,NA,PEDRO,ACUÑA,3278,2015-03-01,,
JUAN,NA,POL,SAIZAR,2033,NA,1901-11-08,2
JUAN,NA,RIBAS,NA,4371,1971-11-28,,
JUAN,NA,SAMACOITZ,NA,1222,1917-02-15,1859,1
JUAN,NA,SARTORI,NA,2444,2020-02-15,1981-02-06,
JULIA,NA,AREVALO,DE ROCHE,88,1947-02-15,1898-07-01,
JULIAN,NA,DE LA HOZ,LA HOZ,2462,1909-09-18,1879-06-17,
JULIAN,NA,REDIN,NA,3725,1926-10-02,,
JULIO,A.,ROLETTI,NA,2487,1940-02-27,1882-04-24,
JULIO,C.,REOLON,NA,3227,2015-03-01,1973-12-14,
JULIO,CESAR,ESTOL,NA,493,1938-06-01,1889-04-06,
JULIO,CESAR,ESTRELLA,NA,4164,1955-03-01,1906,2
JULIO,CESAR,MEDICA,NA,1917,NA,,
JULIO,CESAR,VIGNALE,NA,2258,NA,1902-12-22,1
JULIO,V.,CHIFLET,NA,3735,1926-10-02,1894-03-23,1
JULIO,V.,ITURBIDE,NA,735,1943-02-15,1900-12-30,2
JULIO,NA,AICARDI,NA,3637,1958-11-30,,
JULIO,NA,BANGO,NA,2318,2010-02-15,1962-09-10,
JULIO,NA,BARDALLO,NA,1493,NA,,
JULIO,NA,BATTISTONI,NA,2336,2015-02-15,1945-01-02,
JULIO,NA,BONNET,NA,224,1932-02-09,,
JULIO,NA,BRUNEREAU,NA,3757,1942-06-01,,
JULIO,NA,CATALA,MOYANO,1623,NA,,
JULIO,NA,CESAR,FRATTI,2878,2010-03-01,1966-05-23,
JULIO,NA,ESTABLE,NA,488,1993-09-20,1948-01-13,
JULIO,NA,ESTRELLA,NA,4164,1958-11-30,,
JULIO,NA,FORNARO,NA,1764,1963-02-15,,
JULIO,NA,GAVARONE,NA,1788,NA,1936-03-23,
JULIO,NA,GHIRARDI,NA,3013,2010-03-01,1936-12-07,
JULIO,NA,GRENNO,NA,668,1995-03-25,1937-11-11,
JULIO,NA,GUIDA,NA,683,1995-07-24,1928-12-10,
JULIO,NA,HUGALDE,NA,712,1955-02-15,,
JULIO,NA,LACARTE,MURO,2516,1967-03-01,1918-03-29,
JULIO,NA,MAIMO,QUINTELA,828,1985-02-15,,
JULIO,NA,MURO,H,941,1908-02-15,,
JULIO,NA,OLIVAR,CABRERA,1967,NA,1934-08-24,
JULIO,NA,PIEDEFERRI,NA,3721,1932-02-23,1887-03-18,1
JULIO,NA,SAETTONE,NA,1211,NA,1929-01-04,
JULIO,NA,SANT´ANNA,NA,2902,2010-03-01,1955-09-28,
JULIO,NA,TABEIRA,NA,2842,2010-03-01,,
JULIO,NA,VARONA,NA,2234,NA,1942-07-29,
JULIO,NA,VIEYTES,NA,2256,NA,,
JUSTINO,NA,CARRERE,FERBER,4125,NA,1961-01-06,
JUSTINO,NA,CARRERE,SAPRIZA,4125,1967-03-01,1919,2
JUSTINO,NA,ZABALA,MUNIZ,2276,NA,1898-06-16,
JUSTO,R.,PELAYO,NA,1030,1917-02-18,,
JUSTO,NA,CALCINARDI,NA,3711,1932-02-23,,
JUSTO,NA,TOURN,NA,3771,1943-02-15,,
JUVENAL,NA,VIGO,NA,1401,1938-05-25,,
LAURA,NA,ALBERTINI,NA,1442,NA,1953-05-13,
LAURO,H.,TARAN,NA,2195,NA,1914-09-19,
LAURO,NA,SOCORRO,NA,2171,NA,,
LEAN,NA,BRIN,NA,239,1920-02-15,,
LEAN,NA,LEV,NA,1871,NA,1944-07-28,
LEANDRO,NA,D´ANDREA,NA,2802,2015-03-01,1949-11-18,
LEDO,NA,ARROYO,TORRES,1470,1963-02-15,1894-02-04,
LEIVA,NA,GULARTE,NA,3597,1962-11-25,,
LEONARDO,NA,NICOLINI,NA,1953,NA,1960-03-22,
LEONARDO,NA,TUSO,NA,2219,NA,1902,1
LEONCIO,NA,MONGE,NA,915,1920-02-15,,
LEOPOLDO,ENRIQUE,ANDREOLI,NA,65,1932-02-09,,
LEOPOLDO,NA,BRUERA,NA,243,1990-02-15,,
LEOPOLDO,NA,HIRSCHY,NA,3351,2015-03-01,1952-11-13,
LEOPOLDO,NA,PIGNATARO,NA,2020,NA,1913-02-15,
LETICIA,NA,MURDOCCO,NA,2712,2010-03-01,1952-02-03,
LIBER,NA,SEREGNI,NA,3526,1989-11-26,1916-12-13,
LIBER,NA,TROITIÑO,NA,1350,1938-05-25,,
LIBORIO,NA,IRISARRI,NA,731,1929-05-30,,
LIDIA,NA,CURI,NA,1670,NA,1928-11-22,
LILIAM,NA,KECHICHIAN,NA,2385,2020-02-15,1952-03-02,
LILIAN,E.,PIÑA,NA,2674,2010-03-01,1954-06-01,
LIZARDO,NA,CALLEROS,GUICHON,265,1939-09-18,,
LORENA,NA,LUJAMBIO,NA,2770,2010-03-01,1975-03-04,
LORENZO,NA,BOZZO,NA,1559,1932-02-23,,
LORENZO,NA,GOYETCHE,NA,3703,1926-10-02,,
LORENZO,NA,PALLES,NA,1982,NA,1932-02-25,
LORENZO,NA,VICENS,THIEVENT,1390,1923-03-01,1889-06-18,
LUCIA,NA,TOPOLANSKY,NA,2209,2020-02-15,1944-09-25,
LUCIANO,NA,OBALDIA,GOYENECHE,963,1949-03-15,1897,1
LUCIO,NA,MALMIERCA,NA,833,1938-05-25,1895-11-09,
LUIS,A.,ALBERRO,NA,3356,2015-03-01,1947-04-07,
LUIS,A.,BOLLA,NA,215,1995-02-15,1935-02-28,
LUIS,A.,MONTOSSI,NA,3857,1959-02-15,,
LUIS,A.,RE,PEREIRA,1144,1970-07-13,,
LUIS,A.,SARDO,NA,1243,1961-06-06,,
LUIS,A.,SENATORE,NA,2153,NA,1950-12-08,
LUIS,ALBERTO,CARRESE,NA,1607,NA,1915-06-09,
LUIS,ALBERTO,CARRESSE,NA,3816,1955-02-15,1915-06-09,
LUIS,ALBERTO,DE HERRERA,HERRERA,405,1955-03-01,1873-07-22,
LUIS,ALBERTO,NUNEZ,NA,2627,1990-03-01,1931-03-14,
LUIS,ALBERTO,ZANZI,NA,1415,1932-02-15,1881-03-27,1
LUIS,BERNARDO,POZZOLO,NA,2039,NA,1933-01-16,
LUIS,C.,CAVIGLIA,NA,1627,1924-11-07,1874-11-04,
LUIS,EDUARDO,JUAN,NA,740,1995-02-15,1927-03-30,
LUIS,FELIPE,GAMIO,NA,1776,NA,1902-05-01,
LUIS,I.,ORDEIG,NA,4325,1955-02-15,,
LUIS,IGNACIO,ORDEIG,NA,4325,1963-02-15,,
LUIS,J.,DENTONE,NA,441,1947-05-06,,
LUIS,J.,SUPERVIELLE,NA,1315,1920-02-15,1879-11-06,
LUIS,M.,GUARNASCHELLI,NA,3824,1955-02-15,1921-10-18,
LUIS,MARIA,ABOAL,NA,5,1972-12-12,1937-06-01,
LUIS,MARIA,DE MULA,MULA,1688,NA,,
LUIS,MARIA,GIAMBERINI,NA,620,1972-02-15,1932-08-24,
LUIS,MARIA,NAN,SAULEDA,943,1986-03-05,1943-09-16,
LUIS,MARIA,SARASUA,NA,1238,1990-02-16,1930,1
LUIS,OMAR,ELISBURU,NA,1716,NA,1935-05-05,
LUIS,PEDRO,BONAVITA,NA,217,1967-02-15,1903,1
LUIS,PEDRO,DESTEFANIS,NA,442,1943-02-15,1906,1
LUIS,ROQUE,DICONO,NA,3941,1967-02-15,,
LUIS,SERGIO,BOTANA,NA,233,NA,,
LUIS,VICTOR,SEMINO,NA,1267,1934-05-18,1903,
LUIS,NA,ALBERTO,ZIMINOV,3333,2015-03-01,1950-03-28,
LUIS,NA,ALMAGRO,NA,2315,2015-02-15,1963-06-01,
LUIS,NA,ANDRIOLO,NA,66,1995-02-15,1941-07-17,
LUIS,NA,AOSTALLI,MONTALDO,3658,1926-02-13,1885-09-06,
LUIS,NA,ARAMBURO,NA,2922,2010-03-01,1954-03-20,
LUIS,NA,BARRIOLA,NA,3954,1972-02-15,1909-11-26,
LUIS,NA,BONASSO,NA,216,1903-02-11,,
LUIS,NA,BORJAS,NA,1552,NA,,
LUIS,NA,BREZZO,NA,238,2000-03-01,1939-03-20,
LUIS,NA,CRISCI,NA,1657,NA,1940-03-21,
LUIS,NA,GALVAN,NA,1772,NA,,
LUIS,NA,GAMBARDELLA,NA,588,1950-02-08,,
LUIS,NA,GARIBALDI,NA,3572,1962-11-25,,
LUIS,NA,GIANNATTASIO,NA,2506,1964-03-01,1894-11-19,
LUIS,NA,GIORGI,NA,629,1926-02-15,1896-03-03,
LUIS,NA,GORLERO,NA,3540,1971-11-28,,
LUIS,NA,GORRIARAN,NA,3048,2015-03-01,1990-04-26,
LUIS,NA,HOURCADE,NA,1834,NA,1939-08-25,
LUIS,NA,IGUINI,NA,1838,NA,1927-06-08,
LUIS,NA,KOSTER,NA,3768,1947-02-15,,
LUIS,NA,KUSTER,NA,3765,1938-06-19,1899,1
LUIS,NA,LECA,NA,776,1902-02-20,,
LUIS,NA,LEGLISE,NA,777,2000-02-15,1957-10-26,
LUIS,NA,LUJAN,,2645,2010-03-01,,
LUIS,NA,MARDONES,NA,840,NA,1960-02-23,
LUIS,NA,MATTIAUDA,NA,1915,1943-03-01,1890,1
LUIS,NA,MELIAN,LAFINUR,877,1911-02-15,1850-01-10,
LUIS,NA,MOSCA,NA,2561,1995-03-01,1952-12-02,
LUIS,NA,NAGUIL,NA,3632,1958-11-30,,
LUIS,NA,OLIVA,NA,3015,2015-03-01,1991-04-27,
LUIS,NA,OTORMIN,NA,3038,2010-03-01,,
LUIS,NA,PENZA,NA,1035,1943-02-15,,
LUIS,NA,RION,PERRET,2067,NA,1916,
LUIS,NA,ROSADILLA,NA,1183,2010-03-01,1953-12-21,
LUIS,NA,SEGUI,NA,1264,2015-03-01,,
LUIS,NA,SPEKTOR,NA,2183,NA,1931-12-24,
LUIS,NA,SPOSITO,NA,1308,NA,,
LUIS,NA,TORRIELLI,NA,3539,1971-11-28,,
LUIS,NA,TROCCOLI,NA,2216,NA,1879-08-24,
LUZ,NA,ECHANDE,NA,3006,2015-03-01,1962-03-21,
MABEL,NA,BARROS,NA,1501,NA,1955-12-21,
MABEL,NA,INSAURRALDE,NA,3374,2015-03-01,1971-01-12,
MABEL,NA,PORTILLO,NA,3508,1994-11-27,1952-10-05,
MACARENA,NA,GELMAN,NA,2352,2015-02-15,1976-11-01,
MANUEL,A.,ROMAY,NA,2558,1992-12-22,1945-10-07,
MANUEL,B.,TISCORNIA,NA,4449,1938-06-19,,
MANUEL,E.,TISCORNIA,NA,4449,NA,,
MANUEL,MARIA,SINGLET,NA,2167,NA,1942-02-04,
MANUEL,T.,LAGAXIO,NA,3727,1932-02-23,1873,1
MANUEL,WASHINGTON,MAESTRE,NA,1898,NA,,
MANUEL,NA,ALBO,NA,26,1929-02-15,1886,2
MANUEL,NA,BAEZ,NA,2632,1995-03-01,,
MANUEL,NA,CACHEIRA,FERREIRA,261,1923-12-07,,
MANUEL,NA,CAIZAS,NA,1588,NA,,
MANUEL,NA,HERRERO,Y ESPINOSA,707,1908-02-15,1861-05-03,1
MANUEL,NA,LAGUARDA,NA,1856,NA,1949-02-13,
MANUEL,NA,LINARES,NA,1872,NA,,
MANUEL,NA,PRIMO,H,1111,1959-02-15,1931-01-14,
MANUEL,NA,SANJURJO,NA,3549,1966-11-27,1916-01-29,
MANUEL,NA,SARACHAGA,NA,1235,1926-02-15,,
MANUEL,NA,TERAN,NA,1323,1932-02-15,,
MANUELA,NA,MUTTI,FORNAROLI,2316,2015-02-15,1987-01-13,
MARCELINO,NA,VEIRA,NA,2241,NA,1919-08-14,
MARCELINO,NA,VIEIRA,DE SOUZA,2249,NA,1919-08-14,
MARCELO,NA,BISTOLFI,NA,2407,2010-02-15,1966-06-07,
MARCELO,NA,CAPORALE,NA,2658,2010-03-01,1982-11-04,
MARCELO,NA,CRAVEA,NA,3316,2015-03-01,1959-12-06,
MARCELO,NA,VASELLI,NA,3218,2015-03-01,1968-12-17,
MARCIA,NA,TORAL,NA,3255,2015-03-01,1985-03-08,
MARCOS,L.,GALLI,NA,582,NA,,
MARCOS,NA,ABELENDA,NA,1426,NA,1949-06-30,
MARCOS,NA,OTHEGUY,NA,2349,2015-02-15,1970-01-27,
MARGARITA,NA,LALLANA,NA,3103,2015-03-01,1951-11-26,
MARIA,ANGEL,LOTITO,NA,2966,2010-03-01,,
MARIA,CECILIA,EGUILUZ,NA,2404,2015-02-15,1974-08-29,
MARIA,CELIA,GIORDANO,NA,2938,2010-03-01,1956-05-28,
MARIA,CELIA,PRIORE,NA,1114,1994-07-19,,
MARIA,DE,JAIME,NA,3362,2015-03-01,,
MARIA,ELENA,GODOY,NA,2656,2010-03-01,,
MARIA,ELENA,LAURNAGA,NA,2345,2010-02-15,1954-12-04,
MARIA,EUGENIA,ROSELLO,NA,2389,2020-02-15,1981-11-29,
MARIA,LUISA,RUECO,REYES,1201,1963-02-15,,
MARIA,MERCEDES,IDIARTEGARAY,NA,719,1947-12-23,,
MARIA,NELBA,IRIARTE,NA,1842,NA,1938-11-19,
MARIA,NA,ANGEL,MANCUELLO,2736,2010-03-01,1971-07-28,
MARIA,NA,DE LIMA,LIMA,2979,2015-03-01,,
MARIA,NA,DEL,C. SUAREZ,4148,2015-03-01,,
MARIA,NA,DEL,VALLE SILVERA,4148,2015-03-01,,
MARIA,NA,JOSE,RODRIGUEZ,3213,2015-03-01,,
MARIA,NA,LARAÑAGA,NA,3230,2015-03-01,,
MARIA,NA,LUNA,DE PEREIRA,3612,1962-11-25,,
MARIA,NA,MANCUELLO,NA,3171,2015-03-01,1971-07-28,
MARIA,NA,MARTA,BARBERIS,2985,2010-03-01,1972-05-18,
MARIA,NA,MOSEGUI,NA,3104,2015-03-01,,
MARIA,NA,TERRON,FUNES,4448,2001-02-15,1933-03-28,
MARIA,NA,TERRON,NA,4448,NA,1933-03-28,
MARIANA,NA,BAUHOFFER,NA,3102,2015-03-01,1977-05-24,
MARIANO,NA,ALDAYA,NA,1445,NA,,
MARIANO,NA,TUCCI,NA,2386,2020-02-15,1982-04-15,
MARIE,NA,MILLAN,NA,3192,2015-03-01,1957-11-07,
MARINO,NA,IRAZOQUI,NA,1841,NA,,
MARIO,ANDRES,JAFIF,NA,3198,2015-03-01,1959-09-22,
MARIO,R.,GAGGERO,NA,576,NA,,
MARIO,R.,SEGREDO,NA,1263,1929-02-15,,
MARIO,NA,AGUERRONDO,NA,3534,1971-11-28,1910,2
MARIO,NA,ALFARO,NA,3189,2015-03-01,1941-09-17,
MARIO,NA,ANCEL,NA,3130,2015-03-01,1943-02-08,
MARIO,NA,ARENAS,NA,2851,2010-03-01,1958-02-09,
MARIO,NA,ARIZTI,NA,2366,2015-02-15,1964-06-14,
MARIO,NA,BANDERA,NA,2947,2015-03-01,1965-02-18,
MARIO,NA,CANTON,NA,1590,NA,1934-07-01,
MARIO,NA,CASSINONI,NA,308,1955-02-14,1907-10-22,
MARIO,NA,CAVELLINI,NA,2771,2010-03-01,1959-02-22,
MARIO,NA,COITIÑO,NA,2894,2010-03-01,1957-10-25,
MARIO,NA,DE PAZOS,PAZOS,1689,NA,1931-11-02,
MARIO,NA,ESTABAN,NA,3094,2015-03-01,,
MARIO,NA,FONTANA,NA,550,1932-02-15,1896-11-09,
MARIO,NA,PERRACHON,NA,2313,2010-02-15,1943-03-02,
MARIO,NA,PLAVAN,NA,2031,NA,1952-01-30,
MARIO,NA,SCASSO,NA,3187,2015-03-01,1950-12-12,
MARIO,NA,SOBREDO,NA,3792,1951-02-15,,
MARISA,NA,SOLIS,NA,2172,NA,1959-09-07,
MARLENE,NA,CHANQUET,NA,1631,NA,1956,2
MARTIN,S.,MARZANO,NA,4297,1959-02-15,,
MARTIN,NA,AGUIRREZABALA,NA,2579,2003-07-03,1961-09-03,
MARTIN,NA,BARINDELLI,,2751,2010-03-01,1972-07-29,
MARTIN,NA,BARLA,NA,2910,2015-03-01,1953-05-19,
MARTIN,NA,BERINDUAGUE,NA,201,1905-02-09,1840,2
MARTIN,NA,BOADA,NA,1543,NA,,
MARTIN,NA,ECHEGOYEN,NA,2482,1936-09-28,1891-04-03,
MARTIN,NA,FUICA,NA,569,1957-01-21,,
MARTIN,NA,LAVENTURE,NA,2817,2010-03-01,1958-06-17,
MARTIN,NA,MARZANO,NA,4297,1963-02-15,,
MARTIN,NA,OIS,NA,967,1959-02-15,,
MARTIN,NA,PADERN,NA,3984,1990-02-15,1923-06-10,
MARTIN,NA,RECAREDO,ETCHEGOYEN,3450,1952-03-01,1891-04-03,
MARTINIANO,NA,CHIOSSI,NA,3762,1938-06-19,1884,2
MARY,NA,URSE,,2861,2015-03-01,1954-07-30,
MATEO,NA,MARQUES,CASTRO,2492,1947-03-01,1895,1
MATIAS,NA,ORMACHEA,NA,985,1954-10-05,,
MAURICIO,NA,CUSSANO,NA,383,2005-02-15,1955-01-16,
MAXIMO,NA,FIGUEREDO,NA,541,NA,,
MAXIMO,NA,HALTY,NA,697,1929-02-15,1885,1
MERCEDES,NA,SANTALLA,NA,2346,2015-02-15,,
MIGUEL,A.,ELHORDOY,NA,3881,1959-02-15,1918-01-08,
MIGUEL,A.,LEMOS,NA,3199,2015-03-01,,
MIGUEL,A.,MAZZEO,NA,4302,1959-02-15,1906-06-18,
MIGUEL,ANGEL,CORDONE,NA,1648,NA,1931-02-14,
MIGUEL,ANGEL,MAZZEO,NA,4302,1963-02-15,1906-06-18,
MIGUEL,ANGEL,TRIANON,NA,1345,1951-02-15,,
MIGUEL,ANTONIO,PRINGLES,NA,1113,1938-05-25,,
MIGUEL,NA,ALEGRE,NA,3419,2015-03-01,,
MIGUEL,NA,ARAKELIAN,NA,2749,2015-03-01,1947-06-11,
MIGUEL,NA,ASQUETA,NA,123,2005-02-15,1961-04-06,
MIGUEL,NA,BELLAGAMBA,NA,183,1971-06-03,1935-01-09,
MIGUEL,NA,BURANELLI,NA,250,1938-05-25,,
MIGUEL,NA,CURTO,NA,2655,2010-03-01,1950-02-24,
MIGUEL,NA,DICANCRO,NA,1703,NA,1927-02-23,
MIGUEL,NA,DINEGRI,COSTA,3683,1926-02-13,1878-08-18,1
MIGUEL,NA,FAVALE,NA,2927,2010-03-01,1958-10-01,
MIGUEL,NA,FERIS,NA,2412,2020-02-15,1968-02-15,
MIGUEL,NA,FUMERO,NA,1767,NA,,
MIGUEL,NA,GAZZANO,BLANC,616,1972-10-31,1935-12-19,
MIGUEL,NA,MANZI,NA,1903,NA,1953-02-04,
MIGUEL,NA,NOBLIA,NA,2746,2010-03-01,1962-02-10,
MIGUEL,NA,NOCERA,NA,2805,2010-03-01,1969-09-30,
MIGUEL,NA,OFICIALDEGUI,NA,966,NA,,
MIGUEL,NA,PANTAZOGLIU,NA,1985,NA,,
MIGUEL,NA,PLADA,NA,2827,2015-03-01,,
MIGUEL,NA,RONCO,NA,3517,1994-11-27,1952,1
MIGUEL,NA,SALOM,NA,1219,1938-07-04,,
MIGUEL,NA,SERRA,NA,1272,1955-02-15,1899-08-09,
MIGUEL,NA,VIEYTE,NA,1400,1947-02-15,,
MIGUEL,NA,VILLARRUEL,NA,2912,2010-03-01,1963-05-07,
MILTON,NA,ANTOGNAZZA,NA,1457,NA,1935-07-27,
MILTON,NA,FONTAINA,NA,549,1972-02-15,,
MILTON,NA,GOMES,SOARES,3273,2015-03-01,1961-07-04,
MILTON,NA,PIANZZOLA,NA,3957,1972-02-15,1928-03-09,
MINIRAN,NA,URUZOLA,NA,2811,2010-03-01,,
MIRTA,NA,DUCUING,NA,3489,2004-10-31,1943-08-26,
MIRTA,NA,VILLASANTE,NA,3047,2015-03-01,1953-11-15,
MIRYAN,NA,NUMMON,LENZI,3524,1994-11-27,1942-11-01,
MODESTO,NA,ETCHEPARE,NA,498,1943-06-18,1884-06-15,
MODESTO,NA,REBOLLO,NA,2509,1963-03-01,,
MOISES,NA,COHEN,NA,2535,1972-10-31,1928-09-08,
MONICA,NA,BOTTERO,NA,3467,2019-10-27,1964-01-14,
NAHUM,NA,BERGSTEIN,NA,200,NA,1932-10-12,
NANCY,NA,ESPASANDIN,NA,3527,1989-11-26,1946-09-02,
NAZMI,NA,CAMARGO,NA,2291,2020-02-15,1982-08-22,
NELLY,ROSA,CASSOU,NA,1615,NA,1928-08-30,
NELLY,NA,GOITIÑO,NA,1798,NA,1924-01-17,
NELSON,NA,ALBERTORI,NA,1443,NA,1938-04-25,
NELSON,NA,ALPUY,NA,3180,2015-03-01,1946-03-15,
NELSON,NA,ARREDONDO,NA,111,1985-02-15,,
NELSON,NA,BELLO,NA,3596,1962-11-25,,
NELSON,NA,BIASSOTI,NA,1538,NA,1921-07-13,
NELSON,NA,COSTANZO,NA,371,1972-02-15,,
NELSON,NA,COURDIN,NA,3341,2015-03-01,1959-08-03,
NELSON,NA,COUSSIN,NA,375,1972-02-15,,
NELSON,NA,EASTON,NA,3600,1962-11-25,,
NELSON,NA,LARZABAL,NA,2341,2020-02-15,1955-07-14,
NELSON,NA,MORE,NA,928,1972-02-15,,
NELSON,NA,PEYRONEL,NA,1065,1969-11-18,,
NELSON,NA,URIBE,NA,2222,NA,,
NERINA,NA,BIONDA,,2967,2010-03-01,1958-12-22,
NERY,NA,MARIN,NA,1904,NA,,
NESTOR,NA,BOLENTINI,NA,2539,1973-02-13,1923,2
NESTOR,NA,LLORCA,NA,2698,2010-03-01,1959-07-16,
NESTOR,NA,PAIPO,NA,3063,2015-03-01,,
NIBIA,ANDREA,REICH,NA,2983,2010-03-01,1971-06-28,
NIBIA,NA,REISCH,NA,2408,2020-02-15,1971-06-28,
NICOLAS,NA,GAGLIARDINI,NA,577,1959-02-15,,
NICOLAS,NA,MARTINELLI,NA,2657,2010-03-01,1982-01-02,
NICOLAS,NA,POMATTA,NA,1091,1967-02-15,1919-12-06,
NILO,R.,BERCHESI,NA,4085,1949-06-29,1915,2
NILO,NA,BERCHESI,NA,4085,1966-11-27,1915,2
NILO,NA,GOYOAGA,NA,3750,1932-02-23,,
NILO,NA,SUNES,NA,3435,2015-03-01,1969-11-11,
NOBILE,NA,PEREIRO,CARRESE,2005,NA,1931-09-12,
NOEL,NA,DEMATTEIS,DE LORENZI,439,1946-11-11,,
NOELIA,NA,CARRO,NA,3404,2015-03-01,1983-07-29,
NOMBRE,NA,APELLIDO,NA,2311,2015-02-15,,
NORA,NA,GAUTHIER,NA,615,2005-02-15,1949-09-12,
NORBERTO,J.,CARAVIA,NA,1595,NA,,
NORBERTO,NA,BERNACHIN,NA,3959,1972-02-15,1933-06-06,
NORBERTO,NA,ZUNINO,NA,3396,2015-03-01,1954-11-04,
NYBIA,NA,URIA,NA,3099,2015-03-01,1948-04-24,
ODEL,NA,ABISAB,NA,1427,NA,1943-03-14,
OFELIA,NA,MURGIA,NA,940,1990-07-17,1935-01-03,
OMAR,NA,NEGRI,NA,2797,2015-03-01,,
OMAR,NA,PAGANINI,NA,2612,2020-03-01,1962-06-02,
OMAR,NA,REGUEIRA,NA,2057,1959-02-15,,
ONOFRE,NA,DI CARLO,CARLO,445,1963-02-15,,
OPE,NA,PASQUET,IRIBARNE,4331,2010-02-15,1956-01-10,
OPE,NA,PASQUET,NA,4331,2020-02-15,1956-01-10,
ORESTES,NA,FIANDRA,NA,539,1959-11-10,1921-08-04,
ORESTES,NA,NUMA,SANTOS,959,NA,1947-03-14,
ORIOL,NA,SOLE,Y RODRIGUEZ,1296,1902-02-15,1860-07-06,1
ORLANDO,NA,MESIAS,NA,3748,1932-02-23,1894-07-11,
ORLANDO,NA,PEDRAGOSA,SIERRA,1028,1932-02-15,1885-10-31,2
ORLANDO,NA,STOLETNIY,NA,3332,2015-03-01,1955-07-30,
ORQUIDEA,NA,MINETTI,NA,2320,2020-02-15,1954-09-26,
OSAVALDO,NA,OVELAR,NA,2683,2010-03-01,1944-10-18,
OSCAR,A.,TIRELLI,NA,1330,1951-09-27,,
OSCAR,E.,PIQUINELA,NA,3909,1963-02-15,,
OSCAR,JULIO,TERZAGHI,NA,4021,NA,1953-05-11,
OSCAR,M.,GARRASINO,NA,4201,1972-02-15,,
OSCAR,VICTOR,RACHETTI,NA,3946,1972-02-15,1926-06-12,
OSCAR,NA,BRUSCHERA,NA,1565,NA,,
OSCAR,NA,BUCHELI,NA,3025,2010-03-01,1941-07-05,
OSCAR,NA,CALLERIZA,NA,1582,NA,,
OSCAR,NA,DE LA SOVERA,LA SOVERA,409,1985-09-26,1930-08-23,
OSCAR,NA,FERRAZ,ALVEZ,1747,NA,1939-06-26,
OSCAR,NA,GARRASINO,NA,4201,1963-02-15,,
OSCAR,NA,GESTIDO,H,4206,1985-02-15,,
OSCAR,NA,GESTIDO,NA,4206,1967-03-01,1901-11-28,
OSCAR,NA,GROBA,ARRIONDO,4229,2010-02-15,1951-01-10,
OSCAR,NA,GROBA,NA,4229,2015-02-15,1951-01-10,
OSCAR,NA,MAGURNO,NA,827,2010-02-15,1930-03-02,
OSORIO,NA,MARTIRENA,NA,857,1943-02-15,,
OSVALDO,NA,FORESTERO,NA,3521,1994-11-27,,
OSVALDO,NA,SARALEGUY,NA,3182,2015-03-01,1961-01-22,
OTTO,NA,SCHULTZE,NA,1254,1938-06-19,,
OXILIO,NA,SICHERO,NA,1276,1923-02-15,,
PABLO,F.,PATIÑO,NA,3431,2015-03-01,1984-03-25,
PABLO,NA,BARTOL,NA,2609,2020-03-01,1965-11-20,
PABLO,NA,DE MARIA,MARIA,417,1905-02-09,1850-05-04,
PABLO,NA,ITURRALDE,VIÑAS,4243,2010-02-15,1959-09-23,
PABLO,NA,ITURRALDE,NA,4243,2015-02-15,1959-09-23,
PABLO,NA,KLAPPENBACH,NA,2634,2015-03-01,1966-09-13,
PABLO,NA,MILLOR,COCCARO,4310,2000-02-15,1944-02-01,
PABLO,NA,MILLOR,NA,4310,1989-11-26,1944-02-01,
PABLO,NA,PURRIEL,NA,2533,1972-03-01,1905-12-13,
PABLO,NA,VARZI,NA,1373,1916-11-27,1848-09-14,
PASCUAL,NA,NEMIROSVKY,NA,951,1963-10-01,,
PASCUAL,NA,RESTUCCIA,NA,1147,1938-07-04,,
PATRICIA,NA,LAZAGA,NA,3110,2015-03-01,1966-06-14,
PAULINO,NA,DELSA,NA,1696,NA,1949-01-21,
PAULO,NA,BECK,NA,3243,2015-03-01,1974-09-29,
PAZ,NA,TIMOTEO,CARBALLO,3646,1958-11-30,1934-02-05,
PEDRO,ALBERTO,LAPORTE,NA,762,NA,,
PEDRO,C.,BESSOZI,NA,1532,NA,1957-06-10,
PEDRO,F.,ALBUQUERQUE,NA,27,1937-02-15,,
PEDRO,J.,ECHAZARRETA,NA,3848,1955-02-15,,
PEDRO,M.,MARIZCURRENA,NA,841,1929-02-15,,
PEDRO,NA,AMBROSONI,NA,3685,1926-02-13,,
PEDRO,NA,AMONDERAIN,NA,57,1940-06-03,,
PEDRO,NA,ARAMENDIA,NA,75,1926-02-13,,
PEDRO,NA,ARBIO,NA,2796,2010-03-01,1934-11-01,
PEDRO,NA,BALBI,NA,1482,NA,,
PEDRO,NA,BIDEGAIN,NA,4026,2020-03-03,1958-01-25,
PEDRO,NA,CANONIERO,NA,3348,2015-03-01,1952-12-15,
PEDRO,NA,CERUTI,CROSA,322,NA,1899-03-02,
PEDRO,NA,CUBAS,MERCAPIDEZ,1663,NA,1909-09-22,
PEDRO,NA,DARRICARRERE,LAFARGUE,1678,NA,1954-11-18,
PEDRO,NA,DUPRAT,NA,468,1938-05-25,1882-01-04,
PEDRO,NA,ECHEVERRIGARAY,NA,1714,NA,,
PEDRO,NA,FIGARI,NA,540,1902-02-15,1861-06-29,
PEDRO,NA,JISDONIAN,NA,2436,2015-02-15,1984-03-30,
PEDRO,NA,MUNAR,NA,2491,1947-03-01,,
PEDRO,NA,ROIRAS,NA,3642,1958-11-30,,
PEDRO,NA,RUGGIERO,NA,1203,1934-07-02,,
PEDRO,NA,SAENZ,SILVA,3712,1926-10-02,,
PEDRO,NA,SANDE,NA,2125,NA,1936-11-20,
PEDRO,NA,SASTRE,NA,1247,1992-06-04,1949-03-10,
PEDRO,NA,SEORALES,NA,1268,2000-11-01,,
PEDRO,NA,TAMON,NA,1319,1963-02-15,,
PELAYO,NA,AMORIM,NA,2954,2010-03-01,1953-10-18,
PERLA,NA,DE MARCO,MARCO,416,1973-06-12,,
PILAR,NA,DE AMORES,AMORES,2720,2010-03-01,1963-04-12,
POLONIO,NA,GARICOITZ,NA,610,1943-02-15,1886-02-09,
POMPEYO,NA,GIANSANTI,NA,3509,1994-11-27,1942,1
PONCIANO,S.,TORRADO,NA,4451,NA,,
PONCIANO,NA,TORRADO,NA,4451,1963-02-15,,
PRIMAVERA,NA,GARBARINO,NA,2572,2000-01-10,1946-09-21,
PROSPERO,E.,BRUNNET,NA,3719,1926-10-02,,
RAFAEL,A.,CAPECE,NA,279,1954-03-24,,
RAFAEL,V.,SALGUERO,NA,1218,1932-02-15,,
RAFAEL,NA,ADDIEGO,BRUNO,3457,1985-02-12,1923-02-23,
RAFAEL,NA,FRIAS,PEREZ,566,1963-02-14,1908-11-28,
RAFAEL,NA,IZA,NA,3224,2015-03-01,,
RAFAEL,NA,MENA,NA,3252,2015-03-01,1981-05-31,
RAFAEL,NA,MESSERE,NA,3967,1989-08-01,1917-11-28,
RAFAEL,NA,SANSEVIERO,NA,2127,NA,1956-06-02,
RAFAEL,NA,SCHIAFFINO,NA,2490,1945-10-04,1881-07-02,
RAFAEL,NA,TABAREZ,NA,1316,1926-02-09,,
RAMIRO,NA,AYENDE,NA,3321,2015-03-01,1972-05-24,
RAMIRO,NA,AZOR,NA,3148,2015-03-01,1970-11-26,
RAMON,A.,COTELO,NA,372,1959-02-15,1935-02-20,
RAMON,G.,SALDAÑA,NA,1214,1915-02-06,1883-09-15,
RAMON,NA,BERGALLI,NA,198,1908-02-15,1862-08-09,
RAMON,NA,FONTICIELLA,NA,553,2010-02-15,1947-08-31,
RAMON,NA,MASTANDREA,NA,2963,2015-03-01,1985-01-05,
RAMON,NA,PARADISO,NA,1986,NA,1918-03-31,
RAMON,NA,QUEIRUGA,NA,3780,1947-02-15,1904-11-05,
RAMON,NA,SALMANTON,NA,2117,NA,1943-11-11,
RAMON,NA,SIMONET,NA,2165,NA,1942-07-18,
RAMON,NA,VIÑA,NA,1403,1955-03-01,1904-06-10,
RAUL,E.,BERTINAT,NA,4089,2015-03-01,1969-11-26,
RAUL,F.,BALESTENA,NA,3358,2015-03-01,1974-11-26,
RAUL,FERNANDO,SENDIC,NA,4423,2015-03-01,1962-08-29,
RAUL,J.,LAPETRA,NA,760,1932-10-02,,
RAUL,O.,GADEA,NA,3899,1959-02-15,1922-12-11,
RAUL,R.,MENZA,NA,890,1966-10-04,,
RAUL,NA,AGUSTONI,NA,3203,2015-03-01,1955-12-07,
RAUL,NA,ALZAMENDI,NA,3116,2015-03-01,1954-01-01,
RAUL,NA,BERTINAT,NA,4089,2010-03-01,1969-11-26,
RAUL,NA,CAZABAN,GONCALVEZ,317,1985-02-15,1915-04-18,
RAUL,NA,DETOMASI,NA,2718,2010-03-01,1956-05-25,
RAUL,NA,DODERA,NA,452,1961-09-07,,
RAUL,NA,ESTRAMIL,NA,2682,2015-03-01,1958-04-07,
RAUL,NA,FASSIO,CAMPOS,3855,1955-02-15,1916-10-11,
RAUL,NA,GAONA,NA,3380,2015-03-01,1938-02-22,
RAUL,NA,LOZANO,NA,2300,2020-02-15,1958-10-01,
RAUL,NA,MARTINE,NA,1908,1963-02-15,,
RAUL,NA,RONZONI,NA,1176,1963-02-15,,
RAUL,NA,ROSALES,NA,1184,1985-02-15,1938-11-01,
RAUL,NA,SENDIC,NA,4423,2015-02-15,1962-08-29,
REINALDO,NA,GARGANO,NA,1785,2005-03-01,1934-07-26,
REMOLO,NA,BOTTO,NA,235,1965-11-10,,
RICARDO,NA,ALVEZ,NA,2693,2010-03-01,,
RICARDO,NA,BEROIS,QUINTEROS,4086,2010-02-15,1957-09-09,
RICARDO,NA,BEROIS,NA,4086,2000-02-15,1957-09-09,
RICARDO,NA,CASTROMAN,RODRIGUEZ,313,2000-02-15,1948-01-18,
RICARDO,NA,EHRLICH,NA,2597,2010-03-01,1948-11-04,
RICARDO,NA,FIGARES,NA,3892,1959-02-15,1885-10-05,
RICARDO,NA,HODGES,NA,3829,1959-02-15,1914-07-21,
RICARDO,NA,LOMBARDO,NA,1876,2004-06-27,,
RICARDO,NA,MAIDANA,NA,3926,1963-02-15,,
RICARDO,NA,MOLINELLI,NA,913,2000-02-15,1941-02-24,
RICARDO,NA,PAREDES,NA,3085,2015-03-01,,
RICARDO,NA,PASEYRO,NA,1019,1932-02-15,,
RICARDO,NA,RECUERO,RIAGNO,2056,NA,1939-02-18,
RICARDO,NA,REILLY,SALABERRY,2559,1993-09-01,1946-06-30,
RICARDO,NA,SASSON,NA,2134,NA,,
RICARDO,NA,VECINO,NA,1384,1929-02-15,,
RICARDO,NA,VOELKER,NA,2269,NA,1930-07-03,
RICARDO,NA,YANNICELLI,NA,2518,1967-03-01,1906-03-02,
RICARDO,NA,ZABALLA,NA,2277,NA,,
RICARDO,NA,ZERBINO,NA,2541,1985-03-01,1938-12-12,
RICHARD,NA,CHARAMELO,NA,324,2005-02-15,1972-09-15,
ROBERTO,NA,ARAGUNDEZ,NA,3605,1962-11-25,,
ROBERTO,NA,BAGALCIAGUE,NA,1479,NA,1927-02-08,
ROBERTO,NA,BERTOLINI,NA,3838,1955-02-15,,
ROBERTO,NA,BOERO,LUNGO,214,1996-06-28,1950-06-12,
ROBERTO,NA,FRACCHIA,BRAIDA,2353,2010-02-15,1943-11-27,
ROBERTO,NA,GILARDONI,NA,1791,NA,,
ROBERTO,NA,GIUDICI,NA,632,1929-05-30,1897,2
ROBERTO,NA,GUILLEN,NA,3598,1962-11-25,,
ROBERTO,NA,KREIMERMAN,NA,2599,2010-03-01,1958-07-30,
ROBERTO,NA,LIZASUAIN,NA,1873,NA,,
ROBERTO,NA,LUZARDO,NA,2725,2010-03-01,,
ROBERTO,NA,MILESI,NA,1930,NA,1951-11-30,
ROBERTO,NA,SCARPA,NA,2137,NA,,
ROBERTO,NA,YAVARONE,NA,1412,2000-02-15,1961-11-03,
ROBERTO,NA,ZEFFERINO,NA,1418,1959-02-15,,
ROBINSON,NA,AREOSA,NA,3409,2015-03-01,1953-12-12,
ROCARDERO,MARTIN,EYCHEGOYEN,NA,3453,1960-03-01,1891-04-04,
RODOLFO,S.,DE ANGELIS,ANGELIS,395,1951-02-15,,
RODOLFO,NA,CANABAL,NA,1586,NA,,
RODOLFO,NA,RINCON,NA,2066,NA,,
RODOLFO,NA,SALAVERRY,NA,2739,2010-03-01,,
RODOLFO,NA,SALVARREY,NA,3168,2015-03-01,,
RODOLFO,NA,SCHEKLETON,UBIRIA,2138,NA,,
RODOLFO,NA,TALICE,NA,3512,1994-11-27,1899-05-02,
RODOLFO,NA,VELLOZO,NA,1385,1905-02-09,,
RODOLFO,NA,ZANONIANI,NA,2279,NA,,
RODRIGO,NA,ALBERNAZ,NA,2297,2020-02-15,,
RODRIGO,NA,ARCAMONE,NA,3052,2015-03-01,1984-11-24,
RODRIGO,NA,BLAS,NA,2439,2020-02-15,1969-10-04,
RODRIGO,NA,CERRUTI,NA,2987,2010-03-01,1972-08-08,
RODRIGO,NA,LLUGDAR,NA,3056,2015-03-01,1972-02-06,
ROGELIO,NA,CAMI,ARGUINARENA,270,1952-12-29,1909-11-01,
ROLANDO,NA,QUEVEDO,BRUM,1124,1963-02-15,,
ROLANDO,NA,VIOTTI,NA,1404,1959-02-15,,
ROMAN,NA,CIPOLINI,NA,2988,2010-03-01,,
ROMEO,NA,ARNABOLDI,NA,3769,1938-06-19,,
ROMINA,NA,ESPIGA,NA,3080,2015-03-01,1990-08-14,
ROMULO,NA,BOGGIANO,NA,1545,NA,,
ROMULO,NA,RUBBO,NA,2104,NA,1930-04-07,
ROQUE,A.,MASETTI,NA,3781,1959-02-15,,
ROQUE,NA,ARREGUI,NA,1468,2010-02-15,1950-08-16,
ROQUE,NA,DI TRANO,TRANO,1701,NA,,
ROSA,NA,IMODA,,2686,2015-03-01,1961-10-22,
ROSA,NA,RECARTE,NA,3181,2015-03-01,1948-02-02,
ROSARIO,NA,ALZUGARAY,NA,3386,2015-03-01,1949-08-07,
ROSARIO,NA,ROYA,NA,2103,NA,,
RUBEN,A.,BACIGALUPE,NA,4067,1963-02-15,,
RUBEN,A.,TARUSELLI,NA,3952,1967-02-15,,
RUBEN,ANIBAL,BACIGALUPE,NA,4067,2015-02-15,1966-10-06,
RUBEN,JOEL,HOSTA,NA,3228,2015-03-01,1983-01-08,
RUBEN,NA,BACIGALUPE,NA,4067,2020-02-15,1966-10-06,
RUBEN,NA,ESCAJAL,NA,480,1985-02-15,1938-01-14,
RUBEN,NA,FRANCOLINO,NA,559,1985-02-15,1933-04-05,
RUBEN,NA,FREY,NA,565,1985-02-15,1939-08-01,
RUBEN,NA,LANFRANCONI,NA,3922,1963-02-15,,
RUBEN,NA,MIRABALLES,NA,3039,2010-03-01,,
RUBEN,NA,OBISPO,NA,964,2000-02-15,1933-09-14,
RUBEN,NA,OTTATI,JORGE,999,1972-02-15,,
RUBEN,NA,POUSO,NA,2782,2015-03-01,,
RUBEN,NA,PRATS,NA,3286,2015-03-01,,
RUBEN,NA,REYNOSO,NA,1154,1986-05-15,,
RUBEN,NA,SCARONE,NA,1248,1970-09-10,,
RUBEN,NA,SHEPPARD,NA,2156,NA,1899,
RUBEN,NA,YAEZ,NA,2275,NA,,
RUBENS,NA,OTTONELLO,NA,2709,2015-03-01,1971-02-26,
RUFINO,SERAFIN,BEJEREZ,PEREIRA DAS NEVES,3988,1998-08-12,1952-07-13,
RUTILIO,NA,RAGNI,NA,3756,1941-10-01,1895,1
RUTILO,NA,DE PAULA,PAULA,420,1967-02-15,,
RUTILO,NA,DI PAULA,PAULA,3890,1959-02-15,,
SABINO,NA,QUEIROS,NA,2047,NA,1933-02-21,
SALVADOR,NA,BERNAL,NA,2778,2010-03-01,1944-04-16,
SALVADOR,NA,ESTRADE,NA,494,1932-02-09,1879,2
SAMANTA,NA,MAGUA,NA,2945,2010-03-01,1979-04-20,
SAMUEL,NA,LICHTENZTEJN,NA,2562,1995-03-01,1934-09-06,
SANDRA,NA,LAZO,NA,2375,2020-02-15,1967-04-12,
SANDRA,NA,NEDOV,,2664,2015-03-01,1964-07-23,
SANDRA,NA,TONCOBITZ,NA,3308,2015-03-01,1972-06-18,
SANTANA,NA,ALZA,NA,46,1920-02-15,,
SANTIAGO,L.,ROMPANI,NA,4409,1967-02-15,1910-06-03,
SANTIAGO,S.,SANZ,NA,3666,1932-02-23,,
SANTIAGO,NA,BARABINO,NA,1486,NA,1853-08-14,
SANTIAGO,NA,BELZARENA,NA,191,1959-02-15,1895-04-13,
SANTIAGO,NA,DE BRUM CARBAJAL,BRUM CARBAJAL,1681,1971-01-21,,
SANTIAGO,NA,FLORENZA,NA,3790,1954-08-31,,
SANTIAGO,NA,ICASURIAGA,NA,3026,2015-03-01,,
SANTIAGO,NA,MESTRE,NA,894,1934-05-18,,
SANTIAGO,NA,ROMPANI,NA,4409,1990-03-01,1944-05-27,
SANTOS,NA,ICASURRIAGA,NA,718,1917-02-15,,
SANTOS,NA,INZAURRALDE,RODRIGO,728,1963-02-15,1925-07-05,
SARANDI,NA,MARTORELLI,NA,859,1963-02-15,,
SAUL,NA,IRURETA,NA,2580,2003-11-13,1935-10-19,
SEBASTIAN,NA,BUQUET,NA,1572,1919-06-01,,
SEBASTIAN,NA,PUPPO,NA,1120,1911-02-15,1879-07-23,
SEBASTIAN,NA,SABINI,NA,2351,2020-02-15,1981-06-11,
SEGUNDO,NA,BAZZANO,NA,2466,1925-03-12,,
SERAFIN,NA,AIRALDI,NA,22,1920-02-15,,
SERGIO,NA,BAS,NA,3513,1994-11-27,1951-08-02,
SERGIO,NA,BERTON,NA,2973,2015-03-01,1952-10-10,
SERGIO,NA,BOTANA,NA,233,2020-02-15,1964-11-08,
SERGIO,NA,CARPELLINO,NA,3427,2015-03-01,1981,2
SERGIO,NA,MILESSI,NA,2951,2010-03-01,1977-02-05,
SERGIO,NA,MOLAGUERO,NA,2750,2010-03-01,1948-05-23,
SERGIO,NA,PREVITALI,NA,1110,1990-02-15,1939-07-30,
SERGIO,NA,TARALLO,UMPIERREZ,2194,NA,1925-04-17,
SERVANDO,NA,LACRUZ,NA,748,1963-02-15,,
SEVERINO,C.,TROTTA,NA,4454,1955-02-15,1883-09-10,
SEVERINO,CARMELO,TROTTA,NA,4454,NA,1883-09-10,
SHUBERT,NA,GAMBETTA,NA,1775,NA,1948-09-05,
SILBIA,NA,MAGNONI,NA,3205,2015-03-01,1969-04-17,
SILBIA,NA,VISOSO,NA,3317,2015-03-01,1961-04-20,
SILVESTRE,O.,LANDONI,NA,4251,1963-02-15,1899-12-31,
SILVESTRE,OCTAVIO,LANDONI,NA,4251,1951-02-15,1899-12-31,
SILVIA,NA,CHARLIER,NA,2652,2010-03-01,1947-12-26,
SILVIA,NA,SCARBONI,NA,2937,2010-03-01,1972-04-19,
SILVIO,NA,FORASTIERO,NA,3289,2015-03-01,1956-05-30,
SIMON,DIONELO,BETARTE,NA,207,1959-11-11,,
SIMON,NA,AMIGHETTI,NA,55,1943-02-15,,
SOCRATES,NA,BERGEREAU,NA,199,1963-02-15,1923-10-02,
SOLANO,NA,RIESTRA,NA,1158,1902-02-15,1860-12-07,
STEFAN,NA,LOBLOWITZ,NA,1875,NA,,
STELLA,NA,TUCUNA,NA,2218,2015-03-01,1956-06-13,
SUSANA,NA,BERGERET,NA,1521,NA,1934-11-23,
SUSANA,NA,CAMARAN,NA,2654,2015-03-01,1966-04-27,
SYLVIA,NA,GABARROT,NA,3354,2015-03-01,1965-05-05,
SYLVIA,NA,SCABONI,NA,3323,2015-03-01,1972-04-19,
TABARE,NA,CAPUTTI,NA,283,1990-02-15,1934-12-28,
TABARE,NA,HACKENBRUCH,NA,3966,2000-07-13,1928-11-26,
TABARE,NA,LEIVAS,NA,2929,2015-03-01,1976-04-24,
TELMO,NA,MANACORDA,NA,834,1934-06-11,,
TEODORO,NA,PIÑATARES,NA,3861,1959-02-15,,
TEOFILO,NA,DE BETHENCOURT,BETHENCOURT,400,1917-02-15,,
TEOFILO,NA,SCANDALIARIS,NA,2135,NA,1934-04-05,
TERESA,NA,ABAL,NA,2764,2010-03-01,1948-10-03,
TERESA,NA,GARATEGUI,NA,2730,2010-03-01,1940-11-10,
TOMAS,V.,PUNTIGLIANO,NA,3852,1955-02-15,,
TOMAS,NA,ARROSPIDE,NA,117,1923-02-15,1884-05-12,
TOMAS,NA,INGOLD,AGUINAGA,727,1989-09-05,1928-08-27,
TOMAS,NA,LABACA,AROCENA,743,1938-05-25,,
TOMAS,NA,LARREGUI,NA,3045,2010-03-01,1969-08-03,
TOMAS,NA,POLITO,NA,3859,1959-02-15,,
TOMAS,NA,TEIJEIRO,NA,2197,NA,,
TORIBIO,NA,OLASO,NA,1964,1938-10-17,,
UBALDO,NA,AITA,NA,2333,2020-02-15,1960-01-13,
UBALDO,NA,RAMON,GUERRA,1136,1911-02-15,,
URBAL,NA,NERIZ,AGUIAR,1951,NA,1933-05-26,
VALENTIN,NA,AZNARES,NA,3567,1962-11-25,,
VALENTIN,NA,COSSIO,NA,3786,1963-02-15,1900-02-14,
VALENTINA,NA,RAPELA,NA,2391,2015-02-15,1987-11-15,
VENTURA,NA,PIREZ,NA,1080,1947-02-15,,
VICENTE,RAMON,LORENTE,NA,1887,NA,,
VICENTE,NA,BASAGOITI,NA,2501,1956-05-16,,
VICENTE,NA,BORRO,NA,230,1905-02-15,,
VICENTE,NA,CURCI,NA,1669,NA,,
VICENTE,NA,GRUCCI,NA,1815,NA,,
VICENTE,NA,MERELLO,NA,891,1939-12-14,,
VICTOR,B.,SOUDRIERS,NA,1304,1911-02-15,1874-06-02,
VICTOR,FELIX,TARANTO,NA,3760,1938-06-19,1897-07-28,
VICTOR,H.,DEL VALLE,VALLE,2676,2015-03-01,1960-02-06,
VICTOR,HUGO,PETRISSANS,NA,2017,NA,1944-09-14,
VICTOR,NA,BECEIRO,NA,180,1951-02-15,,
VICTOR,NA,BENAVIDES,NA,2474,1931-03-01,,
VICTOR,NA,BRACCINI,NA,1560,NA,1946-10-08,
VICTOR,NA,CORTAZZO,NA,361,1985-02-15,1952-04-24,
VICTOR,NA,GALCERAN,FONSECA,3837,1955-02-15,,
VICTOR,NA,SEMPRONI,NA,2152,2015-02-15,1937-03-27,
VICTOR,NA,SUDRIERS,NA,2465,1911-03-04,,
VICTOR,NA,VAILLANT,NA,1365,2005-02-15,1944-08-16,
VICTORIO,NA,CASARTELLI,NA,1610,NA,1920-11-01,
VILLANUEVA,NA,LEMEZ,NA,3661,1932-02-23,,
WALTER,HUGO,CAMPANELLA,NA,2423,1995-02-15,1948-03-22,
WALTER,J.,OTHEIX,NA,3793,1955-02-15,,
WALTER,JUAN,BILAT,NA,211,1987-05-21,,
WALTER,R.,SANTORO,NA,4421,NA,1922-04-29,
WALTER,NA,ALMACIO,RODRIGUEZ,1447,NA,1938-10-06,
WALTER,NA,BRAVO,GOMEZ,3930,1963-02-15,,
WALTER,NA,CAVAGNARO,NA,1626,NA,,
WALTER,NA,CERVINI,NA,3184,2015-03-01,1985-04-25,
WALTER,NA,CHOCHO,NA,1636,NA,,
WALTER,NA,FASSANELLO,NA,3163,2015-03-01,,
WALTER,NA,FASSENELLO,NA,2799,2010-03-01,,
WALTER,NA,LASCANO,NA,3082,2015-03-01,1966-08-22,
WALTER,NA,OTHAIX,NA,1976,NA,,
WALTER,NA,PESQUEIRA,NA,2633,2010-03-01,1931-04-19,
WALTER,NA,POLVARINI,NA,1090,1985-06-04,1923-07-06,
WALTER,NA,RAVENNA,NA,1143,1973-02-13,1922,2
WALTER,NA,RIESGO,LARRAZ,4374,1995-02-15,1952-06-04,
WALTER,NA,RIESGO,NA,4374,NA,1952-06-04,
WALTER,NA,SANTORO,NA,4421,1963-03-01,1922-04-29,
WALTER,NA,SASSO,NA,2961,2010-03-01,1948-05-13,
WALTER,NA,TIRRELLI,NA,2207,NA,1948-09-10,
WALTER,NA,VENER,CARBONI,1386,2000-02-15,1953-04-11,
WALTER,NA,VERRI,NA,2397,2015-02-15,1962-08-01,
WALTER,NA,ZIMMER,NA,4001,NA,1945-05-28,
WASHINGTON,D.,LOITEY,NA,3355,2015-03-01,1950-01-02,
WASHINGTON,FREDY,BALIERO,SILVA,1484,NA,1946-12-10,
WASHINGTON,NA,FENOCHI,NA,512,1971-07-17,1924,1
WASHINGTON,NA,ISOLA,NA,1844,1958-11-05,,
WASHINGTON,NA,PUENTES,CHIESA,3937,1963-02-15,,
WASHINGTON,NA,SALVO,SLOTZ,2630,2010-03-01,1943-03-22,
WILFREDO,NA,AVELLANEDA,NA,3081,2015-03-01,,
WILFREDO,NA,ITXASSA,NA,1847,NA,1929-07-17,
WILLIAM,NA,CRESCERI,NA,2905,2010-03-01,1962-01-10,
WILLIAM,NA,CRESSERI,NA,3285,2015-03-01,1962-01-10,
WILLIAM,NA,SALTRE,NA,2119,NA,1957-02-26,
WILMER,NA,TRIVEL,NA,1349,2000-02-15,1951-10-06,
WILSON,APARICIO,ESQUERRA,NA,2429,2015-02-15,1958-05-14,
WILSON,NA,CRAVIOTTO,CASAS,1656,NA,1935-05-08,
WILSON,NA,ELSO,GONI,4159,1990-03-01,1938-07-16,
WILSON,NA,ELSO,GOÑI,4159,1985-02-15,1938-07-16,
WILSON,NA,EZQUERRA,NA,1725,NA,1958-05-14,
WILSON,NA,MONTI,GRANE,3913,1963-02-15,1919-06-13,
WILSON,NA,SANABRIA,NA,2120,NA,1949-08-18,
WLADIMIR,NA,TURIANSKY,NA,1353,1972-02-15,1927-01-26,
WLFREDO,G.,ROMAN,NA,2695,2010-03-01,1947-05-28,
WLTER,NA,MAROZZI,NA,842,1997-05-15,,
XOSE,NA,DE ENRIQUEZ,ENRIQUEZ,2443,2015-02-15,,
YAMANDU,NA,FAU,NA,511,2002-09-20,1940-03-21,
YAMANDU,NA,FLANGINI,NA,543,2000-05-16,1933-04-19,
YAMANDU,NA,OLIVEIRA,NA,3284,2015-03-01,1971-10-20,
YAMANDU,NA,ORSI,NA,4010,2015-07-09,1967-06-13,
YAMANDU,NA,SICA,BLANCO,1275,1985-02-15,1927-09-23,2
YAMILA,NA,BONDAD,NA,3234,2015-03-01,1973-07-13,
YERU,NA,PARDINAS,NA,2370,2015-02-15,1955-10-09,
ZOILO,A.,CHELLE,NA,4138,1951-02-15,1900-06-27,
ZOILO,NA,CHELLE,NA,4138,NA,1900-06-27,
ZOILO,NA,SALDIAS,NA,2481,1935-03-19,1886-06-27,2
ZULLY,NA,FREDI,DAY,3043,2010-03-01,1953-03-04,
ZULMA,NA,NOGARA,NA,3584,1962-11-25,1933-05-08,1
