"primer_apellido","segundo_apellido","primer_nombre","segundo_nombre","partido","legislatura","cluster_id","id_unificado"
"ABADIE","SANTOS","HORACIO","","Partido Colorado","32",1,1
"ABADIE","","HORACIO","","Partido Nacional","43",2,1
"ABADIE","PEREZ","HORACIO","","Partido Nacional","45",2,1
"ABADIE","SANTOS","HORACIO","","Partido Colorado","40",1,1
"ABDALA","","CARLOS","","Partido Colorado","44",13,13
"ABDALA","","CARLOS","","Partido Nacional","41",18,13
"ACEVEDO","ALVAREZ","EDUARDO","","Partido Colorado","28",57,57
"ACEVEDO","ALVAREZ","EDUARDO","","Partido Colorado","29",57,57
"ACEVEDO","ALVAREZ","EDUARDO","","Partido Colorado","30",57,57
"ACEVEDO","ALVAREZ","EDUARDO","","Partido Colorado","34",57,57
"ACEVEDO","ALVAREZ","EDUARDO","","Partido Colorado","35",57,57
"ACEVEDO","DIAZ","EDUARDO","","Partido Nacional","21",62,57
"ACEVEDO","","EDUARDO","","Partido Colorado","24",57,57
"ACEVEDO","ALVAREZ","EDUARDO","","Partido Colorado","36",57,57
"AGORIO","","LEOPOLDO","","Union Popular","38",113,113
"AGORIO","","LEOPOLDO","","Partido Socialista","37",114,113
"ALONSO","","NELSON","","Partido Colorado","40",219,219
"ALONSO","","NELSON","","Frente Amplio","42",220,219
"ALONSO","","NELSON","","Partido por el Gobierno del Pueblo","43",221,219
"ALVAREZ","CORTES","JUAN","","Partido Colorado","28",250,250
"ALVAREZ","","JUAN","C.","Partido Nacional","39",265,250
"AMORIN","BATLLE","JOSE","","Partido Colorado","42",338,338
"AMORIN","BATLLE","JOSE","","Partido Colorado","43",338,338
"AMORIN","BATLLE","JOSE","","Partido Colorado","44",338,338
"AMORIN","BATLLE","JOSE","","Partido Colorado","45",338,338
"AMORIN","BATLLE","JOSE","","Partido Colorado","46",338,338
"AMORIN","BATLLE","JOSE","","Partido Colorado","47",338,338
"AMORIN","","JOSE","","Partido Independiente","48",347,338
"AMORIN","BATLLE","JOSE","","Partido Colorado","48",338,338
"ANDRADE","AMBROSONI","JORGE","","Partido Socialista","38",362,362
"ANDRADE","AMBROSONI","JORGE","","Frente Amplio","42",363,362
"ANTUNEZ","","ADEMAR","","Union Popular","38",423,423
"ANTUNEZ","","ADEMAR","","Movimiento Progresista","38",424,423
"ANTUÑA","","JOSE","G.","Partido Colorado","25",428,428
"ANTUÑA","","JOSE","G.","Partido Colorado","26",428,428
"ANTUÑA","","JOSE","G.","Partido Colorado","27",428,428
"ANTUÑA","","JOSE","G.","Partido Colorado","32",428,428
"ANTUÑA","","JOSE","G.","Partido Colorado","33",428,428
"ANTUÑA","","JOSE","","Union Democrata Reformista","37",433,428
"ARIAS","","JOSE","F.","Partido Colorado","25",519,519
"ARIAS","","JOSE","F.","Partido Colorado","26",519,519
"ARIAS","","JOSE","F.","Partido Colorado","27",519,519
"ARIAS","","JOSE","","Partido Nacional","40",522,519
"ARISMENDI","","RODNEY","","Partido Comunista del Uruguay","34",526,526
"ARISMENDI","","RODNEY","","Partido Comunista del Uruguay","35",526,526
"ARISMENDI","","RODNEY","","Partido Comunista del Uruguay","36",526,526
"ARISMENDI","","RODNEY","","Partido Comunista del Uruguay","37",526,526
"ARISMENDI","","RODNEY","","Partido Comunista del Uruguay","38",526,526
"ARISMENDI","","RODNEY","","Frente Izquierda de Liberacion","39",531,526
"ARISMENDI","","RODNEY","","Frente Izquierda de Liberacion","40",531,526
"ARISMENDI","","RODNEY","","Frente Amplio","41",533,526
"AROCENA","","JOSE","ANDRES","Partido Colorado","48",555,555
"AROCENA","ARGUI","JOSE","ANDRES","Partido Nacional","47",556,555
"AROCENA","","JOSE","","Partido Independiente","47",557,555
"AROCENA","","JOSE","","Partido Independiente","48",557,555
"ARRARTE","CORBO","CECILIO","","Partido Nacional","30",574,574
"ARRARTE","CORBO","CECILIO","","Partido Nacional","31",574,574
"ARRARTE","CORBO","CECILIO","","Partido Nacional Independiente","34",576,574
"ARRILLAGA","DUTRA","JOSE","LUIS","Partido Nacional","34",589,589
"ARRILLAGA","DUTRA","JOSE","LUIS","Partido Nacional","35",589,589
"ARRILLAGA","","JOSE","SERVANDO","Partido por el Gobierno del Pueblo","43",608,589
"ARRILLAGA","","JOSE","SERVANDO","Nuevo Espacio","44",609,589
"ASTIAZARAN","","PANTALEON","","Partido Nacional","31",646,646
"ASTIAZARAN","","PANTALEON","","Partido Nacional Independiente","34",647,646
"ASTIAZARAN","","PANTALEON","","Partido Nacional Independiente","35",647,646
"ASTIAZARAN","","PANTALEON","","Partido Nacional Independiente","36",647,646
"ASTIAZARAN","","PANTALEON","","Partido Nacional","38",646,646
"BARGO","","ARSENIO","","Partido Colorado","33",810,810
"BARGO","","ARSENIO","M.","Partido Nacional","33",811,810
"BARGO","","ARSENIO","","Union Democrata Reformista","37",812,810
"BARLA","","MARTIN","","Partido Nacional","47",814,814
"BARLA","","MARTIN","","Partido Colorado","48",815,814
"BARREIRO","","AMBROSIO","WALTER","","22",827,827
"BARREIRO","","AMBROSIO","","Partido Nacional","45",828,827
"BARREIRO","","AMBROSIO","","Partido Nacional","46",828,827
"BARRIOS","AMORIN","JAVIER","","Partido Nacional","29",838,838
"BARRIOS","AMORIN","JAVIER","","Partido Nacional","30",838,838
"BARRIOS","AMORIN","JAVIER","","Partido Nacional","34",838,838
"BARRIOS","AMORIN","JAVIER","","Partido Nacional Independiente","35",841,838
"BARRIOS","AMORIN","JAVIER","","Partido Nacional Independiente","36",841,838
"BARRIOS","AMORIN","JAVIER","","Partido Nacional Independiente","37",841,838
"BARRIOS","ANZA","JAVIER","","Partido Nacional","42",838,838
"BARRIOS","ANZA","JAVIER","","Partido Nacional","43",838,838
"BARRIOS","ANZA","JAVIER","","Partido Nacional","44",838,838
"BARRIOS","AMORIN","JAVIER","","Partido Nacional","37",838,838
"BATALLA","","HUGO","","Partido Colorado","38",866,866
"BATALLA","","HUGO","","Partido Colorado","39",866,866
"BATALLA","","HUGO","","Partido Colorado","40",866,866
"BATALLA","","HUGO","","Frente Amplio","41",869,866
"BATALLA","","HUGO","","Frente Amplio","42",869,866
"BATALLA","","HUGO","","Partido por el Gobierno del Pueblo","43",871,866
"BATALLA","","HUGO","","Partido Colorado","44",866,866
"BATALLA","","HUGO","","Partido Colorado","43",866,866
"BATALLA","","HUGO","","Nuevo Espacio","42",874,866
"BECEIRO","","VICTOR","","Partido Nacional Independiente","36",937,937
"BECEIRO","","VICTOR","","Partido Nacional","29",938,937
"BECEIRO","","VICTOR","","Partido Nacional","31",938,937
"BELTRAN","","WASHINGTON","","Partido Nacional Independiente","35",963,963
"BELTRAN","","WASHINGTON","","Partido Nacional Independiente","36",963,963
"BELTRAN","","WASHINGTON","","Partido Nacional","37",965,963
"BELTRAN","","WASHINGTON","","Partido Nacional","38",965,963
"BELTRAN","","WASHINGTON","","Partido Nacional","39",965,963
"BELTRAN","","WASHINGTON","","Partido Nacional","40",965,963
"BELTRAN","","WASHINGTON","","Partido Nacional","41",965,963
"BELTRAN","","ENRIQUE","","Partido Nacional Independiente","36",970,970
"BELTRAN","","ENRIQUE","","Partido Nacional","39",971,970
"BELTRAN","","ENRIQUE","","Partido Nacional","40",971,970
"BELTRAN","","ENRIQUE","","Partido Nacional","41",971,970
"BELTRAN","","WASHINGTON","","Partido Nacional","25",965,963
"BELTRAN","","WASHINGTON","","Partido Nacional","26",965,963
"BELTRAN","","WASHINGTON","","Partido Nacional","27",965,963
"BENTANCOUR","","JUAN","JOSE","Frente Amplio","45",1006,1006
"BENTANCOUR","ALVARIO","JUAN","","Partido Colorado","42",1007,1006
"BENTANCOUR","ALVARIO","JUAN","","Partido Colorado","44",1007,1006
"BENTANCOUR","FERREIRA","JUAN","","Partido Colorado","42",1007,1006
"BERNHARD","","GUILLERMO","","Partido Socialista","39",1047,1047
"BERNHARD","","GUILLERMO","","Union Popular","38",1048,1047
"BERTACHI","","CARLOS","","Frente Amplio","42",1102,1102
"BERTACHI","","CARLOS","","Partido por el Gobierno del Pueblo","43",1103,1102
"BERTON","","SERGIO","","Partido Colorado","47",1111,1111
"BERTON","","SERGIO","","Partido Nacional","48",1112,1111
"BIANCHI","BADANO","LUIS","","Partido Colorado","44",1138,1138
"BIANCHI","","LUIS","A.","Partido Nacional","48",1148,1138
"BOGLIACCINI","","RAUL","","Partido Nacional","33",1202,1202
"BOGLIACCINI","","RAUL","F.","Partido Colorado","29",1203,1202
"BORDABERRY","","JUAN","MARIA","Partido Nacional","39",1255,1255
"BORDABERRY","","JUAN","MA.","","40",1258,1255
"BORDABERRY","","JUAN","MARIA","Partido Colorado","41",1260,1255
"BORDABERRY","","JUAN","MARIA","Partido Colorado","40",1260,1255
"BOTANA","","SERGIO","","Partido Nacional","46",1294,1294
"BOTANA","","SERGIO","","Partido Colorado","48",1295,1294
"BOTANA","","SERGIO","","Partido Nacional","47",1294,1294
"BOTANA","","SERGIO","","Partido Nacional","49",1294,1294
"BOTTINELLI","","EDUARDO","P.","Partido Nacional Independiente","35",1300,1300
"BOTTINELLI","","EDUARDO","P.","Partido Nacional Independiente","36",1300,1300
"BOTTINELLI","","EDUARDO","P.","Partido Nacional Independiente","37",1300,1300
"BOTTINELLI","","EDUARDO","P.","Partido Nacional","38",1303,1300
"BOVE","ARTEAGA","JOSE","","Partido Nacional","36",1313,1313
"BOVE","ARTEAGA","JOSE","","Partido Nacional","37",1313,1313
"BOVE","ARTEAGA","JOSE","","Partido Nacional","38",1313,1313
"BOVE","ARTEAGA","JOSE","","Pueblo Soberano","35",1316,1313
"BOVE","ARTEAGA","JOSE","","Partido Nacional","39",1313,1313
"BUERO","","ENRIQUE","E.","Partido Colorado","27",1406,1406
"BUERO","ALVAREZ","ENRIQUE","","Movimiento Renovador","37",1414,1406
"CABRERA","","CARMELO","","Partido Nacional","30",1457,1457
"CABRERA","","CARMELO","","Partido Nacional","31",1457,1457
"CABRERA","","CARMELO","","Partido Nacional","32",1457,1457
"CABRERA","","CARMELO","","Partido Nacional","33",1457,1457
"CABRERA","GIORDANO","CARMELO","","Partido Colorado","41",1462,1457
"CAMPOS","","ALFREDO","R.","","33",1538,1538
"CAMPOS","","ALFREDO","R.","Partido Colorado","34",1539,1538
"CAPUTTI","","TABARE","","Frente Amplio","42",1603,1603
"CAPUTTI","","TABARE","","Partido por el Gobierno del Pueblo","43",1604,1603
"CARDOSO","","JOSE","PEDRO","Partido Socialista","33",1651,1651
"CARDOSO","","JOSE","PEDRO","Partido Socialista","34",1651,1651
"CARDOSO","","JOSE","PEDRO","Partido Socialista","35",1651,1651
"CARDOSO","","JOSE","PEDRO","Partido Socialista","36",1651,1651
"CARDOSO","","JOSE","PEDRO","Partido Socialista","37",1651,1651
"CARDOSO","","JOSE","PEDRO","Partido Socialista","38",1651,1651
"CARDOSO","","JOSE","PEDRO","Frente Amplio","42",1657,1651
"CARDOSO","","JOSE","CARLOS","Partido Nacional","47",1663,1651
"CARDOSO","","JOSE","CARLOS","Partido Nacional","48",1663,1651
"CARDOSO","","JOSE","PEDRO","Partido Socialista","39",1651,1651
"CARESANI","","HOLF","","Partido Colorado","38",1688,1688
"CARESANI","MESA","HOLF","","Partido Nacional","43",1689,1688
"CARNELLI","","LORENZO","","Partido Nacional","26",1702,1702
"CARNELLI","","LORENZO","","Partido Nacional","27",1702,1702
"CARNELLI","","LORENZO","","Partido Nacional","28",1702,1702
"CARNELLI","","LORENZO","","Partido Radicalismo Blanco","29",1705,1702
"CARNELLI","","LORENZO","","Partido Radicalismo Blanco","30",1705,1702
"CASSINA","","CARLOS","","Frente Amplio","42",1760,1760
"CASSINA","","CARLOS","","Partido por el Gobierno del Pueblo","43",1761,1760
"CASTELLI","","HUMBERTO","","Partido Colorado","29",1775,1775
"CASTELLI","","HUMBERTO","","Partido Nacional","31",1776,1775
"CASTELLI","","HUMBERTO","L.","Partido Nacional","39",1776,1775
"CASTELLI","","HUMBERTO","L.","Partido Nacional","40",1776,1775
"CASTRO","H","JUAN","PEDRO","Partido Colorado","22",1784,1784
"CASTRO","H","JUAN","PEDRO","Partido Colorado","23",1784,1784
"CASTRO","","JUAN","PEDRO","Partido Colorado","21",1784,1784
"CASTRO","","JUAN","PEDRO","Partido Colorado","22",1784,1784
"CASTRO","","JUAN","PEDRO","Partido Colorado","24",1784,1784
"CASTRO","RIERA","OMAR","","Partido Nacional","44",1790,1790
"CASTRO","RAMOS","EDUARDO","","Partido Colorado","39",1797,1797
"CASTRO","","EDUARDO","","Partido Nacional","47",1804,1797
"CASTRO","","JUAN","","Frente Amplio","48",1806,1784
"CASTRO","","EDUARDO","","Partido Nacional","48",1804,1797
"CASTRO","BIANCHINO","OMAR","","Union Popular","38",1809,1790
"CHELONI","","CONRADO","","Partido Colorado","36",1896,1896
"CHELONI","","CONRADO","","Partido Nacional","38",1897,1896
"CHIARINO","","JUAN","VICENTE","Union Civica","34",1903,1903
"CHIARINO","","JUAN","VICENTE","Union Civica","35",1903,1903
"CHIARINO","","JUAN","VICENTE","Union Civica","36",1903,1903
"CHIARINO","","JUAN","VICENTE","Union Civica","37",1903,1903
"CHIARINO","","JUAN","VICENTE","Union Civica","42",1903,1903
"CHIARINO","","JUAN","VICENTE","Movimiento Civico Cristiano","39",1908,1903
"CHIARINO","","JUAN","VICENTE","Partido Democrata Cristiano","38",1909,1903
"CIGLIUTI","","DANIEL","","Nuevo Espacio","44",1972,1972
"CIGLIUTI","","DANIEL","","Nuevo Espacio","45",1972,1972
"CIGLIUTI","","DANIEL","","Frente Amplio","48",1974,1972
"COLLAZO","","ARIEL","","Partido Nacional","38",2015,2015
"COLLAZO","","ARIEL","","Frente Izquierda de Liberacion","39",2016,2015
"COLLAZO","","ARIEL","","Frente Izquierda de Liberacion","40",2016,2015
"CORE","","FLORENCIO","","Partido Nacional","34",2045,2045
"CORE","","FLORENCIO","","Partido Nacional","36",2045,2045
"CORE","","FLORENCIO","","Partido Nacional","39",2045,2045
"CORE","","FLORENCIO","","Partido Colorado","37",2048,2045
"CORE","","FLORENCIO","","Partido Colorado","38",2048,2045
"COSSIO","","VALENTIN","","Partido Nacional","35",2101,2101
"COSSIO","","VALENTIN","","Union Blanca de Treinta y Tres","36",2102,2101
"COSSIO","","VALENTIN","","Partido Nacional","39",2101,2101
"COSTA","","VICENTE","F.","Partido Colorado","27",2109,2109
"COSTA","","VICENTE","F.","Partido Colorado","28",2109,2109
"COSTA","","VICENTE","F.","Partido Colorado General Fructuoso Rivera","29",2111,2109
"COSTA","","VICENTE","F.","Partido Colorado General Fructuoso Rivera","30",2111,2109
"DE","ARTEAGA","CLODOMIRO","","","21",2259,2259
"DE","ARTEAGA","CLODOMIRO","","Partido Nacional","39",2261,2259
"DE CASTRO","CASTRO","CARLOS","","","21",2293,2293
"DE CASTRO","CASTRO","CARLOS","","Partido Colorado","22",2294,2293
"DE CASTRO","CASTRO","CARLOS","","Partido Colorado","23",2294,2293
"DE CASTRO","CASTRO","CARLOS","","Partido Colorado","24",2294,2293
"DE CASTRO","CASTRO","CARLOS","","Partido Colorado","28",2294,2293
"DE CASTRO","CASTRO","CARLOS","","Partido Colorado","31",2294,2293
"DEL VALLE","VALLE","VICTOR","H.","Partido Nacional","47",2407,2407
"DEL VALLE","VALLE","VICTOR","H.","Partido de la Concertacion","48",2408,2407
"DELGADO","","GUSTAVO","","Partido Nacional","47",2424,2424
"DELGADO","","GUSTAVO","","Frente Amplio","48",2426,2424
"DIAZ","","JOSE","","Frente Amplio","41",2463,2463
"DIAZ","","JOSE","","Frente Amplio","42",2463,2463
"DIAZ","","JOSE","","Frente Amplio","43",2463,2463
"DIAZ","","JOSE","RAMON","Partido Nacional","38",2466,2463
"DIAZ","MAYNARD","DANIEL","","Partido por el Gobierno del Pueblo","43",2469,2469
"DIAZ","MAYNARD","DANIEL","","Frente Amplio","44",2470,2469
"DIAZ","MAYNARD","DANIEL","","Frente Amplio","45",2470,2469
"DIAZ","","RAMON","P.","Partido Nacional","28",2474,2474
"DIAZ","","RAMON","P.","Partido Nacional","29",2474,2474
"DIAZ","","RAMON","P.","Partido Nacional","30",2474,2474
"DIAZ","","JOSE","E.","Frente Amplio","46",2463,2463
"DIAZ","","OMAR","","Partido Nacional","48",2486,2486
"DIAZ","","RAMON","","Partido Liberal","45",2489,2474
"DIAZ","","OMAR","","Movimiento Progresista","38",2490,2486
"DIAZ","(H)","JOSE","R.","Partido Colorado","29",2493,2463
"DIAZ","(H)","JOSE","R.","Partido Colorado","31",2493,2463
"DOMINGUEZ","","RUFINO","T.","","21",2519,2519
"DOMINGUEZ","","RUFINO","T.","Partido Colorado","26",2521,2519
"DOMINGUEZ","","RUFINO","T.","Partido Colorado","28",2521,2519
"DOMINGUEZ","","RUFINO","T.","Partido Colorado","29",2521,2519
"DUBRA","","ARTURO","","Partido Socialista","35",2541,2541
"DUBRA","","ARTURO","","Partido Socialista","36",2541,2541
"DUBRA","","ARTURO","","Partido Socialista","37",2541,2541
"DUBRA","","ARTURO","","Partido Socialista","38",2541,2541
"DUBRA","","ARTURO","","Frente Amplio","45",2545,2541
"DUBRA","","MANUEL","","Partido Colorado General Fructuoso Rivera","32",2546,2546
"DUBRA","","MANUEL","","","30",2548,2546
"DURAN","RUBIO","ANTONIO","M.","Partido Nacional Independiente","34",2572,2572
"DURAN","RUBIO","ANTONIO","M.","Partido Nacional Independiente","35",2572,2572
"DURAN","RUBIO","ANTONIO","M.","Partido Nacional","38",2574,2572
"DURAN","RUBIO","ANTONIO","M.","Partido Nacional","39",2574,2572
"ELIZEIRE","","SEBASTIAN","","Partido Democrata Cristiano","40",2633,2633
"ELIZEIRE","","SEBASTIAN","","Frente Amplio","41",2634,2633
"ERRO","","ENRIQUE","","Partido Nacional","36",2652,2652
"ERRO","","ENRIQUE","","Partido Nacional","37",2652,2652
"ERRO","","ENRIQUE","","Partido Nacional","38",2652,2652
"ERRO","","ENRIQUE","","Union Popular","39",2655,2652
"ERRO","","ENRIQUE","","Frente Amplio","41",2656,2652
"ERRO","","ENRIQUE","","Union Popular","38",2655,2652
"ESPALTER","","JOSE","","Partido Colorado","21",2666,2666
"ESPALTER","","JOSE","","Partido Colorado","22",2666,2666
"ESPALTER","","JOSE","","Partido Colorado","23",2666,2666
"ESPALTER","","JOSE","","Partido Colorado","24",2666,2666
"ESPALTER","","JOSE","","Partido Colorado","25",2666,2666
"ESPALTER","","JOSE","","Partido Colorado","26",2666,2666
"ESPALTER","","JOSE","","Partido Colorado","27",2666,2666
"ESPALTER","","JOSE","","Partido Colorado","28",2666,2666
"ESPALTER","","JOSE","","Partido Colorado Radical","29",2674,2666
"ESPALTER","","JOSE","","Partido Colorado Radical","30",2674,2666
"ESPALTER","","JOSE","","Partido Colorado","32",2666,2666
"ESPALTER","","JOSE","","Partido Colorado","33",2666,2666
"ESPALTER","","JOSE","LUIS","Partido Colorado","26",2666,2666
"ESPALTER","","JOSE","","Partido Colorado","30",2666,2666
"ETCHEGARAY","","PEDRO","","Partido Nacional","21",2737,2737
"ETCHEGARAY","","PEDRO","","Partido Colorado","48",2739,2737
"ETCHEGARAY","","PEDRO","","Partido Colorado","46",2739,2737
"ETCHEVERRY","","JUAN","","Frente Amplio","43",2761,2761
"ETCHEVERRY","","JUAN","","Partido Nacional","37",2763,2761
"ETCHEVERRY","","JUAN","","Partido Nacional","41",2763,2761
"ETCHEVERRY","(H)","JUAN","","Partido Nacional","39",2763,2761
"FAU","","YAMANDU","","Frente Amplio","42",2839,2839
"FAU","","YAMANDU","","Partido por el Gobierno del Pueblo","43",2840,2839
"FAU","","YAMANDU","","Partido Colorado","44",2841,2839
"FAU","","YAMANDU","","Partido Colorado","45",2841,2839
"FERNANDEZ","","ALEJANDRO","","Partido Nacional","26",2853,2853
"FERNANDEZ","","ALEJANDRO","","Partido Nacional","28",2853,2853
"FERNANDEZ","FAINGOLD","HUGO","","Partido Colorado","44",2858,2858
"FERNANDEZ","FAINGOLD","HUGO","","Partido Colorado","45",2858,2858
"FERNANDEZ","FRANCA","DANIEL","","Partido Colorado","42",2860,2860
"FERNANDEZ","","JOSE","PEDRO","Partido Colorado","33",2865,2865
"FERNANDEZ","","JULIO","","Frente Amplio","46",2867,2867
"FERNANDEZ","SALDAÑA","JOSE","MARIA","Partido Nacional","23",2880,2865
"FERNANDEZ","","WASHINGTON","","Partido Colorado","35",2883,2883
"FERNANDEZ","","WASHINGTON","","Partido Colorado","36",2883,2883
"FERNANDEZ","","WASHINGTON","","Partido Colorado","37",2883,2883
"FERNANDEZ","BRITOS","HUGO","","Partido Colorado","42",2858,2858
"FERNANDEZ","BRITOS","HUGO","","Partido Colorado","43",2858,2858
"FERNANDEZ","CRESPO","DANIEL","","Partido Nacional","31",2889,2860
"FERNANDEZ","CRESPO","DANIEL","","Partido Nacional","32",2889,2860
"FERNANDEZ","CRESPO","DANIEL","","Partido Nacional","33",2889,2860
"FERNANDEZ","CRESPO","DANIEL","","Partido Nacional","34",2889,2860
"FERNANDEZ","CRESPO","DANIEL","","Partido Nacional","35",2889,2860
"FERNANDEZ","CRESPO","DANIEL","","Partido Nacional","36",2889,2860
"FERNANDEZ","CRESPO","DANIEL","","Partido Nacional","39",2889,2860
"FERNANDEZ","","HUGO","","Frente Amplio","44",2908,2858
"FERNANDEZ","","HUGO","","Frente Amplio","45",2908,2858
"FERNANDEZ","","HUGO","","Partido Colorado","43",2858,2858
"FERNANDEZ","","JOSE","E.","Frente Amplio","45",2914,2865
"FERNANDEZ","RONDEAU","JULIO","","Partido Colorado","36",2916,2867
"FERNANDEZ","","JULIO","CESAR","Frente Amplio","47",2867,2867
"FERNANDEZ","FAINGOLD","HUGO","","Partido Colorado","42",2858,2858
"FERNANDEZ","","JULIO","","Partido Colorado","47",2916,2867
"FERNANDEZ","","ALEJANDRO","","Frente Amplio","48",2935,2853
"FERNANDEZ","CRESPO","DANIEL","","Partido Nacional","37",2889,2860
"FERNANDEZ","CRESPO","DANIEL","","Partido Nacional","38",2889,2860
"FERNANDEZ","MARIN","WASHINGTON","","Partido Nacional","38",2954,2883
"FIGOLI","","LUIS","","Partido Colorado","28",3035,3035
"FIGOLI","","LUIS","","Partido Colorado","29",3035,3035
"FIGOLI","","LUIS","","Partido Colorado","30",3035,3035
"FIGOLI","","LUIS","","Partido Colorado","33",3035,3035
"FIGOLI","","LUIS","","Partido Colorado","37",3035,3035
"FIGOLI","","LUIS","","Partido Colorado","39",3035,3035
"FIGOLI","","LUIS","","Partido Nacional","38",3042,3035
"FLORES","","VENANCIO","","Union Civica","35",3076,3076
"FLORES","","VENANCIO","","Union Civica","36",3076,3076
"FLORES","","VENANCIO","","Union Civica","37",3076,3076
"FLORES","","VENANCIO","","Union Civica","38",3076,3076
"FLORES","","VENANCIO","","Union Civica","39",3076,3076
"FLORES","","VENANCIO","","Union Civica","40",3076,3076
"FLORES","","VENANCIO","","Movimiento Civico Cristiano","39",3086,3076
"FRUGONI","","EMILIO","","Coalicion Liberal","24",3162,3162
"FRUGONI","","EMILIO","","Partido Socialista","27",3163,3162
"FRUGONI","","EMILIO","","Partido Socialista","30",3163,3162
"FRUGONI","","EMILIO","","Partido Socialista","31",3163,3162
"FRUGONI","","EMILIO","","Partido Socialista","32",3163,3162
"FRUGONI","","EMILIO","","Partido Socialista","33",3163,3162
"FRUGONI","","EMILIO","","Partido Socialista","39",3163,3162
"FRUGONI","","EMILIO","","Partido Socialista","37",3163,3162
"FULCO","","CARLOS","","Frente Amplio","47",3176,3176
"FULCO","","CARLOS","","Partido Nacional","48",3177,3176
"FUREST","","JUAN","CARLOS","Partido Colorado","39",3181,3181
"FUREST","","JUAN","CARLOS","Partido Nacional","42",3182,3181
"FUREST","","JUAN","CARLOS","Partido Nacional","43",3182,3181
"GALAN","","MIGUEL","","Partido Nacional","41",3206,3206
"GALAN","","MIGUEL","ANGEL","Partido Colorado","43",3209,3206
"GALLINAL","","GUSTAVO","","Partido Nacional","28",3228,3228
"GALLINAL","","GUSTAVO","","Partido Nacional","29",3228,3228
"GALLINAL","","GUSTAVO","","Partido Nacional","30",3228,3228
"GALLINAL","","GUSTAVO","","Partido Nacional","31",3228,3228
"GALLINAL","","GUSTAVO","","Partido Nacional Independiente","34",3232,3228
"GALLINAL","","GUSTAVO","","Partido Nacional Independiente","35",3232,3228
"GALLINAL","","GUSTAVO","","Partido Nacional Independiente","36",3232,3228
"GALLINAL","","JOSE","ANTONIO","","34",3235,3235
"GALLINAL","","JOSE","ANTONIO","","35",3236,3235
"GARCIA","","GUILLERMO","L.","Partido Colorado","25",3304,3304
"GARCIA","","GUILLERMO","L.","Partido Colorado","27",3304,3304
"GARCIA","","GUILLERMO","L.","Partido Colorado","28",3304,3304
"GARCIA","","GUILLERMO","L.","Partido Colorado","29",3304,3304
"GARCIA","","GUILLERMO","L.","Partido Colorado","30",3304,3304
"GARCIA","PINTOS","SALVADOR","","Partido Nacional","40",3316,3316
"GARCIA","PINTOS","SALVADOR","","Union Civica","34",3321,3316
"GARCIA","PINTOS","SALVADOR","","Union Civica","35",3321,3316
"GARCIA","PINTOS","SALVADOR","","Union Civica","36",3321,3316
"GARCIA","PINTOS","SALVADOR","","Union Civica","37",3321,3316
"GARCIA","COSTA","GUILLERMO","","Partido Nacional","40",3340,3304
"GARCIA","COSTA","GUILLERMO","","Partido Nacional","41",3340,3304
"GARCIA","COSTA","GUILLERMO","","Partido Nacional","42",3340,3304
"GARCIA","COSTA","GUILLERMO","","Partido Nacional","44",3340,3304
"GARCIA","COSTA","GUILLERMO","","Partido Nacional","45",3340,3304
"GARCIA","MORALES","ALFREDO","","Partido Nacional","26",3348,3348
"GARCIA","MORALES","ALFREDO","","Partido Nacional","27",3348,3348
"GARCIA","MORALES","ALFREDO","","Partido Nacional","28",3348,3348
"GARCIA","MORALES","ALFREDO","","Partido Nacional","29",3348,3348
"GARCIA","MORALES","ALFREDO","","Partido Nacional","30",3348,3348
"GARCIA","MORALES","ALFREDO","","Partido Nacional Independiente","34",3353,3348
"GARCIA","COSTA","GUILLERMO","","Partido Nacional","43",3340,3304
"GARCIA","TECHERA","ALFREDO","","Frente Amplio","48",3371,3348
"GARCIA","OTERO","JULIO","","Partido Democrata Cristiano","38",3373,3373
"GARCIA","OTERO","JULIO","","Union Civica","37",3376,3373
"GIAMBRUNO","","CYRO","","Partido Nacional","32",3462,3462
"GIAMBRUNO","","CYRO","","Partido Nacional","33",3462,3462
"GIAMBRUNO","","CYRO","","Partido Nacional","34",3462,3462
"GIAMBRUNO","","CYRO","","Partido Nacional","35",3462,3462
"GIAMBRUNO","","CYRO","","Partido Colorado","33",3466,3462
"GIL","SOLARES","ORLANDO","","Frente Amplio","45",3482,3482
"GIL","MARTINS","ORLANDO","V.","Partido Colorado","36",3486,3482
"GOMEZ","","EUGENIO","","Partido Comunista del Uruguay","29",3544,3544
"GOMEZ","","EUGENIO","","Partido Comunista del Uruguay","30",3544,3544
"GOMEZ","","EUGENIO","","Partido Comunista del Uruguay","31",3544,3544
"GOMEZ","","EUGENIO","","Partido Comunista del Uruguay","32",3544,3544
"GOMEZ","","EUGENIO","","Partido Comunista del Uruguay","33",3544,3544
"GOMEZ","HAEDO","FRANCISCO","","Partido Colorado","37",3552,3552
"GOMEZ","LARRIERA","FRANCISCO","","Partido Nacional","42",3561,3552
"GOMEZ","","EUGENIO","","Partido de los Trabajadores","38",3567,3544
"GONZALEZ","","ALBERTO","F.","Partido Colorado","33",3570,3570
"GONZALEZ","ALVAREZ","CARLOS","","Partido Nacional","45",3571,3571
"GONZALEZ","ALVAREZ","CARLOS","","Partido Nacional","46",3571,3571
"GONZALEZ","PERLA","HUGO","","Frente Amplio","43",3594,3594
"GONZALEZ","VIDART","ARTURO","","Partido Nacional","29",3598,3598
"GONZALEZ","VIDART","ARTURO","","Partido Nacional","30",3598,3598
"GONZALEZ","VIDART","ARTURO","","Partido Nacional","31",3598,3598
"GONZALEZ","","CARLOS","H.","Partido Nacional","45",3571,3571
"GONZALEZ","","MABEL","","Nuevo Espacio","45",3610,3610
"GONZALEZ","VIDART","ARTURO","","Partido Nacional Independiente","34",3622,3598
"GONZALEZ","","MABEL","","Partido Nacional","47",3631,3610
"GONZALEZ","","ALBERTO","","Frente Amplio","48",3636,3570
"GONZALEZ","","HUGO","","Partido Nacional","48",3644,3594
"GONZALEZ","","PEDRO","A.","Partido Colorado","29",3647,3647
"GONZALEZ","","PEDRO","A.","Partido Nacional","29",3648,3647
"GONZALEZ","","PEDRO","A.","Partido Nacional","31",3648,3647
"GONZALEZ","","CARLOS","MARIA","Partido Colorado","35",3651,3571
"GUTIERREZ","","CESAR","G.","Partido Colorado General Fructuoso Rivera","28",3796,3796
"GUTIERREZ","","CESAR","G.","Partido Colorado General Fructuoso Rivera","29",3796,3796
"GUTIERREZ","","CESAR","G.","Partido Colorado General Fructuoso Rivera","30",3796,3796
"GUTIERREZ","","CESAR","G.","Partido Colorado General Fructuoso Rivera","31",3796,3796
"GUTIERREZ","","FERNANDO","","Partido Nacional","25",3803,3803
"GUTIERREZ","","FERNANDO","","Partido Nacional","26",3803,3803
"GUTIERREZ","","FERNANDO","","Partido Nacional","30",3803,3803
"GUTIERREZ","","CESAR","MAYO","Partido Colorado","27",3811,3796
"GUTIERREZ","","CESAR","MAYO","Partido Colorado","28",3811,3796
"GUTIERREZ","","CESAR","MAYO","Partido Colorado","29",3811,3796
"GUTIERREZ","","CESAR","MAYO","Partido Colorado","30",3811,3796
"GUTIERREZ","","CESAR","MAYO","Partido Colorado","34",3811,3796
"GUTIERREZ","","CESAR","MAYO","Partido Colorado","35",3811,3796
"GUTIERREZ","","CESAR","","Partido Colorado","32",3811,3796
"GUTIERREZ","","FERNANDO","","Frente Amplio","48",3826,3803
"HERRERA","","JULIO","","Partido Colorado","44",3913,3913
"HERRERA","","JULIO","","Partido Colorado","45",3913,3913
"HERRERA","","JULIO","","Partido de la Concertacion","48",3916,3913
"HUGALDE","","JULIO","","Partido Colorado","36",3951,3951
"HUGALDE","","JULIO","","Partido Nacional","37",3952,3951
"IBAÑEZ","","ROBERTO","","Partido Colorado","36",3973,3973
"IBAÑEZ","","ROBERTO","","Partido Socialista","37",3974,3973
"IGLESIAS","","ALBERTO","","Partido Colorado","44",3997,3997
"IGLESIAS","PUIG","ALBERTO","","Partido Nacional","39",3998,3997
"IGLESIAS","PUIG","ALBERTO","","Partido Nacional","40",3998,3997
"IGLESIAS","","ALBERTO","","Partido Colorado","45",3997,3997
"JIMENEZ","DE ARECHAGA","EDUARDO","","","40",4080,4080
"JIMENEZ","DE ARECHAGA","EDUARDO","","Partido Colorado","37",4082,4080
"JOSE","FIGUEROA","JUAN","","Frente Amplio","48",4090,4090
"JOSE","MULLER","JUAN","","Partido Nacional","48",4091,4090
"KOSTER","","LUIS","","Partido Nacional","33",4119,4119
"KOSTER","","LUIS","","Union Vecinal","35",4120,4119
"LEIVAS","","TABARE","","Frente Amplio","47",4308,4308
"LEIVAS","","TABARE","","Partido Colorado","48",4309,4308
"LOPEZ","AGUERRE","JUAN","","Partido Nacional","27",4403,4403
"LOPEZ","AGUERRE","JUAN","","Partido Nacional","28",4403,4403
"LOPEZ","AGUERRE","JUAN","","Partido Nacional","29",4403,4403
"LOPEZ","AGUERRE","JUAN","","Partido Nacional","30",4403,4403
"LOPEZ","DE HARO","LUIS","","Partido Nacional","43",4418,4418
"LOPEZ","GUTIERREZ","JUAN","CARLOS","Partido Colorado","35",4420,4403
"LOPEZ","GUTIERREZ","JUAN","CARLOS","Partido Colorado","36",4420,4403
"LOPEZ","GUTIERREZ","JUAN","CARLOS","Partido Colorado","37",4420,4403
"LOPEZ","GUTIERREZ","JUAN","CARLOS","Partido Colorado","38",4420,4403
"LOPEZ","VIDAUR","JOSE","MA.","","30",4436,4436
"LOPEZ","","LUIS","CARLOS","Frente Amplio","47",4438,4418
"LOPEZ","","JUAN","JOSE","Partido Nacional","47",4403,4403
"LOPEZ","","JOSE","","Partido Nacional","48",4443,4436
"LOPEZ","LANDARIN","JOSE","EDUARDO","Partido Nacional","48",4443,4436
"LOPEZ","","JUAN","JOSE","Partido Nacional","48",4403,4403
"LOPEZ","","JUAN","","Partido Nacional","37",4403,4403
"LOPEZ","RAMOS","JOSE","","Partido Colorado","29",4452,4436
"LOPEZ","LAPHITZ","JOSE","E.","Partido Colorado","39",4452,4436
"LORENZO","RIOS","HECTOR","","Partido Nacional","42",4463,4463
"LORENZO","Y LOSADA H","HECTOR","","Partido Nacional Independiente","35",4467,4463
"LORENZO","Y LOSADA H","HECTOR","","Partido Nacional Independiente","36",4467,4463
"LORENZO","Y LOSADA H","HECTOR","","Partido Nacional Independiente","37",4467,4463
"LORENZO","Y LOSADA H","HECTOR","","Partido Nacional Independiente","38",4467,4463
"LORENZO","Y LOSADA","HECTOR","","Partido Nacional","27",4463,4463
"LORENZO","Y LOSADA","HECTOR","","Partido Nacional Independiente","35",4467,4463
"LORENZO","","FERNANDO","","Nuevo Espacio","44",4475,4475
"LORENZO","Y LOSADA","HECTOR","JOSE","Partido Nacional","44",4463,4463
"LORENZO","","FERNANDO","","Frente Amplio","48",4477,4475
"LORENZO","","FERNANDO","","Frente Amplio","47",4477,4475
"LORENZO","Y LOSADA","HECTOR","","Partido Nacional","39",4463,4463
"LUIS","REDES","JOSE","","Partido Nacional","47",4496,4496
"LUIS","CUELLO","JOSE","","Partido Nacional","47",4496,4496
"LUIS","NUÑEZ","JOSE","","Partido Nacional","48",4496,4496
"LUIS","LANGORTA","JOSE","","Frente Amplio","48",4499,4496
"LUSSICH","","ARTURO","","Partido Nacional","22",4504,4504
"LUSSICH","","ARTURO","","Partido Nacional","26",4504,4504
"LUSSICH","","ARTURO","","Partido Nacional","27",4504,4504
"LUSSICH","","ARTURO","","Partido Nacional","28",4504,4504
"LUSSICH","","ARTURO","","Partido Nacional","29",4504,4504
"LUSSICH","","ARTURO","","Partido Nacional Independiente","34",4509,4504
"MANE","","ALBERTO","","","30",4623,4623
"MANE","","ALBERTO","","Partido Colorado","31",4624,4623
"MANGADO","","JUAN","","Partido Nacional","45",4626,4626
"MANGADO","","JUAN","IGNACIO","Partido Colorado","44",4628,4626
"MANINI","RIOS","PEDRO","","Partido Colorado","22",4632,4632
"MANINI","RIOS","PEDRO","","Partido Colorado","23",4632,4632
"MANINI","RIOS","PEDRO","","Partido Colorado","24",4632,4632
"MANINI","RIOS","PEDRO","","Partido Colorado","25",4632,4632
"MANINI","RIOS","PEDRO","","Partido Colorado","26",4632,4632
"MANINI","RIOS","PEDRO","","Partido Colorado General Fructuoso Rivera","27",4637,4632
"MANINI","RIOS","PEDRO","","Partido Colorado General Fructuoso Rivera","29",4637,4632
"MANINI","RIOS","PEDRO","","Partido Colorado General Fructuoso Rivera","30",4637,4632
"MANINI","RIOS","PEDRO","","Partido Colorado General Fructuoso Rivera","31",4637,4632
"MANINI","RIOS","PEDRO","","Partido Colorado General Fructuoso Rivera","32",4637,4632
"MANINI","RIOS","CARLOS","","Partido Colorado General Fructuoso Rivera","32",4642,4642
"MANINI","RIOS","CARLOS","","Partido Colorado","35",4643,4642
"MANINI","RIOS","CARLOS","","Partido Colorado","36",4643,4642
"MANINI","RIOS","PEDRO","","Partido Colorado","28",4632,4632
"MANINI","RIOS","PEDRO","","Partido Colorado","32",4632,4632
"MANINI","RIOS","PEDRO","","Partido Colorado","33",4632,4632
"MANINI","RIOS","CARLOS","","Partido Colorado","40",4643,4642
"MANINI","RIOS","CARLOS","","Partido Colorado","42",4643,4642
"MANINI","RIOS","CARLOS","","Partido Colorado","38",4643,4642
"MARTINEZ","DE HAEDO","JORGE","","Partido Nacional","27",4691,4691
"MARTINEZ","","DIEGO","M.","Partido Nacional","21",4692,4692
"MARTINEZ","","DIEGO","M.","Partido Nacional","22",4692,4692
"MARTINEZ","","ENRIQUE","D.","Partido Colorado","31",4694,4694
"MARTINEZ","","ENRIQUE","D.","Partido Colorado","32",4694,4694
"MARTINEZ","","ENRIQUE","D.","Partido Colorado","33",4694,4694
"MARTINEZ","","ENRIQUE","D.","Partido Colorado","34",4694,4694
"MARTINEZ","GALLINAL","WALTER","","Partido Nacional","38",4698,4698
"MARTINEZ","GALLINAL","WALTER","","Frente Amplio","41",4699,4698
"MARTINEZ","GARCIA","ANDRES","","Partido Nacional","39",4700,4700
"MARTINEZ","GARCIA","EDUARDO","L.","Partido Colorado","21",4701,4701
"MARTINEZ","GARCIA","EDUARDO","L.","Partido Colorado","24",4701,4701
"MARTINEZ","GARCIA","EDUARDO","L.","Partido Colorado","25",4701,4701
"MARTINEZ","GARCIA","EDUARDO","L.","Partido Colorado","26",4701,4701
"MARTINEZ","GARCIA","EDUARDO","L.","Partido Colorado","27",4701,4701
"MARTINEZ","GUIDO","JUAN","","Partido Nacional","44",4706,4706
"MARTINEZ","HUELMO","RUBEN","","Partido Nacional","43",4707,4707
"MARTINEZ","","JUAN","","Partido Colorado","41",4709,4706
"MARTINEZ","","JUAN","F.","Partido Colorado","37",4709,4706
"MARTINEZ","","LUIS","J.","Partido Nacional","42",4717,4717
"MARTINEZ","MORENO","ENRIQUE","","Partido Colorado","37",4694,4694
"MARTINEZ","MORENO","ENRIQUE","","Partido Colorado","38",4694,4694
"MARTINEZ","MORENO","ENRIQUE","","Partido Colorado","39",4694,4694
"MARTINEZ","MORENO","ENRIQUE","","Partido Colorado","40",4694,4694
"MARTINEZ","MORENO","ENRIQUE","","Frente Amplio","42",4727,4694
"MARTINEZ","TRUEBA","ANDRES","","Partido Colorado","27",4731,4700
"MARTINEZ","TRUEBA","ANDRES","","Partido Colorado","28",4731,4700
"MARTINEZ","TRUEBA","ANDRES","","Partido Colorado","29",4731,4700
"MARTINEZ","TRUEBA","ANDRES","","Partido Colorado","34",4731,4700
"MARTINEZ","","DIEGO","","Partido Colorado","45",4738,4692
"MARTINEZ","","DANIEL","","Frente Amplio","47",4741,4741
"MARTINEZ","HUELMO","RUBEN","","Frente Amplio","47",4742,4707
"MARTINEZ","HUELMO","RUBEN","","Frente Amplio","48",4742,4707
"MARTINEZ","","DANIEL","","Frente Amplio","48",4741,4741
"MARTINEZ","","DANIEL","","Frente Amplio","46",4741,4741
"MARTINEZ","","LUIS","","Frente Amplio","47",4750,4717
"MARTINEZ","","EDUARDO","U.","Frente Amplio","47",4752,4701
"MARTINEZ","","JORGE","","Partido Colorado","47",4753,4691
"MARTINEZ","","LUIS","","Frente Amplio","48",4750,4717
"MARTINEZ","","DANIEL","","Partido Nacional","48",4757,4741
"MARTINEZ","","RUBEN","V.","Partido Nacional","48",4707,4707
"MARTINEZ","","WALTER","","Frente Amplio","48",4699,4698
"MARTINEZ","TRUEBA","ANDRES","","Partido Colorado","36",4731,4700
"MARTINEZ","TRUEBA","ANDRES","","Partido Colorado","37",4731,4700
"MARTINEZ","TRUEBA","ANDRES","","Partido Colorado","35",4731,4700
"MARTINEZ","VILLAMIL","DANIEL","","Frente Amplio","48",4741,4741
"MASSERA","","JOSE","LUIS","Partido Comunista del Uruguay","38",4809,4809
"MASSERA","","JOSE","LUIS","Frente Izquierda de Liberacion","39",4810,4809
"MASSERA","","JOSE","LUIS","Frente Izquierda de Liberacion","40",4810,4809
"MASSERA","","JOSE","PEDRO","Partido Colorado","22",4812,4809
"MASSERA","","JOSE","PEDRO","Partido Colorado","23",4812,4809
"MASSERA","","JOSE","PEDRO","Partido Colorado","24",4812,4809
"MASSERA","","JOSE","PEDRO","Partido Colorado","29",4812,4809
"MASSERA","","JOSE","PEDRO","Partido Colorado","30",4812,4809
"MASSERA","","JOSE","PEDRO","Partido Colorado","31",4812,4809
"MEZZERA","","RODOLFO","","Partido Colorado","25",4964,4964
"MEZZERA","","RODOLFO","","Partido Colorado","26",4964,4964
"MEZZERA","ALVAREZ","RODOLFO","","Partido Democrata Cristiano","38",4966,4964
"MIBELLI","","CELESTINO","","Partido Socialista","27",4967,4967
"MIBELLI","","CELESTINO","","Partido Comunista del Uruguay","28",4968,4967
"MIBELLI","","CELESTINO","","Partido Comunista del Uruguay","29",4968,4967
"MICHELENA","","BERNABE","","Frente Izquierda de Liberacion","38",4973,4973
"MICHELENA","","BERNABE","","Partido Comunista del Uruguay","37",4974,4973
"MICHELINI","","FELIPE","","Nuevo Espacio","44",4976,4976
"MICHELINI","","FELIPE","","Nuevo Espacio","45",4976,4976
"MICHELINI","","FELIPE","","Frente Amplio","46",4978,4976
"MICHELINI","","RAFAEL","","Partido por el Gobierno del Pueblo","43",4979,4979
"MICHELINI","","RAFAEL","","Nuevo Espacio","44",4980,4979
"MICHELINI","","RAFAEL","","Nuevo Espacio","45",4980,4979
"MICHELINI","","RAFAEL","","Frente Amplio","46",4982,4979
"MICHELINI","","ZELMAR","","Partido Colorado","37",4983,4983
"MICHELINI","","ZELMAR","","Partido Colorado","38",4983,4983
"MICHELINI","","ZELMAR","","Partido Colorado","39",4983,4983
"MICHELINI","","ZELMAR","","Partido Colorado","40",4983,4983
"MICHELINI","","ZELMAR","","Partido Colorado General Fructuoso Rivera","41",4987,4983
"MICHELINI","","RAFAEL","","Frente Amplio","48",4982,4979
"MICHELINI","","RAFAEL","","Frente Amplio","47",4982,4979
"MICHELINI","","FELIPE","","Frente Amplio","47",4978,4976
"MICHELINI","","RAFAEL","","Nuevo Espacio","43",4980,4979
"MIERES","","PABLO","","Frente Amplio","42",5001,5001
"MIERES","","PABLO","","Partido por el Gobierno del Pueblo","43",5002,5001
"MIERES","","PABLO","","Nuevo Espacio","45",5003,5001
"MIERES","","PABLO","","Partido Independiente","48",5006,5001
"MIERES","","PABLO","","Partido Independiente","49",5006,5001
"MIERES","","PABLO","","Partido Independiente","47",5006,5001
"MIERES","","PABLO","","Partido Independiente","46",5006,5001
"MIERES","","PABLO","","Partido Independiente","45",5006,5001
"MIERES","","PABLO","","Nuevo Espacio","44",5003,5001
"MOREIRA","","CONSTANZA","","Frente Amplio","47",5139,5139
"MOREIRA","","CONSTANZA","","Partido Nacional","48",5140,5139
"MORENO","","CARLOS","","Partido Nacional","21",5165,5165
"MORENO","","CARLOS","B.","Partido Colorado","35",5172,5165
"MORENO","","CARLOS","B.","Partido Colorado","36",5172,5165
"MORENO","","CARLOS","B.","Partido Colorado","37",5172,5165
"MUJICA","","GONZALO","","Frente Amplio","46",5190,5190
"MUJICA","","GONZALO","","Frente Amplio","48",5190,5190
"MUJICA","","GONZALO","","Frente Amplio","47",5190,5190
"MUJICA","","GONZALO","","Partido Nacional","49",5195,5190
"MUNAR","","PEDRO","","","34",5200,5200
"MUNAR","","PEDRO","","","35",5201,5200
"MUNIZ","CUELLO","MARIA","CARMEN","Partido Colorado","43",5202,5202
"MUNIZ","CUELLO","MARIA","CARMEN","Partido Colorado","44",5202,5202
"MUNIZ","","MARIA","DEL","Partido Nacional","47",5206,5202
"MURPHY","","CAROLINA","","Partido Nacional","47",5220,5220
"MURPHY","","CAROLINA","","Partido de la Concertacion","48",5221,5220
"NIN","NOVOA","RODOLFO","","Frente Amplio","45",5292,5292
"NIN","NOVOA","RODOLFO","","Frente Amplio","46",5292,5292
"NIN","NOVOA","RODOLFO","","Frente Amplio","47",5292,5292
"NIN","NOVOA","RODOLFO","","Frente Amplio","48",5292,5292
"NIN","NOVOA","RODOLFO","","Frente Amplio","44",5292,5292
"NIN","NOVOA","RODOLFO","","Frente Amplio","43",5292,5292
"NIN","NOVOA","RODOLFO","","Partido Nacional","42",5299,5292
"NIN","NOVOA","RODOLFO","","Partido Nacional","43",5299,5292
"NUÑEZ","AYCAGUER","ANGEL","","Partido Nacional Independiente","34",5324,5324
"NUÑEZ","AYCAGUER","ANGEL","","Partido Nacional","29",5336,5324
"NUÑEZ","","FELIX","","Concordancia Colorada","31",5337,5337
"NUÑEZ","","FELIX","","Partido Colorado","33",5338,5337
"NUÑEZ","COLL","ANGEL","M.","Partido Nacional","39",5336,5324
"OGANDO","","CONSTANTINO","","Partido Colorado","29",5349,5349
"OGANDO","","CONSTANTINO","","Partido Nacional","31",5350,5349
"OLIVA","","LUIS","","Partido Colorado","47",5381,5381
"OLIVA","","LUIS","","Partido Nacional","48",5382,5381
"OLIVERA","UBIOS","JOSE","","Partido Nacional","34",5402,5402
"OLIVERA","UBIOS","JOSE","","Partido Nacional","35",5402,5402
"OLIVERA","","JOSE","LUIS","Frente Amplio","48",5415,5402
"ORTIZ","","CELIAR","","Partido Colorado","29",5459,5459
"ORTIZ","","CELIAR","","Partido Colorado","37",5459,5459
"ORTIZ","","CELIAR","","","36",5471,5459
"PASTORINO","","ENRIQUE","","Partido Comunista del Uruguay","36",5611,5611
"PASTORINO","","ENRIQUE","","Partido Comunista del Uruguay","37",5611,5611
"PASTORINO","","ENRIQUE","","Partido Comunista del Uruguay","38",5611,5611
"PASTORINO","","ENRIQUE","","Frente Izquierda de Liberacion","39",5614,5611
"PASTORINO","","ENRIQUE","","Frente Izquierda de Liberacion","38",5614,5611
"PAYSE","REYES","HECTOR","","Partido Nacional Independiente","34",5638,5638
"PAYSE","REYES","HECTOR","","Partido Nacional Independiente","35",5638,5638
"PAYSE","REYES","HECTOR","","Partido Colorado","38",5640,5638
"PAYSE","REYES","HECTOR","","Partido Colorado","39",5640,5638
"PERCOVICH","","CARLOS","","Partido Colorado","23",5705,5705
"PERCOVICH","","CARLOS","MARIA","Partido Nacional","26",5706,5705
"PERCOVICH","","CARLOS","MARIA","Partido Nacional","27",5706,5705
"PERCOVICH","","CARLOS","MARIA","Partido Nacional","28",5706,5705
"PERCOVICH","","CARLOS","M.","Partido Nacional","29",5706,5705
"PEREZ","ALVAREZ","MANUEL","","Frente Amplio","42",5792,5792
"PEREZ","","MANUEL","T.","Partido Nacional","35",5810,5792
"PEREZ","OLAVE","ADOLFO","","Partido Colorado","22",5815,5815
"PEREZ","OLAVE","ADOLFO","","Partido Colorado","23",5815,5815
"PEREZ","OLAVE","ADOLFO","","Partido Colorado","24",5815,5815
"PEREZ","OLAVE","ADOLFO","","Partido Colorado","25",5815,5815
"PEREZ","","OSCAR","A.","Partido Nacional","34",5819,5819
"PEREZ","","OSCAR","A.","Partido Nacional","35",5819,5819
"PEREZ","SANCHEZ","ADOLFO","","Partido Colorado","32",5815,5815
"PEREZ","SANDE","ADOLFO","","Partido Colorado","45",5815,5815
"PEREZ","","SAVINIANO","","Partido Nacional","29",5824,5824
"PEREZ","","SAVINIANO","","Partido Nacional","30",5824,5824
"PEREZ","","SAVINIANO","","Partido Nacional","31",5824,5824
"PEREZ","PELOCHE","OSCAR","","Partido Colorado","42",5837,5819
"PEREZ","PELOCHE","OSCAR","","Partido Colorado","43",5837,5819
"PEREZ","","SAVINIANO","","Partido General Aparicio Saravia","35",5867,5824
"PEREZ","","SAVINIANO","","Partido General Aparicio Saravia","36",5867,5824
"PEREZ","","SAVINIANO","","Partido Nacional","37",5824,5824
"PEREZ","","SAVINIANO","","Partido Nacional","38",5824,5824
"PEREZ","PIERA","ADOLFO","","Frente Amplio","46",5875,5815
"PEROTTI","","ITALO","EDUARDO","Partido Colorado","27",5879,5879
"PEROTTI","","ITALO","EDUARDO","Partido Colorado","28",5879,5879
"PEROTTI","","ITALO","EDUARDO","Partido Colorado General Fructuoso Rivera","29",5881,5879
"PEROTTI","","ITALO","EDUARDO","Partido Colorado General Fructuoso Rivera","30",5881,5879
"PEYROU","","LEON","","Partido Nacional","32",5900,5900
"PEYROU","","LEON","","Union Democrata Reformista","37",5901,5900
"PEÑA","","DANIEL","","Partido Nacional","48",5904,5904
"PEÑA","FERNANDEZ","DANIEL","","Partido Nacional","47",5904,5904
"PEÑA","","DANIEL","","Partido de la Gente","48",5907,5904
"PITA","","JUAN","CARLOS","Partido Nacional","42",5981,5981
"PITA","","JUAN","CARLOS","Frente Amplio","43",5982,5981
"PITA","","JUAN","CARLOS","Frente Amplio","44",5982,5981
"PITA","","JUAN","CARLOS","Frente Amplio","45",5982,5981
"PLA","RODRIGUEZ","AMERICO","","Partido Democrata Cristiano","39",6007,6007
"PLA","RODRIGUEZ","AMERICO","","Frente Amplio","41",6008,6007
"POLLERI","","FELIX","","Partido Colorado","27",6028,6028
"POLLERI","","FELIX","","Partido Colorado","28",6028,6028
"POLLERI","","FELIX","","Partido Colorado General Fructuoso Rivera","29",6030,6028
"POLLERI","","FELIX","","Partido Colorado General Fructuoso Rivera","30",6030,6028
"POLLERI","","FELIX","","Partido Colorado","32",6028,6028
"POLLERI","","FELIX","","Partido Colorado","29",6028,6028
"PONCE","DE LEON","LUIS","","Partido Nacional","22",6046,6046
"PONCE","DE LEON","LUIS","","Partido Nacional","25",6046,6046
"PONCE","DE LEON","LUIS","","Partido Nacional","26",6046,6046
"PONCE","DE LEON","LUIS","","Partido Nacional","28",6046,6046
"PONCE","DE LEON","LUIS","","Partido Nacional","29",6046,6046
"PONCE","DE LEON","LUIS","","Partido Nacional","30",6046,6046
"PONCE","","LUIS","","Partido Obrero Revolucionario","37",6060,6046
"PORTILLO","","MABEL","","Partido del Sol","43",6075,6075
"PORTILLO","","MABEL","","Partido Verde Ecologista","42",6076,6075
"POSADAS","","IVAN","","Nuevo Espacio","44",6083,6083
"POSADAS","","IVAN","","Nuevo Espacio","45",6083,6083
"POSADAS","","IVAN","","Partido Independiente","46",6085,6083
"PRANDO","","CARLOS","MARIA","Partido Colorado","24",6109,6109
"PRANDO","","CARLOS","MARIA","Partido Colorado","28",6109,6109
"PRANDO","","CARLOS","MARIA","Partido Colorado General Fructuoso Rivera","29",6111,6109
"PRANDO","","CARLOS","MARIA","Partido Colorado General Fructuoso Rivera","30",6111,6109
"PRANDO","","CARLOS","MARIA","Partido por la Tradicion Colorada","31",6113,6109
"PRANDO","","CARLOS","MA.","Partido Colorado","28",6109,6109
"PREVITALI","","SERGIO","","Partido Colorado","40",6123,6123
"PREVITALI","","SERGIO","","Frente Amplio","42",6124,6123
"PREVITALI","","SERGIO","","Frente Amplio","43",6124,6123
"PRIETO","","BALTASAR","","Frente Amplio","42",6126,6126
"PRIETO","","BALTASAR","","Partido por el Gobierno del Pueblo","43",6127,6126
"PRIETO","","BALTASAR","","Partido Colorado","44",6128,6126
"PUYOL","","ANDRES","F.","Partido Colorado","28",6169,6169
"PUYOL","","ANDRES","F.","Partido Colorado","29",6169,6169
"PUYOL","","ANDRES","F.","Partido por la Tradicion Colorada","31",6171,6169
"PUYOL","","ANDRES","F.","Partido Colorado","32",6169,6169
"PUYOL","","ANDRES","","Partido Colorado","32",6169,6169
"RIBEIRO","","CARLOS","RAUL","Partido Colorado","37",6349,6349
"RIBEIRO","","CARLOS","RAUL","Partido Colorado","38",6349,6349
"RIBEIRO","","CARLOS","RAUL","Partido Colorado","40",6349,6349
"RIBEIRO","","CARLOS","RAUL","Partido Colorado","41",6349,6349
"RIBEIRO","","CARLOS","","","42",6353,6349
"ROBALLO","DE PREVITALI","ALBA","","Partido Colorado","38",6419,6419
"ROBALLO","DE PREVITALI","ALBA","","Partido Colorado","39",6419,6419
"ROBALLO","DE PREVITALI","ALBA","","Partido Colorado","40",6419,6419
"ROBALLO","DE PREVITALI","ALBA","","Frente Amplio","41",6422,6419
"ROBALLO","DE PREVITALI","ALBA","","Frente Amplio","43",6422,6419
"ROBALLO","DE PREVITALI","ALBA","","Partido Colorado","37",6419,6419
"RODRIGUEZ","ALONSO","MANUEL","","Partido Nacional","29",6445,6445
"RODRIGUEZ","","ANTONIO","J.","Partido Nacional","33",6446,6446
"RODRIGUEZ","","ENRIQUE","J.","Partido Colorado","35",6448,6448
"RODRIGUEZ","FABREGAT","ENRIQUE","","Partido Colorado","28",6448,6448
"RODRIGUEZ","FABREGAT","ENRIQUE","","Partido Colorado","29",6448,6448
"RODRIGUEZ","FABREGAT","ENRIQUE","","Partido Colorado","30",6448,6448
"RODRIGUEZ","FABREGAT","ENRIQUE","","Partido Colorado","31",6448,6448
"RODRIGUEZ","GROLERO","JUAN","","Partido Nacional","27",6453,6453
"RODRIGUEZ","","HECTOR","","Partido Comunista del Uruguay","35",6455,6455
"RODRIGUEZ","","JOSE","LUIS","Partido Nacional","41",6456,6456
"RODRIGUEZ","","JUAN","CARLOS","Partido Colorado","43",6457,6453
"RODRIGUEZ","","JUAN","CARLOS","Partido Colorado","44",6457,6453
"RODRIGUEZ","LABRUNA","CARLOS","","Partido Nacional","40",6459,6459
"RODRIGUEZ","LABRUNA","CARLOS","","Partido Nacional","41",6459,6459
"RODRIGUEZ","LABRUNA","CARLOS","","Partido Nacional","42",6459,6459
"RODRIGUEZ","LARRETA","EDUARDO","","Partido Nacional","26",6470,6470
"RODRIGUEZ","LARRETA","EDUARDO","","Partido Nacional","27",6470,6470
"RODRIGUEZ","LARRETA","EDUARDO","","Partido Nacional","28",6470,6470
"RODRIGUEZ","LARRETA","EDUARDO","","Partido Nacional","30",6470,6470
"RODRIGUEZ","LARRETA","EDUARDO","","Partido Nacional","31",6470,6470
"RODRIGUEZ","LARRETA","EDUARDO","","Partido Nacional Independiente","34",6475,6470
"RODRIGUEZ","LARRETA","EDUARDO","","Partido Nacional Independiente","35",6475,6470
"RODRIGUEZ","LARRETA","EDUARDO","","Partido Nacional Independiente","36",6475,6470
"RODRIGUEZ","LARRETA","EDUARDO","","Partido Nacional","37",6470,6470
"RODRIGUEZ","LARRETA","EDUARDO","","Partido Nacional","38",6470,6470
"RODRIGUEZ","LARRETA","EDUARDO","","Partido Nacional","39",6470,6470
"RODRIGUEZ","ALTEZ","ERNESTO","","Partido Colorado","43",6491,6491
"RODRIGUEZ","","ANTONIO","MARIA","Partido Colorado","21",6499,6446
"RODRIGUEZ","","ANTONIO","MARIA","Partido Colorado","22",6499,6446
"RODRIGUEZ","","ANTONIO","MARIA","Partido Colorado","23",6499,6446
"RODRIGUEZ","","ANTONIO","MARIA","Partido Colorado","24",6499,6446
"RODRIGUEZ","","ANTONIO","MARIA","Partido Colorado","25",6499,6446
"RODRIGUEZ","","ANTONIO","MARIA","Partido Colorado","26",6499,6446
"RODRIGUEZ","APELO","RAUL","","Partido Colorado","42",6505,6505
"RODRIGUEZ","CAL","CARLOS","","Partido Nacional","39",6459,6459
"RODRIGUEZ","CAL","CARLOS","","Partido Nacional","40",6459,6459
"RODRIGUEZ","CAL","CARLOS","","Partido Nacional","41",6459,6459
"RODRIGUEZ","CAMUSSO","FRANCISCO","","Partido Nacional","36",6509,6509
"RODRIGUEZ","CAMUSSO","FRANCISCO","","Partido Nacional","37",6509,6509
"RODRIGUEZ","CAMUSSO","FRANCISCO","","Partido Nacional","38",6509,6509
"RODRIGUEZ","CAMUSSO","FRANCISCO","","Partido Nacional","39",6509,6509
"RODRIGUEZ","CAMUSSO","FRANCISCO","","Partido Nacional","40",6509,6509
"RODRIGUEZ","CAMUSSO","FRANCISCO","","Frente Amplio","41",6514,6509
"RODRIGUEZ","CAMUSSO","FRANCISCO","","Frente Amplio","42",6514,6509
"RODRIGUEZ","CAMUSSO","FRANCISCO","","Frente Amplio","43",6514,6509
"RODRIGUEZ","CARRASCO","HUGO","","Partido Nacional","38",6517,6517
"RODRIGUEZ","CARRASCO","HUGO","","Partido Nacional","39",6517,6517
"RODRIGUEZ","CARRASCO","HUGO","","Partido Nacional","41",6517,6517
"RODRIGUEZ","CORREA","ANTONIO","","Partido Colorado","45",6499,6446
"RODRIGUEZ","CORREA","FRANCISCO","","Partido Colorado","45",6521,6509
"RODRIGUEZ","CORREA","JUAN","","Partido Colorado","36",6457,6453
"RODRIGUEZ","CORREA","JUAN","","Partido Colorado","37",6457,6453
"RODRIGUEZ","CORREA","JUAN","","Partido Colorado","38",6457,6453
"RODRIGUEZ","CORREA","MANUEL","","Partido Colorado","35",6525,6445
"RODRIGUEZ","CORREA","MANUEL","","Partido Colorado","36",6525,6445
"RODRIGUEZ","","ENRIQUE","","Partido Comunista del Uruguay","35",6528,6448
"RODRIGUEZ","","ENRIQUE","","Partido Comunista del Uruguay","38",6528,6448
"RODRIGUEZ","","ENRIQUE","","Frente Izquierda de Liberacion","39",6530,6448
"RODRIGUEZ","","ENRIQUE","","Frente Izquierda de Liberacion","40",6530,6448
"RODRIGUEZ","","ENRIQUE","","Frente Amplio","41",6532,6448
"RODRIGUEZ","","ERNESTO","","Partido Nacional","43",6533,6491
"RODRIGUEZ","FILLIPINI","HUGO","","Frente Amplio","43",6535,6517
"RODRIGUEZ","IBARBURU","OSCAR","","Partido Nacional","38",6543,6543
"RODRIGUEZ","","JOSE","PEDRO","Frente Amplio","44",6544,6456
"RODRIGUEZ","ROCHA","OSCAR","","Partido Colorado","33",6548,6543
"RODRIGUEZ","GALVEZ","CARLOS","","Frente Amplio","47",6550,6459
"RODRIGUEZ","ALVEZ","CARLOS","","Frente Amplio","48",6550,6459
"RODRIGUEZ","GALVEZ","CARLOS","","Frente Amplio","49",6550,6459
"RODRIGUEZ","","JUAN","MARTIN","Partido Nacional","49",6453,6453
"RODRIGUEZ","CORREA","JUAN","","Partido Colorado","35",6457,6453
"RODRIGUEZ","","HUGO","","Partido Nacional","47",6517,6517
"RODRIGUEZ","","JUAN","C.","Partido Nacional","47",6453,6453
"RODRIGUEZ","","RAMON","R.","Partido Nacional","47",6579,6579
"RODRIGUEZ","","JUAN","C.","Partido Nacional","48",6453,6453
"RODRIGUEZ","","HUGO","","Partido Nacional","48",6517,6517
"RODRIGUEZ","","RAMON","","Partido Colorado","48",6595,6579
"RODRIGUEZ","CORREA","MANUEL","","Partido Colorado","38",6525,6445
"RODRIGUEZ","","RAUL","","Asamblea Popular","46",6600,6505
"RODRIGUEZ","FABREGAT","ENRIQUE","","Partido Colorado","38",6448,6448
"RODRIGUEZ","CORREA","MANUEL","","Partido Colorado","37",6525,6445
"RODRIGUEZ","","HECTOR","","Partido Laborista","37",6606,6455
"RODRIGUEZ","","JOSE","","Partido Colorado","34",6608,6456
"RODRIGUEZ","CORREA","MANUEL","","Partido Colorado","34",6525,6445
"ROMEU","","JOSE","","Partido Nacional","21",6635,6635
"ROMEU","","JOSE","","Partido Colorado","24",6636,6635
"ROSSI","","MARIO","","Partido Colorado General Fructuoso Rivera","28",6707,6707
"ROSSI","","MARIO","","Partido Colorado General Fructuoso Rivera","31",6707,6707
"ROSSI","","MARIO","","Partido Comuna","46",6713,6707
"ROVIRA","","ALEJANDRO","","Partido Colorado","40",6718,6718
"ROVIRA","","ALEJANDRO","","","41",6719,6718
"RUBIO","","EDUARDO","","Frente Amplio","45",6734,6734
"RUBIO","","EDUARDO","JOSE","Partido Colorado","48",6741,6734
"SANCHEZ","","AMADOR","","Partido Nacional","26",6854,6854
"SANCHEZ","","AMADOR","","Partido Nacional","27",6854,6854
"SANCHEZ","","AMADOR","","Partido Nacional","30",6854,6854
"SANCHEZ","","AMADOR","","Partido Nacional Independiente","31",6857,6854
"SANCHEZ","","AMADOR","","Partido Nacional Independiente","34",6857,6854
"SANCHEZ","","AMADOR","","Partido Nacional Independiente","35",6857,6854
"SANCHEZ","","ALEJANDRO","","Frente Amplio","48",6873,6873
"SANCHEZ","","ALEJANDRO","","Frente Amplio","47",6873,6873
"SANCHEZ","","ALEJANDRO","","Frente Amplio","49",6873,6873
"SANCHEZ","","ALEJANDRO","","Partido cuatro puntos cardinales","46",6879,6873
"SANTAMARINA","","EDEN","MELO","Frente Amplio","42",6914,6914
"SANTAMARINA","","EDEN","MELO","Partido por el Gobierno del Pueblo","43",6915,6914
"SANTAMARINA","","EDEN","MELO","Partido Colorado","44",6916,6914
"SARALEGUI","","MIGUEL","","Partido Democrata Cristiano","39",6952,6952
"SARALEGUI","","MIGUEL","","Partido Democrata Cristiano","38",6952,6952
"SARALEGUI","","MIGUEL","","Union Civica","37",6954,6952
"SARAVIA","","JORGE","","Frente Amplio","46",6960,6960
"SARAVIA","","MAURO","","Partido Colorado","38",6971,6971
"SARAVIA","","MAURO","","Partido Colorado","39",6971,6971
"SARAVIA","","JORGE","","Partido Nacional","47",6974,6960
"SARAVIA","","MAURO","","Partido Nacional","38",6978,6971
"SENCION","","FULGENCIO","P.","Concentracion Colorada","29",7090,7090
"SENCION","","FULGENCIO","P.","Concordancia Colorada","31",7091,7090
"SILVA","VARELA","JORGE","","Partido Colorado","37",7143,7143
"SILVA","ROTTA","JORGE","","Partido Colorado","45",7143,7143
"SILVA","","JORGE","","Partido Democratico Unido","48",7157,7143
"SILVEIRA","","GUSTAVO","","Partido Nacional","43",7175,7175
"SILVEIRA","","GUSTAVO","","Partido Nacional","45",7175,7175
"SILVEIRA","","GUSTAVO","","Partido Colorado","47",7180,7175
"SOARES","NETTO","EDMUNDO","","Frente Izquierda de Liberacion","40",7231,7231
"SOARES","NETTO","EDMUNDO","","Frente Amplio","41",7232,7231
"SOLARES","","ALFREDO","J.","Partido Nacional","29",7244,7244
"SOLARES","","ALFREDO","J.","Partido Nacional","30",7244,7244
"SOLARES","","ALFREDO","J.","Partido Nacional","31",7244,7244
"SOLARES","","ALFREDO","J.","Partido Nacional Independiente","35",7247,7244
"SOLARES","","ALFREDO","J.","Partido Nacional Independiente","36",7247,7244
"SOSA","ACOSTA","HERIBERTO","","Frente Amplio","42",7270,7270
"SOSA","ACOSTA","HERIBERTO","","Partido por el Gobierno del Pueblo","43",7271,7270
"SOSA","","HERIBERTO","","Union Popular","48",7288,7270
"SUAREZ","","JUAN","CARLOS","Partido Colorado","37",7348,7348
"SUAREZ","LORENZO","PEDRO","","Partido Nacional","41",7350,7350
"SUAREZ","LORENZO","PEDRO","","Partido Nacional","43",7350,7350
"SUAREZ","LORENZO","PEDRO","","Partido Nacional","44",7350,7350
"SUAREZ","","ALBERTO","C.","Partido Comunista del Uruguay","35",7359,7359
"SUAREZ","","ALBERTO","C.","Frente Izquierda de Liberacion","38",7360,7359
"SUAREZ","","ALBERTO","C.","Frente Izquierda de Liberacion","40",7360,7359
"SUAREZ","","JUAN","PEDRO","Partido Nacional","29",7363,7348
"SUAREZ","","JUAN","PEDRO","Partido Nacional","30",7363,7348
"SUAREZ","","JUAN","PEDRO","Partido Nacional","31",7363,7348
"SUAREZ","","JUAN","PEDRO","Partido Nacional","32",7363,7348
"SUAREZ","","PEDRO","","Partido Nacional","47",7350,7350
"SUAREZ","","JUAN","PEDRO","Frente Amplio","47",7373,7348
"SUAREZ","","PEDRO","","Frente Amplio","47",7377,7350
"SUAREZ","","JUAN","","Partido Nacional","48",7363,7348
"SUAREZ","","MARIA","DE","Partido Nacional","48",7383,7383
"SUAREZ","","PEDRO","","Frente Amplio","48",7377,7350
"SUAREZ","","MARIA","LUISA","Partido de los Trabajadores","45",7385,7383
"TEJERA","","ADOLFO","","Partido Nacional Independiente","34",7428,7428
"TEJERA","","ADOLFO","","Partido Nacional Independiente","35",7428,7428
"TEJERA","","ADOLFO","","Partido Nacional","37",7430,7428
"TEJERA","","ADOLFO","","Partido Nacional","39",7430,7428
"TERRA","","JOSE","LADISLAO","Partido Nacional","33",7443,7443
"TERRA","","JUAN","PABLO","Partido Democrata Cristiano","40",7444,7444
"TERRA","","JUAN","PABLO","Frente Amplio","41",7445,7444
"TERRA","AROCENA","HORACIO","","Union Civica","34",7447,7447
"TERRA","AROCENA","HORACIO","","Union Civica","35",7447,7447
"TERRA","AROCENA","HORACIO","","Union Civica","36",7447,7447
"TERRA","AROCENA","HORACIO","","Union Civica","37",7447,7447
"TERRA","","JOSE","LADISLAO","","21",7457,7443
"TERRA","AROCENA","HORACIO","","Partido Democrata Cristiano","38",7461,7447
"TRIAS","","VIVIAN","","Partido Socialista","37",7567,7567
"TRIAS","","VIVIAN","","Partido Socialista","38",7567,7567
"TRIAS","","VIVIAN","","Frente Amplio","41",7569,7567
"URIARTE","","CARLOS","","Partido Nacional","26",7630,7630
"URIARTE","","CARLOS","MARIA","Partido Colorado","49",7632,7630
"URIOSTE","OLIVERA","CESAR","","Partido Nacional","29",7639,7639
"URIOSTE","OLIVERA","CESAR","","Partido Nacional","30",7639,7639
"URIOSTE","OLIVERA","CESAR","","Partido Nacional","31",7639,7639
"URIOSTE","OLIVERA","CESAR","","Partido Colorado","29",7645,7639
"VAILLANT","","VICTOR","","Partido Colorado","42",7668,7668
"VAILLANT","","VICTOR","","Frente Amplio","46",7669,7668
"VAILLANT","","VICTOR","","Partido Colorado","44",7668,7668
"VARZI","","PABLO","","","24",7709,7709
"VARZI","","PABLO","","Partido Colorado","25",7710,7709
"VASCONCELLOS","","HECTOR","","Partido por la Tradicion Colorada","31",7711,7711
"VASCONCELLOS","","HECTOR","","Partido Colorado","29",7718,7711
"VASCONCELLOS","","HECTOR","","Partido Colorado","31",7718,7711
"VAZQUEZ","","WASHINGTON","","Partido Colorado","40",7744,7744
"VAZQUEZ","","WASHINGTON","","Partido Colorado","41",7744,7744
"VAZQUEZ","VARELA","JACOBO","","Partido Colorado","33",7747,7747
"VAZQUEZ","VARELA","JACOBO","","Partido Nacional","33",7752,7747
"VAZQUEZ","","WASHINGTON","","Partido Federal","39",7762,7744
"VIERA","","EDUARDO","","Frente Izquierda de Liberacion","39",7875,7875
"VIERA","","EDUARDO","","Frente Izquierda de Liberacion","40",7875,7875
"VIERA","","EDUARDO","","Frente Amplio","41",7877,7875
"VIERA","","EDUARDO","","Frente Amplio","43",7877,7875
"VIEYTE","","MIGUEL","","Partido por la Tradicion Colorada","32",7903,7903
"VIEYTE","","MIGUEL","","Partido Colorado","34",7904,7903
"VIEYTE","","MIGUEL","","Partido Colorado","35",7904,7903
"WILLIMAN","","CLAUDIO","","Partido Nacional","42",7978,7978
"WILLIMAN","","CLAUDIO","","Partido Colorado","21",7979,7978
"WILLIMAN","","CLAUDIO","","Partido Colorado","22",7979,7978
"XIMENEZ","","ISAIAS","","Partido Colorado","27",7990,7990
"XIMENEZ","","ISAIAS","","Partido Colorado","28",7990,7990
"XIMENEZ","","ISAIAS","","Partido Colorado Radical","29",7992,7990
"XIMENEZ","","ISAIAS","","Partido Colorado","30",7990,7990
"XIMENEZ","","ISAIAS","","Partido Colorado","31",7990,7990
"YANES","","HORACIO","","Nuevo Espacio","44",7997,7997
"YANES","","HORACIO","","Nuevo Espacio","45",7997,7997
"YANES","","HORACIO","","Frente Amplio","46",7999,7997
"YANES","","HORACIO","","Frente Amplio","47",7999,7997
"ZABALZA","","PEDRO","","Partido Nacional","40",8013,8013
"ZABALZA","","PEDRO","","Partido Nacional","41",8013,8013
"ZABALZA","ARROSPIDE","PEDRO","","Partido Nacional","38",8013,8013
"ZABALZA","","PEDRO","","Partido Nacional","37",8013,8013
"ZABALZA","","PEDRO","","Partido Blanco","36",8017,8013
"ZABALZA","","PEDRO","","Partido Nacional","38",8013,8013
