"primer_apellido","segundo_apellido","primer_nombre","segundo_nombre","id_politico","partido","inicio","fin","legislatura","cargo","status","circunscripcion","sexo","fecha_nac","fecha_inicio_l","fecha_fin_l","legislaturas_agrupadas","agregado","fecha_intermedia","ed_asumir","ed_asumir_1","edad_asumir"
"ABDALA","SCHWARZ","PABLO","DANIEL",1453,"Partido Nacional",2010,2015,47,"Diputado","Titular","Montevideo",1,1966-07-14,2010-02-15,2015-02-14,"1985-2020",0,2012-08-15,43,NA,43
"ALONSO","MONTANO","VERONICA","MARIA",2399,"Partido Nacional",2010,2015,47,"Diputado","Titular","Montevideo",0,1973-10-24,2010-02-15,2015-02-14,"1985-2020",0,2012-08-15,36,NA,36
"CHIESA","BRUNO","ANTONIO",NA,4371,"Partido Nacional",2010,2015,47,"Diputado","Titular","Tacuarembó",1,1953-07-26,2010-02-15,2015-02-14,"1985-2020",0,2012-08-15,56,NA,56
"CONDE","CARRERAS","ROBERTO",NA,363,"Frente Amplio",2010,2013,47,"Diputado","Titular","Canelones",1,1952-09-07,2010-02-15,2015-02-14,"1985-2020",0,2012-08-15,57,NA,57
"COUTINHO","RODRIGUEZ","GERMAN","MANUEL",2381,"Partido Colorado",2010,2010,47,"Diputado","Titular",NA,1,1970-04-01,2010-02-15,2015-02-14,"1985-2020",0,2012-08-15,39,NA,39
"DE LEON","OJEDA","WALTER","ULISES",2295,"Frente Amplio",2010,2015,47,"Diputado","Titular","San José",1,1951-02-20,2010-02-15,2015-02-14,"1985-2020",0,2012-08-15,58,NA,58
"DE TORO","GONZALEZ","GONZALO",NA,2338,"Frente Amplio",2010,2011,47,"Diputado","Titular","Montevideo",1,1950-06-08,2010-02-15,2015-02-14,"1985-2020",0,2012-08-15,59,NA,59
"DELGADO CERETTA",NA,"ALVARO",NA,445,"Partido Nacional",2010,2015,47,"Diputado","Titular","Montevideo",1,1969-03-11,2010-02-15,2015-02-14,"1985-2020",0,2012-08-15,40,NA,40
"ENCISO","CHRISTIANSEN","CARLOS","FERNANDO",3888,"Partido Nacional",2010,2010,47,"Diputado","Titular","Florida",1,1967-08-23,2010-02-15,2015-02-14,"1985-2020",0,2012-08-15,42,NA,42
"ESPINOSA","MARMOL","GUSTAVO","ADRIAN",498,"Partido Colorado",2010,2015,47,"Diputado","Titular","Canelones",1,1965-01-10,2010-02-15,2015-02-14,"1985-2020",0,2012-08-15,45,NA,45
"FERNANDEZ","HUIDOBRO","ELEUTERIO",NA,531,"Frente Amplio",2010,2010,47,"Diputado","Titular",NA,1,1942-03-14,2010-02-15,2015-02-14,"1985-2020",0,2012-08-15,67,NA,67
"FRACHIA","BRAIDA","ROBERTO","FRANCISCO",2342,"Frente Amplio",2010,2011,47,"Diputado","Titular","Lavalleja",1,1943-11-21,2010-02-15,2015-02-14,"1985-2020",0,2012-08-15,66,NA,66
"GANDINI","ASTESIANO","JORGE","OSVALDO",1797,"Partido Nacional",2010,2015,47,"Diputado","Titular","Montevideo",1,1958-03-05,2010-02-15,2015-02-14,"1985-2020",0,2012-08-15,51,NA,51
"GARCIA","DUCHINI","JAVIER","FERNANDO",3917,"Partido Nacional",2010,2015,47,"Diputado","Titular","Montevideo",1,1963-11-28,2010-02-15,2015-02-14,"1985-2020",0,2012-08-15,46,NA,46
"GARINO","GRUSS","JUAN","MANUEL",2376,"Partido Colorado",2010,2015,47,"Diputado","Titular","Montevideo",1,1981-12-15,2010-02-15,2015-02-14,"1985-2020",0,2012-08-15,28,NA,28
"GLOODTDOFSKY","FERNANDEZ","ANIBAL",NA,2372,"Partido Colorado",2010,2015,47,"Diputado","Titular","Montevideo",1,1960-09-27,2010-02-15,2015-02-14,"1985-2020",0,2012-08-15,49,NA,49
"GROBA","ARRIONDO","OSCAR",NA,3934,"Frente Amplio",2010,2015,47,"Diputado","Titular","Montevideo",1,1951-01-10,2010-02-15,2015-02-14,"1985-2020",0,2012-08-15,59,NA,59
"IBARRA","FERREIRA","DOREEN","JAVIER",3941,"Frente Amplio",2010,2015,47,"Diputado","Titular","Montevideo",1,1934-05-03,2010-02-15,2015-02-14,"1985-2020",0,2012-08-15,75,NA,75
"AMADO","FERNANDEZ","FERNANDO",NA,2387,"Partido Colorado",2010,2014,47,"Diputado","Titular","Montevideo",1,1982-09-11,2010-02-15,2015-02-14,"1985-2020",0,2012-08-15,27,NA,27
"AMARILLA","DE","GERARDO","ANDRES",4369,"Partido Nacional",2010,2015,47,"Diputado","Titular","Rivera",1,1969-02-01,2010-02-15,2015-02-14,"1985-2020",0,2012-08-15,41,NA,41
"AMY","TEJERA","JOSE","ANTONIO",2384,"Partido Colorado",2010,2015,47,"Diputado","Titular","Soriano",1,1967-11-03,2010-02-15,2015-02-14,"1985-2020",0,2012-08-15,42,NA,42
"ITURRALDE","VINAS","PABLO","LUIS",3945,"Partido Nacional",2010,2015,47,"Diputado","Titular","Montevideo",1,1959-09-23,2010-02-15,2015-02-14,"1985-2020",0,2012-08-15,50,NA,50
"LACALLE","POU","LUIS","ALBERTO",770,"Partido Nacional",2010,2015,47,"Diputado","Titular","Canelones",1,1973-08-11,2010-02-15,2015-02-14,"1985-2020",0,2012-08-15,36,NA,36
"LAURNAGA","ARREGUI","MARIA","ELENA",2335,"Frente Amplio",2010,2015,47,"Diputado","Titular","Montevideo",0,1954-12-04,2010-02-15,2015-02-14,"1985-2020",0,2012-08-15,55,NA,55
"LIMA","PROSERPIO","ANDRES","PABLO",3954,"Frente Amplio",2015,2015,47,"Diputado","Titular","Salto",1,1973-10-31,2010-02-15,2015-02-14,"1985-2020",0,2012-08-15,36,NA,36
"LIMA","PROSERPIO","ANDRES","PABLO",3954,"Frente Amplio",2010,2014,47,"Diputado","Titular","Salto",1,1973-10-31,2010-02-15,2015-02-14,"1985-2020",0,2012-08-15,36,NA,36
"MAGURNO","SOUTO","OSCAR",NA,853,"Partido Colorado",2010,2010,47,"Diputado","Titular","Montevideo",1,1930-03-03,2010-02-15,2015-02-14,"1985-2020",0,2012-08-15,79,NA,79
"MAHIA","FREIRE","JOSE","CARLOS",3967,"Frente Amplio",2010,2015,47,"Diputado","Titular","Canelones",1,1966-08-08,2010-02-15,2015-02-14,"1985-2020",0,2012-08-15,43,NA,43
"MALLO","CALVINO","ALMA","SONIA",4178,"Partido Colorado",2010,2014,47,"Diputado","Titular","Montevideo",0,1940-08-09,2010-02-15,2015-02-14,"1985-2020",0,2012-08-15,69,NA,69
"MARTINEZ","HUELMO","RUBEN","WALDEMAR",3984,"Frente Amplio",2010,2015,47,"Diputado","Titular","Montevideo",1,1949-09-27,2010-02-15,2015-02-14,"1985-2020",0,2012-08-15,60,NA,60
"MATIAUDE","ESPINO","GRACIELA","VENANCIA MARIA",2373,"Partido Colorado",2010,2015,47,"Diputado","Titular","Canelones",0,1957-03-14,2010-02-15,2015-02-14,"1985-2020",0,2012-08-15,52,NA,52
"MICHELINI","DELLE","FELIPE","RAUL",924,"Frente Amplio",2010,2015,47,"Diputado","Titular","Montevideo",1,1961-01-24,2010-02-15,2015-02-14,"1985-2020",0,2012-08-15,49,NA,49
"MONTANER","FORMOSO","MARTHA","SILVANA",1950,"Partido Colorado",2010,2015,47,"Diputado","Titular","Tacuarembó",0,1955-01-06,2010-02-15,2015-02-14,"1985-2020",0,2012-08-15,55,NA,55
"MUJICA","BENOIT","GONZALO","FERNANDO",963,"Frente Amplio",2010,2015,47,"Diputado","Titular","Montevideo",1,1956-06-06,2010-02-15,2015-02-14,"1985-2020",0,2012-08-15,53,NA,53
"NIFFOURI","BLANCO","AMIN",NA,2401,"Partido Nacional",2010,2015,47,"Diputado","Titular","Canelones",1,1971-12-02,2010-02-15,2015-02-14,"1985-2020",0,2012-08-15,38,NA,38
"NOVALES","MAYOL","GONZALO","LEOPOLDO",984,"Partido Nacional",2010,2015,47,"Diputado","Titular","Soriano",1,1943-05-30,2010-02-15,2015-02-14,"1985-2020",0,2012-08-15,66,NA,66
"ORRICO","MIRALDI","JORGE","OMAR",1012,"Frente Amplio",2010,2015,47,"Diputado","Titular","Montevideo",1,1946-10-25,2010-02-15,2015-02-14,"1985-2020",0,2012-08-15,63,NA,63
"OSORIO","LIMA","MARNE","YOHN",4011,"Partido Colorado",2010,2010,47,"Diputado","Titular","Rivera",1,1966-02-04,2010-02-15,2015-02-14,"1985-2020",0,2012-08-15,44,NA,44
"PASSADA","LEONCINI","IVONNE","GRAZIELLA",2329,"Frente Amplio",2015,2015,47,"Diputado","Titular",NA,1,1956-04-04,2010-02-15,2015-02-14,"1985-2020",0,2012-08-15,53,NA,53
"PASSADA","LEONCINI","IVONNE","GRAZIELLA",2329,"Frente Amplio",2010,2015,47,"Diputado","Titular",NA,1,1956-04-04,2010-02-15,2015-02-14,"1985-2020",0,2012-08-15,53,NA,53
"PAYSSE","RODRIGUEZ","DANIELA",NA,2006,"Frente Amplio",2010,2015,47,"Diputado","Titular","Montevideo",0,1946-10-17,2010-02-15,2015-02-14,"1985-2020",0,2012-08-15,63,NA,63
"PENA","HERNANDEZ","MARIA","ADRIANA",4031,"Partido Nacional",2010,2010,47,"Diputado","Titular","Lavalleja",0,1964-09-09,2010-02-15,2015-02-14,"1985-2020",0,2012-08-15,45,NA,45
"PERDOMO","GAMARRA","ALBERTO","JAVIER",4018,"Partido Nacional",2010,2015,47,"Diputado","Titular","Canelones",1,1967-04-06,2010-02-15,2015-02-14,"1985-2020",0,2012-08-15,42,NA,42
"PEREYRA","HUELMO","HECTOR","ANIBAL",4022,"Frente Amplio",2015,2015,47,"Diputado","Titular","Rocha",1,1966-11-07,2010-02-15,2015-02-14,"1985-2020",0,2012-08-15,43,NA,43
"PEREYRA","HUELMO","HECTOR","ANIBAL",4022,"Frente Amplio",2010,2015,47,"Diputado","Titular","Rocha",1,1966-11-07,2010-02-15,2015-02-14,"1985-2020",0,2012-08-15,43,NA,43
"ARREGUI","MARSANO","ROQUE","EDISON",1493,"Frente Amplio",2010,2015,47,"Diputado","Titular","Soriano",1,1950-08-16,2010-02-15,2015-02-14,"1985-2020",0,2012-08-15,59,NA,59
"ASTI","CARLI","ALFREDO","ANGEL",4135,"Frente Amplio",2010,2015,47,"Diputado","Titular","Montevideo",1,1948-10-02,2010-02-15,2015-02-14,"1985-2020",0,2012-08-15,61,NA,61
"PEREYRA","PINEYRO","SUSANA",NA,2303,"Frente Amplio",2010,2015,47,"Diputado","Titular","Montevideo",0,1956-04-24,2010-02-15,2015-02-14,"1985-2020",0,2012-08-15,53,NA,53
"PEREZ","BRITO","DARIO",NA,4309,"Frente Amplio",2010,2015,47,"Diputado","Titular","Maldonado",1,1957-01-06,2010-02-15,2015-02-14,"1985-2020",0,2012-08-15,53,NA,53
"PERRACHON","GONNET","MARIO","HUMBERTO",2307,"Frente Amplio",2010,2015,47,"Diputado","Titular","Colonia",1,1943-03-02,2010-02-15,2015-02-14,"1985-2020",0,2012-08-15,66,NA,66
"PINEYRUA","OLMOS","ANA","LIA",2534,"Partido Nacional",2010,2015,47,"Diputado","Titular",NA,0,1954-11-23,2010-02-15,2015-02-14,"1985-2020",0,2012-08-15,55,NA,55
"PLANCHON","GEYMONAT","RICARDO","MARIO",2041,"Partido Nacional",2010,2015,47,"Diputado","Titular","Colonia",1,1972-01-12,2010-02-15,2015-02-14,"1985-2020",0,2012-08-15,38,NA,38
"POSADA","PAGLIOTTI","IVAN","ADAN",1127,"Partido Independiente",2010,2015,47,"Diputado","Titular","Montevideo",1,1953-12-25,2010-02-15,2015-02-14,"1985-2020",0,2012-08-15,56,NA,56
"POZZI","CIARAN","JORGE","ALVARO",4319,"Frente Amplio",2010,2015,47,"Diputado","Titular","Montevideo",1,1957-04-07,2010-02-15,2015-02-14,"1985-2020",0,2012-08-15,52,NA,52
"PUIG","CARDOZO","LUIS","WILFREDO",2320,"Frente Amplio",2010,2015,47,"Diputado","Titular","Montevideo",1,1955-11-06,2010-02-15,2015-02-14,"1985-2020",0,2012-08-15,54,NA,54
"RADIO","PRESTA","DANIEL","ALEXIS",2398,"Partido Independiente",2010,2015,47,"Diputado","Titular","Canelones",1,1959-02-20,2010-02-15,2015-02-14,"1985-2020",0,2012-08-15,50,NA,50
"RODRIGUEZ","ALVEZ","EDGARDO",NA,4063,"Frente Amplio",2010,2015,47,"Diputado","Titular","Tacuarembó",1,1961-12-25,2010-02-15,2015-02-14,"1985-2020",0,2012-08-15,48,NA,48
"RODRIGUEZ","SERVETTO","NELSON","VLADIMIR",4071,"Partido Nacional",2010,2015,47,"Diputado","Titular","Maldonado",1,1959-07-19,2010-02-15,2015-02-14,"1985-2020",0,2012-08-15,50,NA,50
"ROSADILLA","PEREIRA","LUIS","ANGEL",1213,"Frente Amplio",2010,2011,47,"Diputado","Titular","Montevideo",1,1953-12-21,2010-02-15,2015-02-14,"1985-2020",0,2012-08-15,56,NA,56
"SABINI","GIANNECCHINI","SEBASTIAN",NA,2340,"Frente Amplio",2010,2015,47,"Diputado","Titular","Canelones",1,1981-06-11,2010-02-15,2015-02-14,"1985-2020",0,2012-08-15,28,NA,28
"SANCHEZ","CAL","DARDO","ANGEL",4084,"Partido Nacional",2010,2010,47,"Diputado","Titular","Treinta y Tres",1,1957-04-04,2010-02-15,2015-02-14,"1985-2020",0,2012-08-15,52,NA,52
"SARAVIA","FRATTI","PEDRO","JESUS",2141,"Partido Nacional",2010,2015,47,"Diputado","Titular","Cerro Largo",1,1952-06-29,2010-02-15,2015-02-14,"1985-2020",0,2012-08-15,57,NA,57
"SEMPRONI","ROBAINA","VICTOR","FELIX",2161,"Frente Amplio",2010,2015,47,"Diputado","Titular","Canelones",1,1937-03-27,2010-02-15,2015-02-14,"1985-2020",0,2012-08-15,72,NA,72
"TAJAM","CABRERA","HECTOR","VICENTE",1345,"Frente Amplio",2010,2015,47,"Diputado","Titular","Montevideo",1,1947-09-22,2010-02-15,2015-02-14,"1985-2020",0,2012-08-15,62,NA,62
"TIERNO","FERNANDEZ","NELSON","MARTIN",2326,"Frente Amplio",2010,2015,47,"Diputado","Titular",NA,1,1968-07-06,2010-02-15,2015-02-14,"1985-2020",0,2012-08-15,41,NA,41
"TOLEDO","ANTUNEZ","HERMES","ROMEO",4109,"Frente Amplio",2010,2013,47,"Diputado","Titular","Treinta y Tres",1,1949-12-07,2010-02-15,2015-02-14,"1985-2020",0,2012-08-15,60,NA,60
"TOURNE","VALDEZ","DAISY","LILIAN",2214,"Frente Amplio",2010,2015,47,"Diputado","Titular","Montevideo",1,1951-03-17,2010-02-15,2015-02-14,"1985-2020",0,2012-08-15,58,NA,58
"TROBO","CABRERA","JAIME","MARIO",4110,"Partido Nacional",2010,2015,47,"Diputado","Titular","Montevideo",1,1956-10-05,2010-02-15,2015-02-14,"1985-2020",0,2012-08-15,53,NA,53
"VARELA","NESTIER","CARLOS","RICARDO",4251,"Frente Amplio",2010,2015,47,"Diputado","Titular","Montevideo",1,1954-05-01,2010-02-15,2015-02-14,"1985-2020",0,2012-08-15,55,NA,55
"VEGA","LLANES","ALVARO",NA,4121,"Frente Amplio",2010,2013,47,"Diputado","Titular","Florida",1,1957-11-04,2010-02-15,2015-02-14,"1985-2020",0,2012-08-15,52,NA,52
"VERRI","PIRIZ","WALTER",NA,2382,"Partido Colorado",2010,2015,47,"Diputado","Titular","Paysandú",1,1962-08-01,2010-02-15,2015-02-14,"1985-2020",0,2012-08-15,47,NA,47
"VIDALIN","AGUIRRE","CARMELO","JOSE",4123,"Partido Nacional",2015,2015,47,"Diputado","Titular","Durazno",1,1955-11-17,2010-02-15,2015-02-14,"1985-2020",0,2012-08-15,54,NA,54
"VIDALIN","AGUIRRE","CARMELO","JOSE",4123,"Partido Nacional",2010,2015,47,"Diputado","Titular","Durazno",1,1955-11-17,2010-02-15,2015-02-14,"1985-2020",0,2012-08-15,54,NA,54
"BANGO","ALVAREZ","JULIO","CESAR",2311,"Frente Amplio",2010,2015,47,"Diputado","Titular","Montevideo",1,1962-09-10,2010-02-15,2015-02-14,"1985-2020",0,2012-08-15,47,NA,47
"VIVIAN","BELTRAQUIN","DIONISIO",NA,2299,"Frente Amplio",2010,2015,47,"Diputado","Titular","Canelones",1,1951-10-29,2010-02-15,2015-02-14,"1985-2020",0,2012-08-15,58,NA,58
"YANES","MEDEROS","HORACIO","PIERRE",2272,"Frente Amplio",2010,2014,47,"Diputado","Titular","Canelones",1,1960-12-09,2010-02-15,2015-02-14,"1985-2020",0,2012-08-15,49,NA,49
"BATTISTONI","SPINELLI","JULIO","JOSE",2327,"Frente Amplio",2010,2015,47,"Diputado","Titular","Montevideo",1,1945-01-02,2010-02-15,2015-02-14,"1985-2020",0,2012-08-15,65,NA,65
"BAYARDI","LOZANO","JOSE","ARTURO",1529,"Frente Amplio",2010,2013,47,"Diputado","Titular","Montevideo",1,1955-06-30,2010-02-15,2015-02-14,"1985-2020",0,2012-08-15,54,NA,54
"BENTOS","SCAGNEGATTI","BERTIL","RANDOLF",3835,"Partido Nacional",2010,2010,47,"Diputado","Titular","Paysandú",1,1942-08-15,2010-02-15,2015-02-14,"1985-2020",0,2012-08-15,67,NA,67
"BERNINI","SEGUESSA","GUSTAVO","DANIEL",2304,"Frente Amplio",2010,2015,47,"Diputado","Titular","Montevideo",1,1958-09-29,2010-02-15,2015-02-14,"1985-2020",0,2012-08-15,51,NA,51
"BEROIS","QUINTEROS","RICARDO","CARLOS",3836,"Partido Nacional",2010,2015,47,"Diputado","Titular","Flores",1,1957-09-09,2010-02-15,2015-02-14,"1985-2020",0,2012-08-15,52,NA,52
"BIANCHI","SALOMON","DANIEL","MARIO",219,"Partido Colorado",2015,2015,47,"Diputado","Titular","Colonia",1,1962-09-04,2010-02-15,2015-02-14,"1985-2020",0,2012-08-15,47,NA,47
"BIANCHI","SALOMON","DANIEL","MARIO",219,"Partido Colorado",2010,2015,47,"Diputado","Titular","Colonia",1,1962-09-04,2010-02-15,2015-02-14,"1985-2020",0,2012-08-15,47,NA,47
"BORSARI","BRENNA","GUSTAVO","JUAN",3843,"Partido Nacional",2010,2015,47,"Diputado","Titular","Montevideo",1,1954-11-28,2010-02-15,2015-02-14,"1985-2020",0,2012-08-15,55,NA,55
"CACERES","TONCHEFF","GRACIELA",NA,2302,"Frente Amplio",2010,2015,47,"Diputado","Titular","Río Negro",0,1962-01-03,2010-02-15,2015-02-14,"1985-2020",0,2012-08-15,48,NA,48
"CAGGIANI","GOMEZ","DANIEL",NA,2315,"Frente Amplio",2010,2015,47,"Diputado","Titular","Montevideo",1,1983-07-20,2010-02-15,2015-02-14,"1985-2020",0,2012-08-15,26,NA,26
"CARAM","MARTINEZ","RODOLFO","ANDRES",2405,"Partido Nacional",2010,2015,47,"Diputado","Titular","Artigas",1,1964-10-02,2010-02-15,2015-02-14,"1985-2020",0,2012-08-15,45,NA,45
"CARBALLO","DA","FELIPE",NA,1618,"Frente Amplio",2010,2015,47,"Diputado","Titular","Montevideo",1,1972-08-24,2010-02-15,2015-02-14,"1985-2020",0,2012-08-15,37,NA,37
"CARDOSO","FERREIRA","GERMAN",NA,1622,"Partido Colorado",2010,2015,47,"Diputado","Titular","Maldonado",1,1973-10-01,2010-02-15,2015-02-14,"1985-2020",0,2012-08-15,36,NA,36
"CARDOSO","SILVA","JOSE","CARLOS",3859,"Partido Nacional",2015,2015,47,"Diputado","Titular","Rocha",1,1958-04-24,2010-02-15,2015-02-14,"1985-2020",0,2012-08-15,51,NA,51
"CARDOSO","SILVA","JOSE","CARLOS",3859,"Partido Nacional",2010,2015,47,"Diputado","Titular","Rocha",1,1958-04-24,2010-02-15,2015-02-14,"1985-2020",0,2012-08-15,51,NA,51
"CASAS","MENDITEGUY","ALBERTO","ENRIQUE",1633,"Partido Nacional",2010,2015,47,"Diputado","Titular","San José",1,1959-02-09,2010-02-15,2015-02-14,"1985-2020",0,2012-08-15,51,NA,51
"CERSOSIMO","MICHELINI","GUSTAVO",NA,2383,"Partido Colorado",2010,2015,47,"Diputado","Titular","San José",1,1953-04-02,2010-02-15,2015-02-14,"1985-2020",0,2012-08-15,56,NA,56
"FERNANDEZ","DA","JULIO","CESAR",4634,"Frente Amplio",2010,2013,47,"Diputado","Titular",NA,1,1929-07-07,2010-02-15,2015-02-14,"1985-2020",1,2012-08-15,80,NA,80
"GONI","ROMERO","JOSE","RODRIGO",4618,"Partido Nacional",2010,2015,47,"Diputado","Titular",NA,1,1962-08-10,2010-02-15,2015-02-14,"1985-2020",1,2012-08-15,47,NA,47
"MANANA","DOGLIOTTI","DANIEL","EDUARDO",4559,"Partido Nacional",2010,2015,47,"Diputado","Titular",NA,1,1955-01-10,2010-02-15,2015-02-14,"1985-2020",1,2012-08-15,55,NA,55
"MARTINEZ",NA,"JODAMI",NA,4608,"Frente Amplio",2010,2015,47,"Diputado","Titular",NA,1,1975-10-03,2010-02-15,2015-02-14,"1985-2020",1,2012-08-15,34,NA,34
"OLIVERA","RANGEL","HECTOR","RAUL",4600,"Frente Amplio",2010,2015,47,"Diputado","Titular",NA,1,1964-11-29,2010-02-15,2015-02-14,"1985-2020",1,2012-08-15,45,NA,45
"PARDINAS","SALOMON","ANGEL","YERU",4537,"Frente Amplio",2010,2014,47,"Diputado","Titular",NA,1,1955-10-09,2010-02-15,2015-02-14,"1985-2020",1,2012-08-15,54,NA,54
"PEDREIRA","ALJAS-AISSI","ROBERTO","GUZMAN",4707,"Frente Amplio",2010,2015,47,"Diputado","Titular",NA,1,1970-07-10,2010-02-15,2015-02-14,"1985-2020",1,2012-08-15,39,NA,39
"PENA","FERNANDEZ","DANIEL","ADRIAN",4561,"Partido Nacional",2010,2015,47,"Diputado","Titular",NA,1,1972-12-21,2010-02-15,2015-02-14,"1985-2020",1,2012-08-15,37,NA,37
"PEREZ","BILINSKI","ESTEBAN","ANDRES",4579,"Frente Amplio",2010,2013,47,"Diputado","Titular",NA,1,1950-08-13,2010-02-15,2015-02-14,"1985-2020",1,2012-08-15,59,NA,59
"PEREZ","GONZALEZ","PABLO","NEKLINDOR",4693,"Frente Amplio",2010,2015,47,"Diputado","Titular",NA,1,1948-02-09,2010-02-15,2015-02-14,"1985-2020",1,2012-08-15,62,NA,62
"SOUZA","DE","JUAN","CARLOS",4630,"Frente Amplio",2010,2015,47,"Diputado","Titular",NA,1,1955-01-28,2010-02-15,2015-02-14,"1985-2020",1,2012-08-15,55,NA,55
"AYALA","SANCHEZ","ANA","PATRICIA",4533,"Frente Amplio",2010,2010,47,"Diputado","Titular",NA,0,1966-08-25,2010-02-15,2015-02-14,"1985-2020",1,2012-08-15,43,NA,43
"CANTERO","PIALI","EDGAR","FITZGERALD",4569,"Partido Colorado",2010,2015,47,"Diputado","Titular",NA,1,1978-01-31,2010-02-15,2015-02-14,"1985-2020",1,2012-08-15,32,NA,32
"ABREU","BONILLA","SERGIO",NA,6,"Partido Nacional",2010,2015,47,"Senador","Titular",NA,1,1945-11-12,2010-02-15,2015-02-14,"1985-2020",0,2012-08-15,64,NA,64
"AGAZZI","SARASOLA","ERNESTO",NA,14,"Frente Amplio",2010,2015,47,"Senador","Titular",NA,1,1942-09-04,2010-02-15,2015-02-14,"1985-2020",0,2012-08-15,67,NA,67
"CHIRUCHI","FUENTES","JUAN","ANTONIO",3875,"Partido Nacional",2010,2015,47,"Senador","Titular",NA,1,1947-10-21,2010-02-15,2015-02-14,"1985-2020",0,2012-08-15,62,NA,62
"COURIEL","CURIEL","ALBERTO",NA,385,"Frente Amplio",2010,2015,47,"Senador","Titular",NA,1,1935-08-22,2010-02-15,2015-02-14,"1985-2020",0,2012-08-15,74,NA,74
"COUTINHO","RODRIGUEZ","GERMAN","MANUEL",2381,"Partido Colorado",2010,2010,47,"Senador","Titular",NA,1,1970-04-01,2010-02-15,2015-02-14,"1985-2020",0,2012-08-15,39,NA,39
"DA ROSA VAZQUEZ","VAZQUEZ","EBER",NA,398,"Partido Nacional",2010,2015,47,"Senador","Titular",NA,1,1956-07-02,2010-02-15,2015-02-14,"1985-2020",0,2012-08-15,53,NA,53
"DALMAS GARCEN",NA,"SUSANA","ELIDA",1698,"Frente Amplio",2010,2012,47,"Senador","Titular",NA,0,1948-07-16,2010-02-15,2015-02-14,"1985-2020",0,2012-08-15,61,NA,61
"ENCISO","CHRISTIANSEN","CARLOS","FERNANDO",3888,"Partido Nacional",2015,2015,47,"Senador","Titular",NA,1,1967-08-23,2010-02-15,2015-02-14,"1985-2020",0,2012-08-15,42,NA,42
"FERNANDEZ","HUIDOBRO","ELEUTERIO",NA,531,"Frente Amplio",2010,2011,47,"Senador","Titular",NA,1,1942-03-14,2010-02-15,2015-02-14,"1985-2020",0,2012-08-15,67,NA,67
"GALLINAL","NIETO","FRANCISCO","GUSTAVO APARICIO",3910,"Partido Nacional",2010,2015,47,"Senador","Titular",NA,1,1957-05-10,2010-02-15,2015-02-14,"1985-2020",0,2012-08-15,52,NA,52
"GARGANO","OSTUNI","REINALDO","APOLO",1805,"Frente Amplio",2010,2011,47,"Senador","Titular",NA,1,1934-07-26,2010-02-15,2015-02-14,"1985-2020",0,2012-08-15,75,NA,75
"HEBER","FONTANA","LUIS","ALBERTO",720,"Partido Nacional",2010,2015,47,"Senador","Titular",NA,1,1957-12-22,2010-02-15,2015-02-14,"1985-2020",0,2012-08-15,52,NA,52
"AMORIN","BATLLE","JOSE","GERARDO",3811,"Partido Colorado",2010,2015,47,"Senador","Titular",NA,1,1954-11-09,2010-02-15,2015-02-14,"1985-2020",0,2012-08-15,55,NA,55
"LACALLE","DE","LUIS","ALBERTO RAMON",769,"Partido Nacional",2010,2015,47,"Senador","Titular",NA,1,1941-07-13,2010-02-15,2015-02-14,"1985-2020",0,2012-08-15,68,NA,68
"LARRANAGA","FRAGA","JORGE","WASHINGTON",791,"Partido Nacional",2010,2014,47,"Senador","Titular",NA,1,1956-08-08,2010-02-15,2015-02-14,"1985-2020",0,2012-08-15,53,NA,53
"LORIER","SANDRO","EDUARDO",NA,1907,"Frente Amplio",2010,2015,47,"Senador","Titular",NA,1,1952-09-10,2010-02-15,2015-02-14,"1985-2020",0,2012-08-15,57,NA,57
"MARTINEZ","VILLAAMIL","DANIEL","CARLOS",3983,"Frente Amplio",2015,2015,47,"Senador","Titular",NA,1,1957-02-23,2010-02-15,2015-02-14,"1985-2020",0,2012-08-15,52,NA,52
"MARTINEZ","VILLAAMIL","DANIEL","CARLOS",3983,"Frente Amplio",2010,2015,47,"Senador","Titular",NA,1,1957-02-23,2010-02-15,2015-02-14,"1985-2020",0,2012-08-15,52,NA,52
"MICHELINI","DELLE","RAFAEL","EUGENIO",925,"Frente Amplio",2010,2015,47,"Senador","Titular",NA,1,1958-10-30,2010-02-15,2015-02-14,"1985-2020",0,2012-08-15,51,NA,51
"MOREIRA","REISCH","CARLOS","ALBERTO",4000,"Partido Nacional",2015,2015,47,"Senador","Titular",NA,1,1946-05-16,2010-02-15,2015-02-14,"1985-2020",0,2012-08-15,63,NA,63
"MOREIRA","REISCH","CARLOS","ALBERTO",4000,"Partido Nacional",2010,2015,47,"Senador","Titular",NA,1,1946-05-16,2010-02-15,2015-02-14,"1985-2020",0,2012-08-15,63,NA,63
"MOREIRA","VINAS","CONSTANZA","BEATRIZ",2367,"Frente Amplio",2010,2014,47,"Senador","Titular",NA,0,1960-02-22,2010-02-15,2015-02-14,"1985-2020",0,2012-08-15,49,NA,49
"NIN","NOVOA","RODOLFO",NA,980,"Frente Amplio",2010,2015,47,"Senador","Titular",NA,1,1948-01-25,2010-02-15,2015-02-14,"1985-2020",0,2012-08-15,62,NA,62
"PASQUET","IRIBARNE","OPE",NA,4014,"Partido Colorado",2010,2015,47,"Senador","Titular",NA,1,1956-01-10,2010-02-15,2015-02-14,"1985-2020",0,2012-08-15,54,NA,54
"PENADES","ETCHEVARNE","GUSTAVO","CARLOS",2009,"Partido Nacional",2010,2015,47,"Senador","Titular",NA,1,1965-10-07,2010-02-15,2015-02-14,"1985-2020",0,2012-08-15,44,NA,44
"ASTORI","SARAGOSA","DANILO","ANGEL",137,"Frente Amplio",2010,2010,47,"Senador","Titular",NA,1,1940-04-23,2010-02-15,2015-02-14,"1985-2020",0,2012-08-15,69,NA,69
"RUBIO","BRUNO","ENRIQUE","VICENTE",2115,"Frente Amplio",2010,2015,47,"Senador","Titular",NA,1,1943-04-06,2010-02-15,2015-02-14,"1985-2020",0,2012-08-15,66,NA,66
"SARAVIA","GARASSINI","JORGE","JOSE",1267,"Frente Amplio",2010,2015,47,"Senador","Titular",NA,1,1958-05-01,2010-02-15,2015-02-14,"1985-2020",0,2012-08-15,51,NA,51
"TOPOLANSKY","SAAVEDRA","LUCIA",NA,2212,"Frente Amplio",2010,2015,47,"Senador","Titular",NA,0,1944-09-25,2010-02-15,2015-02-14,"1985-2020",0,2012-08-15,65,NA,65
"VIERA","DUARTE","TABARE",NA,1427,"Partido Colorado",2010,2015,47,"Senador","Titular",NA,1,1955-04-07,2010-02-15,2015-02-14,"1985-2020",0,2012-08-15,54,NA,54
"XAVIER","YELPO","MONICA",NA,2271,"Frente Amplio",2010,2013,47,"Senador","Titular",NA,0,1956-12-16,2010-02-15,2015-02-14,"1985-2020",0,2012-08-15,53,NA,53
"BONOMI","VARELA","EDISON","EDUARDO",232,"Frente Amplio",2010,2015,47,"Senador","Titular",NA,1,1948-10-14,2010-02-15,2015-02-14,"1985-2020",0,2012-08-15,61,NA,61
"BORDABERRY","HERRAN","JUAN","PEDRO",2390,"Partido Colorado",2010,2015,47,"Senador","Titular",NA,1,1960-04-28,2010-02-15,2015-02-14,"1985-2020",0,2012-08-15,49,NA,49
"BOTANA","ARANCET","LUIS","SERGIO",243,"Partido Nacional",2015,2015,47,"Senador","Titular",NA,1,1964-01-08,2010-02-15,2015-02-14,"1985-2020",0,2012-08-15,46,NA,46
"BARAIBAR","PONCE","FELIX","CARLOS",4585,"Frente Amplio",2010,2015,47,"Senador","Titular",NA,1,1939-07-13,2010-02-15,2015-02-14,"1985-2020",1,2012-08-15,70,NA,70
"EGUILUZ","LAXAGUE","MARIA","CECILIA",2389,"Partido Colorado",2010,2010,47,"Diputado","Suplente","Salto",0,1974-08-29,2010-02-15,2015-02-14,"1985-2020",0,2012-08-15,NA,37,37
"OTEGUI","GRIEGO","MIGUEL","JESUS",2415,"Partido Nacional",2010,2015,47,"Diputado","Suplente","Paysandú",1,1949-07-20,2010-02-15,2015-02-14,"1985-2020",0,2012-08-15,NA,63,63
"ANDRADE","LALLANA","OSCAR",NA,2322,"Frente Amplio",2010,2015,47,"Diputado","Suplente",NA,1,1974-08-09,2010-02-15,2015-02-14,"1985-2020",0,2012-08-15,NA,38,38
"AROCENA","ARGUL","JOSE","ANDRES",3817,"Partido Nacional",2010,2015,47,"Diputado","Suplente","Florida",1,1964-05-24,2010-02-15,2015-02-14,"1985-2020",0,2012-08-15,NA,48,48
"SANDER","DARIN","RICHARD","SAUL",2378,"Partido Colorado",2010,2015,47,"Diputado","Suplente","Rivera",1,1964-08-01,2010-02-15,2015-02-14,"1985-2020",0,2012-08-15,NA,48,48
"SANSEVERINO","MANSILLA","BERTA",NA,2308,"Frente Amplio",2010,2015,47,"Diputado","Suplente","Montevideo",0,1946-04-25,2010-02-15,2015-02-14,"1985-2020",0,2012-08-15,NA,66,66
"BESOZZI","AROCENA","GUILLERMO","JULIO",2417,"Partido Nacional",2015,2015,47,"Diputado","Suplente",NA,1,1961-10-16,2010-02-15,2015-02-14,"1985-2020",0,2012-08-15,NA,50,50
"BISTOLFI","ZUNINI","MARCELO",NA,2392,"Partido Colorado",2010,2015,47,"Diputado","Suplente","Salto",1,1966-06-07,2010-02-15,2015-02-14,"1985-2020",0,2012-08-15,NA,46,46
"BOTANA","ARANCET","LUIS","SERGIO",243,"Partido Nacional",2010,2010,47,"Diputado","Suplente","Cerro Largo",1,1964-01-08,2010-02-15,2015-02-14,"1985-2020",0,2012-08-15,NA,48,48
"GONZALEZ","RODRIGUEZ","DANIEL","ALEJANDRO",4556,"Frente Amplio",2010,2015,47,"Diputado","Suplente",NA,1,1972-07-20,2010-02-15,2015-02-14,"1985-2020",1,2012-08-15,NA,40,40
"GUERRERO","NIETO","MARIO","ALBERTO",4663,"Frente Amplio",2010,2015,47,"Diputado","Suplente",NA,1,1942-04-09,2010-02-15,2015-02-14,"1985-2020",1,2012-08-15,NA,70,70
"LIMA","PROSERPIO","ANA","IRENE",4534,"Frente Amplio",2010,2015,47,"Diputado","Suplente",NA,0,1976-06-21,2010-02-15,2015-02-14,"1985-2020",1,2012-08-15,NA,36,36
"MARIONE","BUCHIAZZO","FABRICIO","DANIEL",4582,"Partido Nacional",2010,2010,47,"Diputado","Suplente",NA,1,1973-01-11,2010-02-15,2015-02-14,"1985-2020",1,2012-08-15,NA,39,39
"VAZQUEZ","LASSERRA","JUAN","ANGEL",4631,"Partido Colorado",2010,2015,47,"Diputado","Suplente",NA,1,1940-12-14,2010-02-15,2015-02-14,"1985-2020",1,2012-08-15,NA,71,71
"VILLALBA","BELEN","LIDIA","ELIZABETH",4644,"Frente Amplio",2010,2010,47,"Diputado","Suplente",NA,0,1960-12-14,2010-02-15,2015-02-14,"1985-2020",1,2012-08-15,NA,51,51
"ABDALA","SCHWARZ","PABLO","DANIEL",1453,"Partido Nacional",2012,2012,47,"Senador","Suplente",NA,1,1966-07-14,2010-02-15,2015-02-14,"1985-2020",0,2012-08-15,NA,46,46
"ABT","MURIONDO","ANDRES",NA,2970,"Partido Nacional",2010,2015,47,"Diputado","Suplente",NA,1,1973-08-11,2010-02-15,2015-02-14,"1985-2020",0,2012-08-15,NA,39,39
"ALONSO","MONTANO","VERONICA","MARIA",2399,"Partido Nacional",2010,2014,47,"Senador","Suplente",NA,0,1973-10-24,2010-02-15,2015-02-14,"1985-2020",0,2012-08-15,NA,38,38
"ALPUY","FERREIRA","NELSON","TABARE",3067,"Frente Amplio",2010,2014,47,"Diputado","Suplente",NA,1,1946-03-15,2010-02-15,2015-02-14,"1985-2020",0,2012-08-15,NA,66,66
"CLAVIJO","QUIRQUE","HEBERT",NA,354,"Frente Amplio",2010,2015,47,"Senador","Suplente",NA,1,1950-05-06,2010-02-15,2015-02-14,"1985-2020",0,2012-08-15,NA,62,62
"CONDE","CARRERAS","ROBERTO",NA,363,"Frente Amplio",2013,2014,47,"Senador","Suplente",NA,1,1952-09-07,2010-02-15,2015-02-14,"1985-2020",0,2012-08-15,NA,59,59
"CROSA","MARCOS","FERNANDO","JULIO",1202,"Partido Nacional",2010,2010,47,"Diputado","Suplente",NA,1,1969-09-26,2010-02-15,2015-02-14,"1985-2020",0,2012-08-15,NA,42,42
"DA SILVA","CAMBOUE","SEBASTIAN",NA,1697,"Partido Nacional",2010,2015,47,"Diputado","Suplente",NA,1,1972-06-08,2010-02-15,2015-02-14,"1985-2020",0,2012-08-15,NA,40,40
"DEMARCO BEROIS",NA,"MARIELLA",NA,1718,"Partido Independiente",2010,2010,47,"Diputado","Suplente",NA,0,1955-07-26,2010-02-15,2015-02-14,"1985-2020",0,2012-08-15,NA,57,57
"DINI","SIQUEIRA","DANTE","DINO",2408,"Partido Colorado",2010,2015,47,"Diputado","Suplente",NA,1,1955-11-25,2010-02-15,2015-02-14,"1985-2020",0,2012-08-15,NA,56,56
"DUCHE","FERREIRA","GABRIEL","APOLONIO",2800,"Frente Amplio",2014,2015,47,"Diputado","Suplente",NA,1,1952-09-06,2010-02-15,2015-02-14,"1985-2020",0,2012-08-15,NA,59,59
"ENCISO","CHRISTIANSEN","CARLOS","FERNANDO",3888,"Partido Nacional",2010,2010,47,"Senador","Suplente",NA,1,1967-08-23,2010-02-15,2015-02-14,"1985-2020",0,2012-08-15,NA,44,44
"FACELLO","GERMANO","GUILLERMO","RUBEN",2388,"Partido Colorado",2011,2015,47,"Diputado","Suplente","Montevideo",1,1953-09-08,2010-02-15,2015-02-14,"1985-2020",0,2012-08-15,NA,58,58
"FACELLO","GERMANO","GUILLERMO","RUBEN",2388,"Partido Colorado",2010,2011,47,"Diputado","Suplente","Montevideo",1,1953-09-08,2010-02-15,2015-02-14,"1985-2020",0,2012-08-15,NA,58,58
"FERNANDEZ","DOMINGUEZ","GONZALO","DANIEL",1762,"Frente Amplio",2010,2010,47,"Senador","Suplente",NA,1,1952-03-21,2010-02-15,2015-02-14,"1985-2020",0,2012-08-15,NA,60,60
"FONTICIELLA","DE","RAMON","ANGEL",569,"Frente Amplio",2010,2011,47,"Senador","Suplente",NA,1,1947-08-31,2010-02-15,2015-02-14,"1985-2020",0,2012-08-15,NA,64,64
"GALLO","IMPERIALE","LUIS","JOSE",4235,"Frente Amplio",2013,2015,47,"Senador","Suplente",NA,1,1934-05-31,2010-02-15,2015-02-14,"1985-2020",0,2012-08-15,NA,78,78
"GALLO","IMPERIALE","LUIS","JOSE",4235,"Frente Amplio",2010,2013,47,"Senador","Suplente",NA,1,1934-05-31,2010-02-15,2015-02-14,"1985-2020",0,2012-08-15,NA,78,78
"GAMOU","FASADELLO","ADOLFO","CARLOS",606,"Frente Amplio",2010,2015,47,"Diputado","Suplente","Montevideo",1,1959-08-09,2010-02-15,2015-02-14,"1985-2020",0,2012-08-15,NA,53,53
"GAMOU","FASADELLO","ADOLFO","CARLOS",606,"Frente Amplio",2010,2012,47,"Senador","Suplente",NA,1,1959-08-09,2010-02-15,2015-02-14,"1985-2020",0,2012-08-15,NA,53,53
"GANDINI","ASTESIANO","JORGE","OSVALDO",1797,"Partido Nacional",2010,2015,47,"Senador","Suplente",NA,1,1958-03-05,2010-02-15,2015-02-14,"1985-2020",0,2012-08-15,NA,54,54
"GARCIA","DUCHINI","JAVIER","FERNANDO",3917,"Partido Nacional",2010,2012,47,"Senador","Suplente",NA,1,1963-11-28,2010-02-15,2015-02-14,"1985-2020",0,2012-08-15,NA,48,48
"GIANOLI","TRAVIESO","HECTOR","GABRIEL",4167,"Partido Nacional",2012,2014,47,"Diputado","Suplente",NA,1,1966-11-13,2010-02-15,2015-02-14,"1985-2020",0,2012-08-15,NA,45,45
"GIURIA","BARBOT","RAUL","BARTOLOME",1815,"Partido Nacional",2010,2015,47,"Diputado","Suplente",NA,1,1948-03-31,2010-02-15,2015-02-14,"1985-2020",0,2012-08-15,NA,64,64
"GONI","REYES","RODRIGO",NA,665,"Partido Nacional",2010,2015,47,"Diputado","Suplente","Salto",1,1967-07-03,2010-02-15,2015-02-14,"1985-2020",0,2012-08-15,NA,45,45
"GUARINO",NA,"GUSTAVO",NA,697,"Frente Amplio",2010,2014,47,"Senador","Suplente",NA,1,1950-04-14,2010-02-15,2015-02-14,"1985-2020",0,2012-08-15,NA,62,62
"GUERRINI","RIESTRA","ALDO","ULISES",4353,"Frente Amplio",2010,2013,47,"Diputado","Suplente","Montevideo",1,1949-02-17,2010-02-15,2015-02-14,"1985-2020",0,2012-08-15,NA,63,63
"AMARO","CEDRES","JUAN","JUSTO",4219,"Partido Colorado",2010,2010,47,"Senador","Suplente",NA,1,1957-02-14,2010-02-15,2015-02-14,"1985-2020",0,2012-08-15,NA,55,55
"AMY","TEJERA","JOSE","ANTONIO",2384,"Partido Colorado",2015,2015,47,"Senador","Suplente",NA,1,1967-11-03,2010-02-15,2015-02-14,"1985-2020",0,2012-08-15,NA,44,44
"ITURRALDE","VINAS","PABLO","LUIS",3945,"Partido Nacional",2012,2014,47,"Senador","Suplente",NA,1,1959-09-23,2010-02-15,2015-02-14,"1985-2020",0,2012-08-15,NA,52,52
"ITURRALDE","VINAS","PABLO","LUIS",3945,"Partido Nacional",2010,2010,47,"Senador","Suplente",NA,1,1959-09-23,2010-02-15,2015-02-14,"1985-2020",0,2012-08-15,NA,52,52
"LAFLUF","LAFLUF","RAUL",NA,2882,"Partido Nacional",2010,2010,47,"Diputado","Suplente",NA,1,1945-06-15,2010-02-15,2015-02-14,"1985-2020",0,2012-08-15,NA,67,67
"LAGUARDA","FISCHETTI","MANUEL",NA,1874,"Frente Amplio",2012,2014,47,"Senador","Suplente",NA,1,1949-02-13,2010-02-15,2015-02-14,"1985-2020",0,2012-08-15,NA,63,63
"LAMORTE","RUSSOMANNO","ALDO","JOSE",3313,"Partido Nacional",2010,2014,47,"Senador","Suplente",NA,1,1957-01-17,2010-02-15,2015-02-14,"1985-2020",0,2012-08-15,NA,55,55
"LASCANO","ARANDA","WALTER","HUGO",2993,"Partido Independiente",2010,2014,47,"Diputado","Suplente",NA,1,1966-08-22,2010-02-15,2015-02-14,"1985-2020",0,2012-08-15,NA,45,45
"LAZO","GUEREQUIZ","SANDRA","MARIA",2362,"Frente Amplio",2010,2013,47,"Diputado","Suplente",NA,0,1967-04-12,2010-02-15,2015-02-14,"1985-2020",0,2012-08-15,NA,45,45
"LEMA","PERRETTA","MARTIN",NA,2428,"Partido Nacional",2013,2014,47,"Diputado","Suplente",NA,1,1982-09-06,2010-02-15,2015-02-14,"1985-2020",0,2012-08-15,NA,29,29
"LESCANO","FRASCHINI","HECTOR","CARLOS",3953,"Frente Amplio",2012,2015,47,"Senador","Suplente",NA,1,1948-02-13,2010-02-15,2015-02-14,"1985-2020",0,2012-08-15,NA,64,64
"MALAQUINA","UGOLINI","EDUARDO","RAMON",855,"Partido Colorado",2011,2015,47,"Senador","Suplente",NA,1,1936-08-31,2010-02-15,2015-02-14,"1985-2020",0,2012-08-15,NA,75,75
"MARTINEZ","HUELMO","RUBEN","WALDEMAR",3984,"Frente Amplio",2010,2015,47,"Senador","Suplente",NA,1,1949-09-27,2010-02-15,2015-02-14,"1985-2020",0,2012-08-15,NA,62,62
"MAZZONI","MOROSOLI","PABLO","ENRIQUE",2351,"Frente Amplio",2011,2013,47,"Diputado","Suplente","Lavalleja",1,1961-01-06,2010-02-15,2015-02-14,"1985-2020",0,2012-08-15,NA,51,51
"MAZZONI","MOROSOLI","PABLO","ENRIQUE",2351,"Frente Amplio",2010,2011,47,"Diputado","Suplente","Lavalleja",1,1961-01-06,2010-02-15,2015-02-14,"1985-2020",0,2012-08-15,NA,51,51
"MIER","ESTADES","SERGIO","ANTERES",2318,"Frente Amplio",2013,2015,47,"Diputado","Suplente",NA,1,1955-06-27,2010-02-15,2015-02-14,"1985-2020",0,2012-08-15,NA,57,57
"MINETTI","FERNANDEZ","ORQUIDEA",NA,2313,"Frente Amplio",2013,2015,47,"Diputado","Suplente","Canelones",0,1954-09-26,2010-02-15,2015-02-14,"1985-2020",0,2012-08-15,NA,57,57
"MONTANER","FORMOSO","MARTHA","SILVANA",1950,"Partido Colorado",2010,2015,47,"Senador","Suplente",NA,0,1955-01-06,2010-02-15,2015-02-14,"1985-2020",0,2012-08-15,NA,57,57
"MUGURUZA","GALVALISI","EDUARDO","MARIA",1962,"Frente Amplio",2010,2014,47,"Senador","Suplente",NA,1,1940-09-28,2010-02-15,2015-02-14,"1985-2020",0,2012-08-15,NA,71,71
"MUJICA","BENOIT","GONZALO","FERNANDO",963,"Frente Amplio",2015,2015,47,"Senador","Suplente",NA,1,1956-06-06,2010-02-15,2015-02-14,"1985-2020",0,2012-08-15,NA,56,56
"OBISPO","BUENO","RUBEN","MARIA",990,"Frente Amplio",2010,2015,47,"Senador","Suplente",NA,1,1933-09-14,2010-02-15,2015-02-14,"1985-2020",0,2012-08-15,NA,78,78
"OSTA","CALLEROS","JOSE","GUSTAVO",1990,"Partido Colorado",2011,2014,47,"Diputado","Suplente",NA,1,1969-11-29,2010-02-15,2015-02-14,"1985-2020",0,2012-08-15,NA,42,42
"PASSADA","LEONCINI","IVONNE","GRAZIELLA",2329,"Frente Amplio",2015,2015,47,"Senador","Suplente",NA,1,1956-04-04,2010-02-15,2015-02-14,"1985-2020",0,2012-08-15,NA,56,56
"PAYSSE","RODRIGUEZ","DANIELA",NA,2006,"Frente Amplio",2015,2015,47,"Senador","Suplente",NA,0,1946-10-17,2010-02-15,2015-02-14,"1985-2020",0,2012-08-15,NA,65,65
"PENA","HERNANDEZ","MARIA","ADRIANA",4031,"Partido Nacional",2015,2015,47,"Senador","Suplente",NA,0,1964-09-09,2010-02-15,2015-02-14,"1985-2020",0,2012-08-15,NA,47,47
"PEREYRA","HUELMO","HECTOR","ANIBAL",4022,"Frente Amplio",2010,2013,47,"Senador","Suplente",NA,1,1966-11-07,2010-02-15,2015-02-14,"1985-2020",0,2012-08-15,NA,45,45
"ANTOGNAZZA","IMAS","MILTON","JESUS",1482,"Frente Amplio",2010,2014,47,"Senador","Suplente",NA,1,1935-07-27,2010-02-15,2015-02-14,"1985-2020",0,2012-08-15,NA,77,77
"AREZO","NANDE","ENRIQUE",NA,4134,"Partido Nacional",2010,2010,47,"Diputado","Suplente",NA,1,1978-05-15,2010-02-15,2015-02-14,"1985-2020",0,2012-08-15,NA,34,34
"ARISTIMUNO","FUMERO","CARMELO","SAUL",2353,"Frente Amplio",2010,2015,47,"Diputado","Suplente",NA,1,1951-07-18,2010-02-15,2015-02-14,"1985-2020",0,2012-08-15,NA,61,61
"AROCENA","ARGUL","JOSE","ANDRES",3817,"Partido Nacional",2010,2010,47,"Diputado","Suplente","Florida",1,1964-05-24,2010-02-15,2015-02-14,"1985-2020",0,2012-08-15,NA,48,48
"PERRONE","CABRERA","ALVARO","LUIS",4189,"Partido Colorado",2013,2013,47,"Diputado","Suplente",NA,1,1977-06-08,2010-02-15,2015-02-14,"1985-2020",0,2012-08-15,NA,35,35
"PINEYRUA","OLMOS","ANA","LIA",2534,"Partido Nacional",2015,2015,47,"Senador","Suplente",NA,0,1954-11-23,2010-02-15,2015-02-14,"1985-2020",0,2012-08-15,NA,57,57
"PINTADO",NA,"ENRIQUE","MANUEL",1098,"Frente Amplio",2010,2010,47,"Senador","Suplente",NA,1,1958-01-26,2010-02-15,2015-02-14,"1985-2020",0,2012-08-15,NA,54,54
"REISCH","VILA","NIBIA","ANDREA",2393,"Partido Colorado",2010,2015,47,"Diputado","Suplente",NA,0,1971-06-28,2010-02-15,2015-02-14,"1985-2020",0,2012-08-15,NA,41,41
"REISCH","VILA","NIBIA","ANDREA",2393,"Partido Colorado",2010,2010,47,"Diputado","Suplente",NA,0,1971-06-28,2010-02-15,2015-02-14,"1985-2020",0,2012-08-15,NA,41,41
"RONDEAU","BARRETO","ANIBAL","RODOLFO",2104,"Frente Amplio",2012,2014,47,"Diputado","Suplente",NA,1,1947-04-24,2010-02-15,2015-02-14,"1985-2020",0,2012-08-15,NA,65,65
"RONDEAU","BARRETO","ANIBAL","RODOLFO",2104,"Frente Amplio",2011,2015,47,"Senador","Suplente",NA,1,1947-04-24,2010-02-15,2015-02-14,"1985-2020",0,2012-08-15,NA,65,65
"ROSADILLA","PEREIRA","LUIS","ANGEL",1213,"Frente Amplio",2011,2015,47,"Senador","Suplente",NA,1,1953-12-21,2010-02-15,2015-02-14,"1985-2020",0,2012-08-15,NA,58,58
"SANABRIA","MENDOZA","WILSON","DANUBIO",2129,"Partido Colorado",2010,2013,47,"Senador","Suplente",NA,1,1949-08-18,2010-02-15,2015-02-14,"1985-2020",0,2012-08-15,NA,62,62
"SANCHEZ","PEREIRA","ALEJANDRO","DARIO",2317,"Frente Amplio",2010,2015,47,"Diputado","Suplente","Montevideo",1,1980-04-24,2010-02-15,2015-02-14,"1985-2020",0,2012-08-15,NA,32,32
"SANDER","DARIN","RICHARD","SAUL",2378,"Partido Colorado",2010,2010,47,"Diputado","Suplente","Rivera",1,1964-08-01,2010-02-15,2015-02-14,"1985-2020",0,2012-08-15,NA,48,48
"SARASOLA","ROBAINA","ALBA","ALICIA",2799,"Frente Amplio",2010,2013,47,"Diputado","Suplente",NA,0,1959-12-22,2010-02-15,2015-02-14,"1985-2020",0,2012-08-15,NA,52,52
"SCAVARELLI","ESCOBAR","ALBERTO","RAUL",1277,"Partido Colorado",2013,2013,47,"Diputado","Suplente",NA,1,1949-09-08,2010-02-15,2015-02-14,"1985-2020",0,2012-08-15,NA,62,62
"SCHUSMAN","KRAFT","JORGE",NA,2149,"Partido Colorado",2010,2010,47,"Diputado","Suplente",NA,1,1963-04-22,2010-02-15,2015-02-14,"1985-2020",0,2012-08-15,NA,49,49
"SCRIGNA","RODRIGUEZ","FERNANDO","JACINTO",1282,"Partido Colorado",2012,2013,47,"Senador","Suplente",NA,1,1958-03-26,2010-02-15,2015-02-14,"1985-2020",0,2012-08-15,NA,54,54
"SENA",NA,"ESTACIO",NA,2787,"Partido Nacional",2010,2014,47,"Diputado","Suplente",NA,1,1943-09-20,2010-02-15,2015-02-14,"1985-2020",0,2012-08-15,NA,68,68
"SILVA","PELUFFO","RUBENSON",NA,2312,"Frente Amplio",2013,2015,47,"Diputado","Suplente","Rivera",1,1961-11-09,2010-02-15,2015-02-14,"1985-2020",0,2012-08-15,NA,50,50
"SILVA","PELUFFO","RUBENSON",NA,2312,"Frente Amplio",2010,2013,47,"Diputado","Suplente","Rivera",1,1961-11-09,2010-02-15,2015-02-14,"1985-2020",0,2012-08-15,NA,50,50
"SILVERA","ARAUJO","MARIO","FABIAN",2402,"Partido Nacional",2010,2014,47,"Diputado","Suplente","Treinta y Tres",1,1971-03-26,2010-02-15,2015-02-14,"1985-2020",0,2012-08-15,NA,41,41
"SOLARI","DAMONTE","ALFREDO","JOSE MARIA",4095,"Partido Colorado",2010,2015,47,"Senador","Suplente",NA,1,1944-07-05,2010-02-15,2015-02-14,"1985-2020",0,2012-08-15,NA,68,68
"TAJAM","CABRERA","HECTOR","VICENTE",1345,"Frente Amplio",2010,2015,47,"Senador","Suplente",NA,1,1947-09-22,2010-02-15,2015-02-14,"1985-2020",0,2012-08-15,NA,64,64
"UMPIERREZ","DIANO","JAVIER","ERNESTO",4460,"Frente Amplio",2013,2015,47,"Diputado","Suplente",NA,1,1964-05-15,2010-02-15,2015-02-14,"1985-2020",0,2012-08-15,NA,48,48
"UMPIERREZ","DIANO","JAVIER","ERNESTO",4460,"Frente Amplio",2010,2013,47,"Diputado","Suplente",NA,1,1964-05-15,2010-02-15,2015-02-14,"1985-2020",0,2012-08-15,NA,48,48
"BANDERA","PERG","MARIO","ISIDRO",2873,"Partido Nacional",2010,2010,47,"Diputado","Suplente",NA,1,1965-02-18,2010-02-15,2015-02-14,"1985-2020",0,2012-08-15,NA,47,47
"XAVIER","YELPO","MONICA",NA,2271,"Frente Amplio",2012,2012,47,"Senador","Suplente",NA,0,1956-12-16,2010-02-15,2015-02-14,"1985-2020",0,2012-08-15,NA,55,55
"ZAS","FERNANDEZ","JORGE",NA,2278,"Frente Amplio",2010,2015,47,"Diputado","Suplente",NA,1,1949-02-23,2010-02-15,2015-02-14,"1985-2020",0,2012-08-15,NA,63,63
"BATTISTONI","SPINELLI","JULIO","JOSE",2327,"Frente Amplio",2010,2014,47,"Senador","Suplente",NA,1,1945-01-02,2010-02-15,2015-02-14,"1985-2020",0,2012-08-15,NA,67,67
"BAYARDI","LOZANO","JOSE","ARTURO",1529,"Frente Amplio",2012,2013,47,"Senador","Suplente",NA,1,1955-06-30,2010-02-15,2015-02-14,"1985-2020",0,2012-08-15,NA,57,57
"BAYARDI","LOZANO","JOSE","ARTURO",1529,"Frente Amplio",2010,2010,47,"Senador","Suplente",NA,1,1955-06-30,2010-02-15,2015-02-14,"1985-2020",0,2012-08-15,NA,57,57
"BERAMENDI","USERA","MARIA","DEL CARMEN",1543,"Frente Amplio",2010,2014,47,"Senador","Suplente",NA,0,1950-06-16,2010-02-15,2015-02-14,"1985-2020",0,2012-08-15,NA,62,62
"BERTERRECHE","ALVAREZ","ANDRES",NA,2559,"Frente Amplio",2010,2010,47,"Senador","Suplente",NA,1,1962-07-18,2010-02-15,2015-02-14,"1985-2020",0,2012-08-15,NA,50,50
"BIANCHI","CASERTA","ELEONORA",NA,1561,"Frente Amplio",2010,2014,47,"Diputado","Suplente",NA,0,1960-11-29,2010-02-15,2015-02-14,"1985-2020",0,2012-08-15,NA,51,51
"BIANCHI","CASERTA","ELEONORA",NA,1561,"Frente Amplio",2010,2010,47,"Senador","Suplente",NA,0,1960-11-29,2010-02-15,2015-02-14,"1985-2020",0,2012-08-15,NA,51,51
"BOTTINO","FIURI","MARIA","CECILIA",2361,"Frente Amplio",2010,2015,47,"Diputado","Suplente",NA,0,1960-10-19,2010-02-15,2015-02-14,"1985-2020",0,2012-08-15,NA,51,51
"BRENTA","BADANO","EDUARDO","ALFONSO",4147,"Frente Amplio",2014,2015,47,"Senador","Suplente",NA,1,1959-02-08,2010-02-15,2015-02-14,"1985-2020",0,2012-08-15,NA,53,53
"BRENTA","BADANO","EDUARDO","ALFONSO",4147,"Frente Amplio",2014,2014,47,"Diputado","Suplente",NA,1,1959-02-08,2010-02-15,2015-02-14,"1985-2020",0,2012-08-15,NA,53,53
"CAMPANELLA","GIANECHINE","WALTER","HUGO",2403,"Partido Nacional",2010,2013,47,"Diputado","Suplente",NA,1,1948-03-22,2010-02-15,2015-02-14,"1985-2020",0,2012-08-15,NA,64,64
"CAMY","ANTOGNAZZA","CARLOS","DANIEL",4148,"Partido Nacional",2010,2010,47,"Senador","Suplente",NA,1,1970-09-09,2010-02-15,2015-02-14,"1985-2020",0,2012-08-15,NA,41,41
"CARDOSO","FERREIRA","GERMAN",NA,1622,"Partido Colorado",2010,2015,47,"Senador","Suplente",NA,1,1973-10-01,2010-02-15,2015-02-14,"1985-2020",0,2012-08-15,NA,38,38
"CARDOSO","SILVA","JOSE","CARLOS",3859,"Partido Nacional",2011,2013,47,"Senador","Suplente",NA,1,1958-04-24,2010-02-15,2015-02-14,"1985-2020",0,2012-08-15,NA,54,54
"CERSOSIMO","MICHELINI","GUSTAVO",NA,2383,"Partido Colorado",2015,2015,47,"Senador","Suplente",NA,1,1953-04-02,2010-02-15,2015-02-14,"1985-2020",0,2012-08-15,NA,59,59
"ACORDAGOITIA","AMARELLA","OSVALDO","ROSENDO",4689,"Frente Amplio",2010,2010,47,"Diputado","Suplente",NA,1,1932-04-21,2010-02-15,2015-02-14,"1985-2020",1,2012-08-15,NA,80,80
"ACOSTA","MARTIRENA","AURO","RAMON",4543,"Partido Nacional",2010,2015,47,"Diputado","Suplente",NA,1,1964-05-04,2010-02-15,2015-02-14,"1985-2020",1,2012-08-15,NA,48,48
"ALVAREZ","DE","ALDA","GRISEL",4520,"Frente Amplio",2010,2014,47,"Diputado","Suplente",NA,0,1973-05-08,2010-02-15,2015-02-14,"1985-2020",1,2012-08-15,NA,39,39
"ALVAREZ","LOPEZ","PABLO","EMILIANO",4690,"Frente Amplio",2010,2010,47,"Senador","Suplente",NA,1,1978-03-14,2010-02-15,2015-02-14,"1985-2020",1,2012-08-15,NA,34,34
"ALVAREZ","LOPEZ","PABLO","EMILIANO",4690,"Frente Amplio",2010,2010,47,"Diputado","Suplente",NA,1,1978-03-14,2010-02-15,2015-02-14,"1985-2020",1,2012-08-15,NA,34,34
"COEDO","ATIENZA","EVARISTO",NA,4580,"Frente Amplio",2010,2014,47,"Diputado","Suplente",NA,1,1950-11-13,2010-02-15,2015-02-14,"1985-2020",1,2012-08-15,NA,61,61
"COITINO","CEBEY","CARLOS","DIONISIO",4546,"Frente Amplio",2010,2014,47,"Diputado","Suplente",NA,1,1936-10-03,2010-02-15,2015-02-14,"1985-2020",1,2012-08-15,NA,75,75
"CORBO","HERMIDA","FEDERICO",NA,4583,"Partido Colorado",2010,2010,47,"Diputado","Suplente",NA,1,1979-04-03,2010-02-15,2015-02-14,"1985-2020",1,2012-08-15,NA,33,33
"CORRADI","COLMAN","JOSE","BALTAZAR",4617,"Partido Colorado",2010,2014,47,"Diputado","Suplente",NA,1,1944-08-26,2010-02-15,2015-02-14,"1985-2020",1,2012-08-15,NA,67,67
"CORREA","CORSIGLIA","MARCO","ARTEMIO",4656,"Partido Colorado",2010,2012,47,"Diputado","Suplente",NA,1,1973-01-17,2010-02-15,2015-02-14,"1985-2020",1,2012-08-15,NA,39,39
"CORUJO","NUNEZ","CARLOS","ALBERTO",4547,"Frente Amplio",2015,2015,47,"Diputado","Suplente",NA,1,1962-02-14,2010-02-15,2015-02-14,"1985-2020",1,2012-08-15,NA,50,50
"CORUJO","NUNEZ","CARLOS","ALBERTO",4547,"Frente Amplio",2010,2015,47,"Diputado","Suplente",NA,1,1962-02-14,2010-02-15,2015-02-14,"1985-2020",1,2012-08-15,NA,50,50
"CUADRADO","FERNANDEZ","BEATRIZ","ELENA",4544,"Frente Amplio",2010,2014,47,"Diputado","Suplente",NA,1,1948-06-30,2010-02-15,2015-02-14,"1985-2020",1,2012-08-15,NA,64,64
"CURBELO","DEL","JUAN","ALCIDES",4625,"Partido Nacional",2010,2015,47,"Diputado","Suplente",NA,1,1973-10-29,2010-02-15,2015-02-14,"1985-2020",1,2012-08-15,NA,38,38
"DA ROZA","PINEYRO","LUIS","ALBERTO",4647,"Frente Amplio",2010,2014,47,"Diputado","Suplente",NA,1,1959-03-21,2010-02-15,2015-02-14,"1985-2020",1,2012-08-15,NA,53,53
"DE HAEDO","MAS","RAUL","JAVIER",4699,"Partido Nacional",2010,2010,47,"Senador","Suplente",NA,1,1961-09-28,2010-02-15,2015-02-14,"1985-2020",1,2012-08-15,NA,50,50
"DE SOUZA","PINTO","BELMONTE","JOSE",4545,"Partido Nacional",2010,2015,47,"Diputado","Suplente",NA,1,1955-05-25,2010-02-15,2015-02-14,"1985-2020",1,2012-08-15,NA,57,57
"DIAZ","ANGUILLA","PABLO","ANDRES",4692,"Partido Nacional",2010,2013,47,"Diputado","Suplente",NA,1,1980-03-13,2010-02-15,2015-02-14,"1985-2020",1,2012-08-15,NA,32,32
"DIAZ","DA","MARCELO","FERNANDO",4653,"Partido Nacional",2010,2014,47,"Diputado","Suplente",NA,1,1969-01-25,2010-02-15,2015-02-14,"1985-2020",1,2012-08-15,NA,43,43
"DIZ","ISI","LUIS","ALBERTO",4648,"Partido Nacional",2012,2012,47,"Diputado","Suplente",NA,1,NA,2010-02-15,2015-02-14,"1985-2020",1,2012-08-15,NA,NA,NA
"DOMINGUEZ","DIAZ","JUAN","JOSE",4626,"Frente Amplio",2010,2014,47,"Senador","Suplente",NA,1,1942-10-03,2010-02-15,2015-02-14,"1985-2020",1,2012-08-15,NA,69,69
"DOMINGUEZ","GOMEZ","ROBERTO","CESAR",4706,"Frente Amplio",2010,2010,47,"Diputado","Suplente",NA,1,1956-10-06,2010-02-15,2015-02-14,"1985-2020",1,2012-08-15,NA,55,55
"DUARTE","RODRIGUEZ","ABEL","AMILCAR",4517,"Partido Colorado",2011,2011,47,"Diputado","Suplente",NA,1,1958-08-21,2010-02-15,2015-02-14,"1985-2020",1,2012-08-15,NA,53,53
"DUHALDE","ETCHEVERRY","MIGUEL","ANTONIO",4671,"Partido Colorado",2010,2010,47,"Senador","Suplente",NA,1,1963-10-10,2010-02-15,2015-02-14,"1985-2020",1,2012-08-15,NA,48,48
"ECHEVERRIA","DE","ALEJANDRO","RAUL",4522,"Frente Amplio",2014,2014,47,"Senador","Suplente",NA,1,1963-01-31,2010-02-15,2015-02-14,"1985-2020",1,2012-08-15,NA,49,49
"ECHEVERRIA","DE","ALEJANDRO","RAUL",4522,"Frente Amplio",2011,2011,47,"Senador","Suplente",NA,1,1963-01-31,2010-02-15,2015-02-14,"1985-2020",1,2012-08-15,NA,49,49
"ELGUE","SANCHEZ","WALTER","MARTIN",4724,"Partido Nacional",2010,2014,47,"Diputado","Suplente",NA,1,1976-03-15,2010-02-15,2015-02-14,"1985-2020",1,2012-08-15,NA,36,36
"ESCUDERO","MAZZEI","SUSANA","MARIA",4721,"Partido Nacional",2010,2010,47,"Diputado","Suplente",NA,0,1952-05-18,2010-02-15,2015-02-14,"1985-2020",1,2012-08-15,NA,60,60
"FAJARDO","MACHADO","CARLOS","FELIPE",4548,"Partido Nacional",2010,2010,47,"Diputado","Suplente",NA,1,1952-09-07,2010-02-15,2015-02-14,"1985-2020",1,2012-08-15,NA,59,59
"FERBER","ARTAGAVEYTIA","CONRADO","ENRIQUE",4555,"Partido Nacional",2010,2014,47,"Diputado","Suplente",NA,1,1968-07-12,2010-02-15,2015-02-14,"1985-2020",1,2012-08-15,NA,44,44
"FERNANDEZ","AIZCORBE","MARTIN",NA,4667,"Partido Nacional",2010,2013,47,"Diputado","Suplente",NA,1,1974-02-05,2010-02-15,2015-02-14,"1985-2020",1,2012-08-15,NA,38,38
"FERNANDEZ","CABRERA","FERNANDO","MARCELO",4586,"Frente Amplio",2010,2010,47,"Diputado","Suplente",NA,1,1966-06-01,2010-02-15,2015-02-14,"1985-2020",1,2012-08-15,NA,46,46
"FERNANDEZ","FARIAS","EDUARDO","DOUGLAS",4570,"Frente Amplio",2010,2015,47,"Senador","Suplente",NA,1,1950-07-01,2010-02-15,2015-02-14,"1985-2020",1,2012-08-15,NA,62,62
"FERNANDEZ","GONZALEZ","ALVARO",NA,4527,"Partido Colorado",2010,2015,47,"Diputado","Suplente",NA,1,1966-01-08,2010-02-15,2015-02-14,"1985-2020",1,2012-08-15,NA,46,46
"FERNANDEZ","LASSO","GUSTAVO","ANDRES",4597,"Partido Colorado",2010,2011,47,"Diputado","Suplente",NA,1,1977-12-22,2010-02-15,2015-02-14,"1985-2020",1,2012-08-15,NA,34,34
"FERNANDEZ","SARUTTE","SEGUNDO","ISAIAS DANIEL",4717,"Partido Nacional",2012,2012,47,"Diputado","Suplente",NA,1,1975-11-23,2010-02-15,2015-02-14,"1985-2020",1,2012-08-15,NA,36,36
"FERRARI","SARZABAL","ALDO","OSCAR",4521,"Partido Colorado",2010,2010,47,"Diputado","Suplente",NA,1,1944-09-28,2010-02-15,2015-02-14,"1985-2020",1,2012-08-15,NA,67,67
"FERREIRA","FERREIRA","ANGELICA",NA,4536,"Partido Nacional",2010,2014,47,"Diputado","Suplente",NA,0,1961-11-26,2010-02-15,2015-02-14,"1985-2020",1,2012-08-15,NA,50,50
"FERREIRA","RODRIGUEZ","OLGA","ZULIMAR",4685,"Frente Amplio",2010,2014,47,"Diputado","Suplente",NA,0,1973-09-26,2010-02-15,2015-02-14,"1985-2020",1,2012-08-15,NA,38,38
"FERRERO","RODRIGUEZ","JUAN","CARLOS",4627,"Frente Amplio",2010,2014,47,"Diputado","Suplente",NA,1,1944-05-26,2010-02-15,2015-02-14,"1985-2020",1,2012-08-15,NA,68,68
"FIORDELMONDO","DOS","JULIO","CESAR",4635,"Frente Amplio",2012,2013,47,"Diputado","Suplente",NA,1,1947-09-30,2010-02-15,2015-02-14,"1985-2020",1,2012-08-15,NA,64,64
"FORNE","MONTANI","RAUL","TOMAS",4700,"Frente Amplio",2013,2014,47,"Diputado","Suplente",NA,1,1945-12-29,2010-02-15,2015-02-14,"1985-2020",1,2012-08-15,NA,66,66
"FORNE","MONTANI","RAUL","TOMAS",4700,"Frente Amplio",2011,2011,47,"Diputado","Suplente",NA,1,1945-12-29,2010-02-15,2015-02-14,"1985-2020",1,2012-08-15,NA,66,66
"FUENTES","GOMEZ","SONIA",NA,4719,"Partido Nacional",2012,2013,47,"Diputado","Suplente",NA,0,1955-02-06,2010-02-15,2015-02-14,"1985-2020",1,2012-08-15,NA,57,57
"GALLICCHIO","QUEIROLO","ANTONIO",NA,4538,"Frente Amplio",2010,2015,47,"Senador","Suplente",NA,1,1944-08-18,2010-02-15,2015-02-14,"1985-2020",1,2012-08-15,NA,67,67
"GALLICCHIO","QUEIROLO","ANTONIO",NA,4538,"Frente Amplio",2010,2013,47,"Diputado","Suplente",NA,1,1944-08-18,2010-02-15,2015-02-14,"1985-2020",1,2012-08-15,NA,67,67
"GARCIA","COSTA","GUILLERMO","FRANCISCO",4595,"Partido Nacional",2010,2013,47,"Senador","Suplente",NA,1,1930-06-10,2010-02-15,2015-02-14,"1985-2020",1,2012-08-15,NA,82,82
"GARCIA","GONZALEZ","MARIO","LUIS",4662,"Partido Nacional",2010,2015,47,"Diputado","Suplente",NA,1,1969-03-20,2010-02-15,2015-02-14,"1985-2020",1,2012-08-15,NA,43,43
"GARCIA","MASSARO","LUIS","NERY",4649,"Partido Nacional",2010,2010,47,"Diputado","Suplente",NA,1,1928-07-08,2010-02-15,2015-02-14,"1985-2020",1,2012-08-15,NA,84,84
"GARCIA","PEREYRA","RICHARD","ROGELIO",4703,"Frente Amplio",2011,2012,47,"Diputado","Suplente",NA,1,1968-10-07,2010-02-15,2015-02-14,"1985-2020",1,2012-08-15,NA,43,43
"GIMENEZ","MONTESDEOCA","RAMON","NICOMEDES",4698,"Frente Amplio",2010,2013,47,"Diputado","Suplente",NA,1,1972-01-16,2010-02-15,2015-02-14,"1985-2020",1,2012-08-15,NA,40,40
"GONZALEZ","GARCIA","IRIS","CRISTINA",4604,"Frente Amplio",2010,2010,47,"Diputado","Suplente",NA,1,1961-07-16,2010-02-15,2015-02-14,"1985-2020",1,2012-08-15,NA,51,51
"GONZALEZ","LOPEZ","WALTER","YAMANDU",4725,"Frente Amplio",2013,2013,47,"Diputado","Suplente",NA,1,1955-05-12,2010-02-15,2015-02-14,"1985-2020",1,2012-08-15,NA,57,57
"GONZALEZ","MOREIRA","MARIA","DEL LUJAN",4658,"Partido Nacional",2011,2011,47,"Diputado","Suplente",NA,0,1968-03-09,2010-02-15,2015-02-14,"1985-2020",1,2012-08-15,NA,44,44
"GONZALEZ","RIOS","LUIS","ALBERTO",4650,"Partido Independiente",2010,2010,47,"Diputado","Suplente",NA,1,1951-12-07,2010-02-15,2015-02-14,"1985-2020",1,2012-08-15,NA,60,60
"GONZALEZ","RODRIGUEZ","DANIEL","ALEJANDRO",4556,"Frente Amplio",2015,2015,47,"Diputado","Suplente",NA,1,1972-07-20,2010-02-15,2015-02-14,"1985-2020",1,2012-08-15,NA,40,40
"GRIEGO","VALIENTE","NORMA","NANCY",4684,"Frente Amplio",2010,2014,47,"Diputado","Suplente",NA,0,1963-12-03,2010-02-15,2015-02-14,"1985-2020",1,2012-08-15,NA,48,48
"GRILLE","CORONEL","LEANDRO",NA,4642,"Frente Amplio",2012,2014,47,"Diputado","Suplente",NA,1,1979-03-04,2010-02-15,2015-02-14,"1985-2020",1,2012-08-15,NA,33,33
"GRILLE","CORONEL","LEANDRO",NA,4642,"Frente Amplio",2010,2010,47,"Diputado","Suplente",NA,1,1979-03-04,2010-02-15,2015-02-14,"1985-2020",1,2012-08-15,NA,33,33
"GRONRROZ","AGUIAR","JUAN","DANIEL",4628,"Partido Nacional",2010,2010,47,"Diputado","Suplente",NA,1,1949-07-23,2010-02-15,2015-02-14,"1985-2020",1,2012-08-15,NA,63,63
"GUADALUPE","BRENNA","DIEGO",NA,4566,"Partido Nacional",2010,2014,47,"Diputado","Suplente",NA,1,1960-01-16,2010-02-15,2015-02-14,"1985-2020",1,2012-08-15,NA,52,52
"GUARINONI","RODRIGUEZ","MAURICIO",NA,4670,"Frente Amplio",2010,2015,47,"Diputado","Suplente",NA,1,1977-09-18,2010-02-15,2015-02-14,"1985-2020",1,2012-08-15,NA,34,34
"GUEKDJIAN","HEKIMIAN","JORGE",NA,4612,"Partido Nacional",2015,2015,47,"Diputado","Suplente",NA,1,1964-06-23,2010-02-15,2015-02-14,"1985-2020",1,2012-08-15,NA,48,48
"GUEKDJIAN","HEKIMIAN","JORGE",NA,4612,"Partido Nacional",2010,2014,47,"Diputado","Suplente",NA,1,1964-06-23,2010-02-15,2015-02-14,"1985-2020",1,2012-08-15,NA,48,48
"GUIGOU","KLUVER","ALBERTO","BARTOLOME",4519,"Frente Amplio",2011,2011,47,"Diputado","Suplente",NA,1,1954-10-06,2010-02-15,2015-02-14,"1985-2020",1,2012-08-15,NA,57,57
"HERNANDEZ","GOMEZ","ELSA","CLERICI",4576,"Frente Amplio",2010,2014,47,"Diputado","Suplente",NA,0,1949-01-16,2010-02-15,2015-02-14,"1985-2020",1,2012-08-15,NA,63,63
"HORNES","BARCELO","JUAN","CARLOS",4629,"Frente Amplio",2010,2014,47,"Diputado","Suplente",NA,1,1959-09-10,2010-02-15,2015-02-14,"1985-2020",1,2012-08-15,NA,52,52
"ALVAREZ","RAMOS","JULIO","NELSON",4632,"Partido Nacional",2010,2014,47,"Diputado","Suplente",NA,1,1944-08-26,2010-02-15,2015-02-14,"1985-2020",1,2012-08-15,NA,67,67
"ALVEZ","VILA","EVA","MYRIAM",4581,"Partido Nacional",2010,2015,47,"Diputado","Suplente",NA,0,1945-01-27,2010-02-15,2015-02-14,"1985-2020",1,2012-08-15,NA,67,67
"ALZUGARAY",NA,"ELDA",NA,4575,"Frente Amplio",2010,2010,47,"Diputado","Suplente",NA,0,NA,2010-02-15,2015-02-14,"1985-2020",1,2012-08-15,NA,NA,NA
"AMARO","MACHADO","RUBEN","JOSE",4711,"Partido Nacional",2010,2015,47,"Diputado","Suplente",NA,1,1957-11-23,2010-02-15,2015-02-14,"1985-2020",1,2012-08-15,NA,54,54
"AMOZA","BOZZOLO","MARGARITA","MARIA",4657,"Partido Nacional",2012,2012,47,"Diputado","Suplente",NA,0,1945-05-05,2010-02-15,2015-02-14,"1985-2020",1,2012-08-15,NA,67,67
"IRRAZABAL","TEXEIRA","MIGUEL","ANGEL",4672,"Partido Nacional",2010,2015,47,"Diputado","Suplente",NA,1,1960-05-26,2010-02-15,2015-02-14,"1985-2020",1,2012-08-15,NA,52,52
"ISABELLA","REVETRIA","FERNANDO","RAFAEL",4587,"Frente Amplio",2012,2014,47,"Diputado","Suplente",NA,1,1977-08-09,2010-02-15,2015-02-14,"1985-2020",1,2012-08-15,NA,35,35
"ISI","QUEPFERT","DANIEL",NA,4557,"Partido Colorado",2012,2012,47,"Diputado","Suplente",NA,1,1965-03-26,2010-02-15,2015-02-14,"1985-2020",1,2012-08-15,NA,47,47
"ISLAS","GLOODTDOFSKY","LARA","PAOLA",4640,"Partido Colorado",2012,2012,47,"Diputado","Suplente",NA,0,1978-01-11,2010-02-15,2015-02-14,"1985-2020",1,2012-08-15,NA,34,34
"LAPASTA","VENTURA","GERMAN",NA,4594,"Partido Nacional",2010,2013,47,"Diputado","Suplente",NA,1,1982-05-25,2010-02-15,2015-02-14,"1985-2020",1,2012-08-15,NA,30,30
"LARA","GILENE","JULIO","CESAR",4636,"Partido Nacional",2010,2015,47,"Senador","Suplente",NA,1,1953-07-23,2010-02-15,2015-02-14,"1985-2020",1,2012-08-15,NA,59,59
"LAVENTURE","OTEGUI","EDUARDO","MARTIN",4571,"Partido Nacional",2015,2015,47,"Senador","Suplente",NA,1,1958-06-17,2010-02-15,2015-02-14,"1985-2020",1,2012-08-15,NA,54,54
"LAVENTURE","OTEGUI","EDUARDO","MARTIN",4571,"Partido Nacional",2010,2014,47,"Diputado","Suplente",NA,1,1958-06-17,2010-02-15,2015-02-14,"1985-2020",1,2012-08-15,NA,54,54
"LERETE","SALCEDO","ORLANDO","DARIO",4687,"Partido Nacional",2011,2014,47,"Diputado","Suplente",NA,1,1945-03-24,2010-02-15,2015-02-14,"1985-2020",1,2012-08-15,NA,67,67
"LOPEZ","GOLDARACENA","OSCAR","ADOLFO",4688,"Frente Amplio",2010,2014,47,"Senador","Suplente",NA,1,1959-08-26,2010-02-15,2015-02-14,"1985-2020",1,2012-08-15,NA,52,52
"LOPEZ","MENDEZ","ARTURO","EDUARDO",4542,"Partido Nacional",2011,2014,47,"Diputado","Suplente",NA,1,1983-10-12,2010-02-15,2015-02-14,"1985-2020",1,2012-08-15,NA,28,28
"LOPEZ","VILLALBA","DANIEL","GUSTAVO",4558,"Partido Nacional",2010,2014,47,"Diputado","Suplente",NA,1,1947-12-30,2010-02-15,2015-02-14,"1985-2020",1,2012-08-15,NA,64,64
"MACIEL","MOREIRA","NOEL","BAUTISTA",4682,"Frente Amplio",2013,2013,47,"Diputado","Suplente",NA,1,1946-12-30,2010-02-15,2015-02-14,"1985-2020",1,2012-08-15,NA,65,65
"MAGALLANES",NA,"GUSTAVO","YAMANDU",4598,"Partido Colorado",2010,2011,47,"Diputado","Suplente",NA,1,1958-11-26,2010-02-15,2015-02-14,"1985-2020",1,2012-08-15,NA,53,53
"MARIZCURRENA","ECHEVERRIA","MARTHA","MARIA",4665,"Partido Nacional",2010,2012,47,"Diputado","Suplente",NA,0,1963-12-08,2010-02-15,2015-02-14,"1985-2020",1,2012-08-15,NA,48,48
"MARQUEZ","OLIVERA","PEDRO","EDUARDO",4695,"Frente Amplio",2010,2015,47,"Diputado","Suplente",NA,1,1961-10-18,2010-02-15,2015-02-14,"1985-2020",1,2012-08-15,NA,50,50
"MARTELLETTI","GONZALEZ","EDUARDO",NA,4572,"Partido Independiente",2012,2014,47,"Diputado","Suplente",NA,1,1969-02-06,2010-02-15,2015-02-14,"1985-2020",1,2012-08-15,NA,43,43
"MARTINEZ","MARTINEZ","LOURDES","DIANNE",4645,"Partido Colorado",2012,2013,47,"Diputado","Suplente",NA,1,1961-08-15,2010-02-15,2015-02-14,"1985-2020",1,2012-08-15,NA,51,51
"MAUTE","SARAVIA","MARCELO","ANDRES",4654,"Partido Nacional",2010,2012,47,"Diputado","Suplente",NA,1,1974-09-04,2010-02-15,2015-02-14,"1985-2020",1,2012-08-15,NA,37,37
"MEZZERA","BRITO","EDUARDO",NA,4573,"Partido Nacional",2013,2015,47,"Senador","Suplente",NA,1,1946-07-21,2010-02-15,2015-02-14,"1985-2020",1,2012-08-15,NA,66,66
"MIGUES","PERALTA","ARAMIS","NEREO",4541,"Partido Colorado",2011,2011,47,"Diputado","Suplente",NA,1,1943-05-01,2010-02-15,2015-02-14,"1985-2020",1,2012-08-15,NA,69,69
"MILLAN","GARCIA","CARMEN","YANNET",4551,"Frente Amplio",2010,2012,47,"Diputado","Suplente",NA,1,1954-03-24,2010-02-15,2015-02-14,"1985-2020",1,2012-08-15,NA,58,58
"MINARRIETA","VERA","NERY","ALFREDO",4678,"Partido Nacional",2011,2011,47,"Diputado","Suplente",NA,1,1937-07-14,2010-02-15,2015-02-14,"1985-2020",1,2012-08-15,NA,75,75
"MONTIEL","MENDEZ","CLEVER","DANIEL",4554,"Frente Amplio",2010,2014,47,"Diputado","Suplente",NA,1,1958-08-05,2010-02-15,2015-02-14,"1985-2020",1,2012-08-15,NA,54,54
"MONTIEL","MENDEZ","CLEVER","DANIEL",4554,"Frente Amplio",2010,2014,47,"Senador","Suplente",NA,1,1958-08-05,2010-02-15,2015-02-14,"1985-2020",1,2012-08-15,NA,54,54
"MOREIRA","FONTES","MARIA","ELOISA",4659,"Frente Amplio",2010,2015,47,"Diputado","Suplente",NA,0,1958-06-07,2010-02-15,2015-02-14,"1985-2020",1,2012-08-15,NA,54,54
"MORELLI","COLOMBRES","DANIEL","EDUARDO",4560,"Partido Nacional",2010,2012,47,"Diputado","Suplente",NA,1,1944-07-24,2010-02-15,2015-02-14,"1985-2020",1,2012-08-15,NA,68,68
"MORELLI","COLOMBRES","LEON","JOSE",4643,"Partido Nacional",2011,2014,47,"Senador","Suplente",NA,1,1941-11-06,2010-02-15,2015-02-14,"1985-2020",1,2012-08-15,NA,70,70
"MORODO","DIAZ","WALTER","DOMINGO",4726,"Frente Amplio",2010,2014,47,"Senador","Suplente",NA,1,1954-01-13,2010-02-15,2015-02-14,"1985-2020",1,2012-08-15,NA,58,58
"MOROSINI","RESENDE","DOGOMAR",NA,4567,"Partido Nacional",2010,2013,47,"Diputado","Suplente",NA,1,1954-02-18,2010-02-15,2015-02-14,"1985-2020",1,2012-08-15,NA,58,58
"MUSETTI","FORMOSO","JULIO","MARIO",4637,"Partido Colorado",2010,2012,47,"Diputado","Suplente",NA,1,1967-07-12,2010-02-15,2015-02-14,"1985-2020",1,2012-08-15,NA,45,45
"MUTTONI","VIGNOLI","RICARDO","DANIEL",4702,"Frente Amplio",2010,2010,47,"Diputado","Suplente",NA,1,1951-04-10,2010-02-15,2015-02-14,"1985-2020",1,2012-08-15,NA,61,61
"NUNEZ","BELLES","RUBEN","NELSON",4712,"Partido Colorado",2010,2014,47,"Diputado","Suplente",NA,1,1954-09-30,2010-02-15,2015-02-14,"1985-2020",1,2012-08-15,NA,57,57
"NUNEZ","PEREZ","NICOLAS","ANDRES",4679,"Frente Amplio",2010,2015,47,"Diputado","Suplente",NA,1,1983-12-30,2010-02-15,2015-02-14,"1985-2020",1,2012-08-15,NA,28,28
"NUNEZ","SAPPA","JOSE","LUIS",4619,"Partido Nacional",2010,2015,47,"Diputado","Suplente",NA,1,1962-01-14,2010-02-15,2015-02-14,"1985-2020",1,2012-08-15,NA,50,50
"OCAMPO","LIMA","ANDREA","KARINA",4535,"Partido Independiente",2012,2013,47,"Diputado","Suplente",NA,0,1981-04-20,2010-02-15,2015-02-14,"1985-2020",1,2012-08-15,NA,31,31
"OJEDA","DIAZ","MILO","HIGINIO",4673,"Partido Colorado",2010,2014,47,"Diputado","Suplente",NA,1,1942-10-14,2010-02-15,2015-02-14,"1985-2020",1,2012-08-15,NA,69,69
"OLIVAR","MENDEZ","JULIO","MARIO",4638,"Partido Colorado",2010,2014,47,"Diputado","Suplente",NA,1,1963-12-11,2010-02-15,2015-02-14,"1985-2020",1,2012-08-15,NA,48,48
"ONTANEDA","PARODI","LOURDES","AZUCENA",4646,"Frente Amplio",2010,2014,47,"Diputado","Suplente",NA,1,1948-02-11,2010-02-15,2015-02-14,"1985-2020",1,2012-08-15,NA,64,64
"ORTEGA","SUAREZ","RUPERTO","MARIA",4714,"Partido Nacional",2010,2015,47,"Diputado","Suplente",NA,1,1939-07-22,2010-02-15,2015-02-14,"1985-2020",1,2012-08-15,NA,73,73
"ORTIZ","DE","NICOLAS",NA,4680,"Partido Colorado",2010,2015,47,"Diputado","Suplente",NA,1,1979-09-28,2010-02-15,2015-02-14,"1985-2020",1,2012-08-15,NA,32,32
"OSTRIA","CHIAZZARO","JOSE","LUIS",4620,"Partido Nacional",2010,2013,47,"Diputado","Suplente",NA,1,1959-07-23,2010-02-15,2015-02-14,"1985-2020",1,2012-08-15,NA,53,53
"PACHECO","MARTIRENA","MARY","ELISABETH",4668,"Partido Nacional",2015,2015,47,"Diputado","Suplente",NA,1,1965-07-12,2010-02-15,2015-02-14,"1985-2020",1,2012-08-15,NA,47,47
"PACHECO","MARTIRENA","MARY","ELISABETH",4668,"Partido Nacional",2010,2010,47,"Diputado","Suplente",NA,1,1965-07-12,2010-02-15,2015-02-14,"1985-2020",1,2012-08-15,NA,47,47
"PANIZZA",NA,"CESAR","EDGARD",4552,"Partido Nacional",2010,2014,47,"Diputado","Suplente",NA,1,1949-01-09,2010-02-15,2015-02-14,"1985-2020",1,2012-08-15,NA,63,63
"PENA","FERNANDEZ","DANIEL","ADRIAN",4561,"Partido Nacional",2015,2015,47,"Senador","Suplente",NA,1,1972-12-21,2010-02-15,2015-02-14,"1985-2020",1,2012-08-15,NA,39,39
"PENA","FERNANDEZ","DANIEL","ADRIAN",4561,"Partido Nacional",2010,2015,47,"Senador","Suplente",NA,1,1972-12-21,2010-02-15,2015-02-14,"1985-2020",1,2012-08-15,NA,39,39
"PERDOMO","BARRETO","MILTON","HENRY",4674,"Frente Amplio",2013,2014,47,"Diputado","Suplente",NA,1,1966-04-08,2010-02-15,2015-02-14,"1985-2020",1,2012-08-15,NA,46,46
"PEREIRA","CARRACEDO","NICOLAS","JAVIER",4681,"Frente Amplio",2010,2014,47,"Diputado","Suplente",NA,1,1982-07-19,2010-02-15,2015-02-14,"1985-2020",1,2012-08-15,NA,30,30
"PEREYRA","BORGES","JOSE","MARIA",4621,"Frente Amplio",2010,2014,47,"Senador","Suplente",NA,1,1945-12-16,2010-02-15,2015-02-14,"1985-2020",1,2012-08-15,NA,66,66
"PEREYRA","LARROSA","MARIA","DEL CARMEN",4660,"Partido Nacional",2010,2014,47,"Diputado","Suplente",NA,0,1957-04-02,2010-02-15,2015-02-14,"1985-2020",1,2012-08-15,NA,55,55
"AQUINO","DOMINGUEZ","JOSE","DANIEL",4615,"Frente Amplio",2010,2014,47,"Diputado","Suplente",NA,1,1959-03-18,2010-02-15,2015-02-14,"1985-2020",1,2012-08-15,NA,53,53
"ARAUJO","ABIMORAD","ROBERTO",NA,4704,"Partido Nacional",2010,2014,47,"Diputado","Suplente",NA,1,1963-09-10,2010-02-15,2015-02-14,"1985-2020",1,2012-08-15,NA,48,48
"PEREZ","AGUIRRE","LAURA","CRISTINA",4641,"Frente Amplio",2010,2011,47,"Diputado","Suplente",NA,0,1976-08-01,2010-02-15,2015-02-14,"1985-2020",1,2012-08-15,NA,36,36
"PEREZ","CORTELEZZI","NELSON","EDUARDO",4676,"Partido Nacional",2010,2014,47,"Diputado","Suplente",NA,1,1940-07-01,2010-02-15,2015-02-14,"1985-2020",1,2012-08-15,NA,72,72
"PEREZ","GARCIA","ANTONIO","LEANDRO",4539,"Frente Amplio",2010,2014,47,"Diputado","Suplente",NA,1,1937-11-06,2010-02-15,2015-02-14,"1985-2020",1,2012-08-15,NA,74,74
"PEREZ","GONZALEZ","PABLO","NEKLINDOR",4693,"Frente Amplio",2015,2015,47,"Diputado","Suplente",NA,1,1948-02-09,2010-02-15,2015-02-14,"1985-2020",1,2012-08-15,NA,64,64
"PEREZ","MACHADO","MARCOS","LISANDRO",4655,"Partido Nacional",2010,2010,47,"Diputado","Suplente",NA,1,1980-08-09,2010-02-15,2015-02-14,"1985-2020",1,2012-08-15,NA,32,32
"PEREZ","SILVA","MARIO","OMAR",4664,"Partido Nacional",2010,2010,47,"Diputado","Suplente",NA,1,1952-09-19,2010-02-15,2015-02-14,"1985-2020",1,2012-08-15,NA,59,59
"PINEIRO","RODRIGUEZ","DELFINO",NA,4565,"Frente Amplio",2013,2015,47,"Diputado","Suplente",NA,1,1957-03-30,2010-02-15,2015-02-14,"1985-2020",1,2012-08-15,NA,55,55
"PINEIRO","RODRIGUEZ","DELFINO",NA,4565,"Frente Amplio",2011,2011,47,"Diputado","Suplente",NA,1,1957-03-30,2010-02-15,2015-02-14,"1985-2020",1,2012-08-15,NA,55,55
"PINTOS","ROHNER","ALICIA","JOSEFA",4524,"Frente Amplio",2010,2015,47,"Senador","Suplente",NA,0,1941-05-24,2010-02-15,2015-02-14,"1985-2020",1,2012-08-15,NA,71,71
"PORRINI","GARCIA","ALICIA","GISELLE",4525,"Frente Amplio",2011,2014,47,"Diputado","Suplente",NA,0,1957-10-18,2010-02-15,2015-02-14,"1985-2020",1,2012-08-15,NA,54,54
"PRIETO","MENDIOLA","AMERICO","ENRIQUE",4532,"Partido Nacional",2010,2014,47,"Diputado","Suplente",NA,1,1948-05-09,2010-02-15,2015-02-14,"1985-2020",1,2012-08-15,NA,64,64
"PUMAR","DE","VERONICA","LILIA",4723,"Partido Nacional",2011,2014,47,"Diputado","Suplente",NA,0,1970-12-20,2010-02-15,2015-02-14,"1985-2020",1,2012-08-15,NA,41,41
"QUINTANA",NA,"ROSA","BEATRIZ",4710,"Frente Amplio",2013,2014,47,"Diputado","Suplente",NA,0,1965-05-02,2010-02-15,2015-02-14,"1985-2020",1,2012-08-15,NA,47,47
"QUINTANA",NA,"ROSA","BEATRIZ",4710,"Frente Amplio",2010,2010,47,"Diputado","Suplente",NA,0,1965-05-02,2010-02-15,2015-02-14,"1985-2020",1,2012-08-15,NA,47,47
"QUINTANS","AMILIVIA","ALVARO",NA,4528,"Frente Amplio",2012,2012,47,"Diputado","Suplente",NA,1,1967-09-26,2010-02-15,2015-02-14,"1985-2020",1,2012-08-15,NA,44,44
"RAMOS","ESPINDOLA","ROQUE","FABIAN",4709,"Frente Amplio",2010,2015,47,"Diputado","Suplente",NA,1,1958-05-21,2010-02-15,2015-02-14,"1985-2020",1,2012-08-15,NA,54,54
"RENOM","PEREZ","RAUL","EDGAR",4701,"Partido Independiente",2011,2011,47,"Diputado","Suplente",NA,1,1942-04-20,2010-02-15,2015-02-14,"1985-2020",1,2012-08-15,NA,70,70
"REPETTO","VIGNOLA","ALEJANDRO","DANIEL",4523,"Partido Nacional",2010,2010,47,"Diputado","Suplente",NA,1,1966-07-23,2010-02-15,2015-02-14,"1985-2020",1,2012-08-15,NA,46,46
"RIANI","BARANZANO","JORGE","ENRIQUE",4613,"Partido Colorado",2014,2014,47,"Senador","Suplente",NA,1,1959-10-17,2010-02-15,2015-02-14,"1985-2020",1,2012-08-15,NA,52,52
"RIANI","BARANZANO","JORGE","ENRIQUE",4613,"Partido Colorado",2010,2011,47,"Senador","Suplente",NA,1,1959-10-17,2010-02-15,2015-02-14,"1985-2020",1,2012-08-15,NA,52,52
"RICAGNI","ZABALVEYTIA","FEDERICO",NA,4584,"Partido Nacional",2010,2012,47,"Diputado","Suplente",NA,1,1982-02-15,2010-02-15,2015-02-14,"1985-2020",1,2012-08-15,NA,30,30
"ROCHA","DOS","LUIS","ANGEL",4651,"Frente Amplio",2010,2010,47,"Diputado","Suplente",NA,1,1944-10-12,2010-02-15,2015-02-14,"1985-2020",1,2012-08-15,NA,67,67
"RODRIGUEZ","CORRALEJO","NORA","BEATRIZ",4683,"Frente Amplio",2014,2014,47,"Diputado","Suplente",NA,0,1974-12-16,2010-02-15,2015-02-14,"1985-2020",1,2012-08-15,NA,37,37
"RODRIGUEZ","GALVEZ","CARLOS",NA,4549,"Frente Amplio",2013,2015,47,"Diputado","Suplente",NA,1,1971-11-29,2010-02-15,2015-02-14,"1985-2020",1,2012-08-15,NA,40,40
"RODRIGUEZ","GALVEZ","CARLOS",NA,4549,"Frente Amplio",2010,2013,47,"Diputado","Suplente",NA,1,1971-11-29,2010-02-15,2015-02-14,"1985-2020",1,2012-08-15,NA,40,40
"RODRIGUEZ","LABRUNA","JORGE","ALVARO",4614,"Partido Nacional",2010,2013,47,"Diputado","Suplente",NA,1,1942-02-21,2010-02-15,2015-02-14,"1985-2020",1,2012-08-15,NA,70,70
"RODRIGUEZ","LOPEZ","RUBEN",NA,4713,"Partido Colorado",2010,2014,47,"Senador","Suplente",NA,1,1942-08-01,2010-02-15,2015-02-14,"1985-2020",1,2012-08-15,NA,70,70
"RODRIGUEZ","RODRIGUEZ","HYARA","YANET",4602,"Frente Amplio",2011,2012,47,"Senador","Suplente",NA,0,1955-08-11,2010-02-15,2015-02-14,"1985-2020",1,2012-08-15,NA,57,57
"RODRIGUEZ","UMPIERREZ","ALARICO","CESAR",4518,"Partido Nacional",2011,2011,47,"Diputado","Suplente",NA,1,1938-08-28,2010-02-15,2015-02-14,"1985-2020",1,2012-08-15,NA,73,73
"RODRIGUEZ","UMPIERREZ","AMBROSIO","INDALECIO",4530,"Partido Nacional",2010,2013,47,"Senador","Suplente",NA,1,1935-05-21,2010-02-15,2015-02-14,"1985-2020",1,2012-08-15,NA,77,77
"ROSTAN","MARR","ELBIO","EDGARDO",4574,"Partido Colorado",2010,2014,47,"Diputado","Suplente",NA,1,1965-02-24,2010-02-15,2015-02-14,"1985-2020",1,2012-08-15,NA,47,47
"RUBINO","LOPATER","VALERIA",NA,4722,"Frente Amplio",2012,2013,47,"Diputado","Suplente",NA,0,1976-09-29,2010-02-15,2015-02-14,"1985-2020",1,2012-08-15,NA,35,35
"SANCHEZ","PEREZ","FRANCISCO","PAULINO",4590,"Frente Amplio",2010,2014,47,"Diputado","Suplente",NA,1,1940-06-22,2010-02-15,2015-02-14,"1985-2020",1,2012-08-15,NA,72,72
"SANGUINETTI","GALLINAL","FRANCISCO","JOSE",4591,"Partido Nacional",2010,2014,47,"Diputado","Suplente",NA,1,1961-12-03,2010-02-15,2015-02-14,"1985-2020",1,2012-08-15,NA,50,50
"SANTALLA",NA,"MARIA","DE LAS MERCEDES",4661,"Frente Amplio",2010,2015,47,"Diputado","Suplente",NA,0,1959-02-16,2010-02-15,2015-02-14,"1985-2020",1,2012-08-15,NA,53,53
"SANTANA","DIFILIPPO","GABRIEL",NA,4593,"Partido Nacional",2012,2012,47,"Diputado","Suplente",NA,1,1963-12-10,2010-02-15,2015-02-14,"1985-2020",1,2012-08-15,NA,48,48
"SARAZOLA","RODRIGUEZ","CESAR","MARCOS",4553,"Frente Amplio",2010,2010,47,"Diputado","Suplente",NA,1,1976-05-15,2010-02-15,2015-02-14,"1985-2020",1,2012-08-15,NA,36,36
"SAUVAL","MOOR","PHILIPPE","JACQUES",4697,"Partido Independiente",2010,2014,47,"Diputado","Suplente",NA,1,1950-08-24,2010-02-15,2015-02-14,"1985-2020",1,2012-08-15,NA,61,61
"SENCION","CORBO","ENRIQUE","HUGO",4577,"Partido Nacional",2015,2015,47,"Diputado","Suplente",NA,1,1951-03-26,2010-02-15,2015-02-14,"1985-2020",1,2012-08-15,NA,61,61
"SENCION","CORBO","ENRIQUE","HUGO",4577,"Partido Nacional",2012,2013,47,"Diputado","Suplente",NA,1,1951-03-26,2010-02-15,2015-02-14,"1985-2020",1,2012-08-15,NA,61,61
"SILVA","CURBELO","NELSON","ADRIAN",4677,"Partido Nacional",2010,2012,47,"Diputado","Suplente",NA,1,1979-06-11,2010-02-15,2015-02-14,"1985-2020",1,2012-08-15,NA,33,33
"SILVA","MENENDEZ","OLGA","MARIA",4686,"Frente Amplio",2010,2014,47,"Diputado","Suplente",NA,0,1944-09-17,2010-02-15,2015-02-14,"1985-2020",1,2012-08-15,NA,67,67
"SILVEIRA","CORREA","JULIO","CESAR",4639,"Partido Nacional",2015,2015,47,"Senador","Suplente",NA,1,1953-06-27,2010-02-15,2015-02-14,"1985-2020",1,2012-08-15,NA,59,59
"SILVEIRA","CORREA","JULIO","CESAR",4639,"Partido Nacional",2010,2014,47,"Senador","Suplente",NA,1,1953-06-27,2010-02-15,2015-02-14,"1985-2020",1,2012-08-15,NA,59,59
"SOSA",NA,"ROBERT","ELEUTERIO",4708,"Frente Amplio",2010,2015,47,"Diputado","Suplente",NA,1,1964-12-27,2010-02-15,2015-02-14,"1985-2020",1,2012-08-15,NA,47,47
"SOUTO","TOSCANI","WALTER","ULISES",4727,"Frente Amplio",2010,2015,47,"Diputado","Suplente",NA,1,1957-02-09,2010-02-15,2015-02-14,"1985-2020",1,2012-08-15,NA,55,55
"SOUZA","DE","JUAN","CARLOS",4630,"Frente Amplio",2010,2011,47,"Senador","Suplente",NA,1,1955-01-28,2010-02-15,2015-02-14,"1985-2020",1,2012-08-15,NA,57,57
"TADDEO","HERNANDEZ","JOSE","CARLOS",4622,"Frente Amplio",2010,2011,47,"Diputado","Suplente",NA,1,1961-12-09,2010-02-15,2015-02-14,"1985-2020",1,2012-08-15,NA,50,50
"TORRES","DOS","ALICIA","STELLA",4526,"Frente Amplio",2010,2011,47,"Diputado","Suplente",NA,0,1959-11-23,2010-02-15,2015-02-14,"1985-2020",1,2012-08-15,NA,52,52
"TUTZO","LOPEZ","CARLOS","ALBERTO",4550,"Frente Amplio",2010,2013,47,"Diputado","Suplente",NA,1,1951-12-27,2010-02-15,2015-02-14,"1985-2020",1,2012-08-15,NA,60,60
"UMANSKY","TERSECESCHI","ISAAC",NA,4605,"Partido Colorado",2010,2015,47,"Senador","Suplente",NA,1,1941-12-19,2010-02-15,2015-02-14,"1985-2020",1,2012-08-15,NA,70,70
"UMPIERRE","ECHEVERRIA","WASHINGTON",NA,4728,"Frente Amplio",2013,2014,47,"Diputado","Suplente",NA,1,1959-04-25,2010-02-15,2015-02-14,"1985-2020",1,2012-08-15,NA,53,53
"URIARTE","ARAUJO","DAOIZ","GERARDO",4563,"Frente Amplio",2013,2015,47,"Diputado","Suplente",NA,1,1956-09-24,2010-02-15,2015-02-14,"1985-2020",1,2012-08-15,NA,55,55
"VADELL","MEZZETTA","ANTONIO",NA,4540,"Frente Amplio",2010,2010,47,"Diputado","Suplente",NA,1,1954-12-07,2010-02-15,2015-02-14,"1985-2020",1,2012-08-15,NA,57,57
"VAILLANT","LARRAYA","GUILLERMO","HERMAN",4596,"Frente Amplio",2010,2014,47,"Diputado","Suplente",NA,1,1946-07-19,2010-02-15,2015-02-14,"1985-2020",1,2012-08-15,NA,66,66
"VEGA","DEBRA","MARY","ISABEL",4669,"Partido Nacional",2010,2014,47,"Diputado","Suplente",NA,1,1959-07-21,2010-02-15,2015-02-14,"1985-2020",1,2012-08-15,NA,53,53
"VEGA","OLID","SANDRA","CECILIA",4716,"Partido Colorado",2011,2011,47,"Diputado","Suplente",NA,0,1960-09-27,2010-02-15,2015-02-14,"1985-2020",1,2012-08-15,NA,51,51
"VELA","GADEA","PABLO","DAMIAN",4694,"Partido Colorado",2012,2015,47,"Diputado","Suplente",NA,1,1980-03-26,2010-02-15,2015-02-14,"1985-2020",1,2012-08-15,NA,32,32
"ATILIO","TAPIA","JUAN","ANTONIO",4623,"Partido Nacional",2013,2014,47,"Diputado","Suplente",NA,1,1955-05-30,2010-02-15,2015-02-14,"1985-2020",1,2012-08-15,NA,57,57
"AUSTT","PEDRON","JOSE","ANTONIO",4616,"Partido Nacional",2010,2012,47,"Diputado","Suplente",NA,1,1943-06-13,2010-02-15,2015-02-14,"1985-2020",1,2012-08-15,NA,69,69
"BACCINO","MERELLO","NELLY","LAURA",4675,"Partido Colorado",2011,2014,47,"Diputado","Suplente",NA,1,1955-02-02,2010-02-15,2015-02-14,"1985-2020",1,2012-08-15,NA,57,57
"BALMELLI","CAMOIRANO","JULIO","LINO",4633,"Frente Amplio",2011,2013,47,"Diputado","Suplente",NA,1,1950-09-15,2010-02-15,2015-02-14,"1985-2020",1,2012-08-15,NA,61,61
"BARES","MARIN","MARTIN","ELIAS",4666,"Frente Amplio",2011,2011,47,"Diputado","Suplente",NA,1,1976-03-19,2010-02-15,2015-02-14,"1985-2020",1,2012-08-15,NA,36,36
"BARREIRO","SABBIA","AMBROSIO","WALTER",4529,"Partido Nacional",2010,2012,47,"Senador","Suplente",NA,1,1935-04-11,2010-02-15,2015-02-14,"1985-2020",1,2012-08-15,NA,77,77
"VILLARINO","FERNANDEZ","DANTE",NA,4562,"Partido Colorado",2013,2013,47,"Diputado","Suplente",NA,1,1938-05-30,2010-02-15,2015-02-14,"1985-2020",1,2012-08-15,NA,74,74
"ZIMINOV","ROBKIN","LUIS","ALBERTO",4652,"Partido Colorado",2010,2015,47,"Diputado","Suplente",NA,1,1950-03-28,2010-02-15,2015-02-14,"1985-2020",1,2012-08-15,NA,62,62
"ZUNINO","TORTEROLA","FRANCISCO","ADHEMAR",4592,"Partido Colorado",2010,2013,47,"Diputado","Suplente",NA,1,1960-04-02,2010-02-15,2015-02-14,"1985-2020",1,2012-08-15,NA,52,52
"BARRIOS","BOVE","JAVIER","ENRIQUE",4606,"Partido Nacional",2010,2011,47,"Diputado","Suplente",NA,1,1976-11-23,2010-02-15,2015-02-14,"1985-2020",1,2012-08-15,NA,35,35
"BARTESAGHI","SILVEIRA","JORGE",NA,4609,"Partido Nacional",2010,2014,47,"Senador","Suplente",NA,1,1939-06-16,2010-02-15,2015-02-14,"1985-2020",1,2012-08-15,NA,73,73
"BENTANCOR","HERNANDEZ","JUAN","JOSE",4624,"Frente Amplio",2010,2013,47,"Diputado","Suplente",NA,1,1943-12-14,2010-02-15,2015-02-14,"1985-2020",1,2012-08-15,NA,68,68
"BENTANCOR","HERNANDEZ","JUAN","JOSE",4624,"Frente Amplio",2010,2012,47,"Senador","Suplente",NA,1,1943-12-14,2010-02-15,2015-02-14,"1985-2020",1,2012-08-15,NA,68,68
"BENTANCOR","PAIS","WILSON","JESUS",4729,"Partido Nacional",2010,2010,47,"Diputado","Suplente",NA,1,1950-07-05,2010-02-15,2015-02-14,"1985-2020",1,2012-08-15,NA,62,62
"BESOZZI","VIERA","FLORENCIA","MARIA",4588,"Partido Nacional",2010,2010,47,"Diputado","Suplente",NA,0,1984-12-26,2010-02-15,2015-02-14,"1985-2020",1,2012-08-15,NA,27,27
"BOCCHIARDO","CAORSI","DOMINGO",NA,4568,"Partido Nacional",2012,2012,47,"Diputado","Suplente",NA,1,1968-12-02,2010-02-15,2015-02-14,"1985-2020",1,2012-08-15,NA,43,43
"BONILLA","BLANCO","HERNAN","LUIS",4601,"Partido Nacional",2010,2014,47,"Diputado","Suplente",NA,1,1982-05-29,2010-02-15,2015-02-14,"1985-2020",1,2012-08-15,NA,30,30
"BORJA","ALFONSO","STELLA","MARIS",4720,"Partido Nacional",2011,2012,47,"Diputado","Suplente",NA,0,1961-08-07,2010-02-15,2015-02-14,"1985-2020",1,2012-08-15,NA,51,51
"BOUSSES","POMIES","HEBER","ALCIDES",4599,"Frente Amplio",2010,2014,47,"Diputado","Suplente",NA,1,1961-12-22,2010-02-15,2015-02-14,"1985-2020",1,2012-08-15,NA,50,50
"BRADFORD","IBARBURIS","SAMUEL","EDARDO",4715,"Partido Nacional",2010,2014,47,"Diputado","Suplente",NA,1,1962-10-26,2010-02-15,2015-02-14,"1985-2020",1,2012-08-15,NA,49,49
"CABALLERO","PACHECO","ROBERTO",NA,4705,"Frente Amplio",2010,2011,47,"Diputado","Suplente",NA,1,1951-01-31,2010-02-15,2015-02-14,"1985-2020",1,2012-08-15,NA,61,61
"CABALLERO","RUIZ","IRENE",NA,4603,"Partido Nacional",2010,2015,47,"Diputado","Suplente",NA,1,1974-09-10,2010-02-15,2015-02-14,"1985-2020",1,2012-08-15,NA,37,37
"CABRERA","BENVENUTTO","SOLANA",NA,4718,"Partido Nacional",2010,2014,47,"Diputado","Suplente",NA,0,1956-06-08,2010-02-15,2015-02-14,"1985-2020",1,2012-08-15,NA,56,56
"CAFFERA","JURI","JORGE","ATILIO",4610,"Frente Amplio",2010,2013,47,"Diputado","Suplente",NA,1,1949-02-24,2010-02-15,2015-02-14,"1985-2020",1,2012-08-15,NA,63,63
"CAMPBELL","MARTINEZ","PERLA","GRACIELA",4696,"Frente Amplio",2011,2012,47,"Diputado","Suplente",NA,0,1947-02-05,2010-02-15,2015-02-14,"1985-2020",1,2012-08-15,NA,65,65
"CARDOZO","PADULA","JORGE","GIL",4611,"Frente Amplio",2010,2010,47,"Diputado","Suplente",NA,1,1982-09-14,2010-02-15,2015-02-14,"1985-2020",1,2012-08-15,NA,29,29
"CARRASCO","TESTORE","AMERICO","MARIA",4531,"Partido Nacional",2011,2015,47,"Diputado","Suplente",NA,1,1939-02-20,2010-02-15,2015-02-14,"1985-2020",1,2012-08-15,NA,73,73
"CARRERAS","FERNANDEZ","FLORO","ALBERTO",4589,"Partido Nacional",2010,2010,47,"Diputado","Suplente",NA,1,1928-11-09,2010-02-15,2015-02-14,"1985-2020",1,2012-08-15,NA,83,83
"CASAS","MARTINEZ","DARDO",NA,4564,"Partido Nacional",2010,2012,47,"Diputado","Suplente",NA,1,1977-03-01,2010-02-15,2015-02-14,"1985-2020",1,2012-08-15,NA,35,35
"CASTILLO","RAMIREZ","ESBAR","GONZALO",4578,"Partido Nacional",2010,2013,47,"Diputado","Suplente",NA,1,1985-01-27,2010-02-15,2015-02-14,"1985-2020",1,2012-08-15,NA,27,27
"CENTURION","SCHAUMAN","PABLO","ENRIQUE",4691,"Frente Amplio",2011,2014,47,"Diputado","Suplente",NA,1,1956-09-02,2010-02-15,2015-02-14,"1985-2020",1,2012-08-15,NA,55,55
"CHA","MAIDANA","JAVIER",NA,4607,"Frente Amplio",2010,2015,47,"Diputado","Suplente",NA,1,1965-01-27,2010-02-15,2015-02-14,"1985-2020",1,2012-08-15,NA,47,47
