,nombre,fecha_nac,cargo,partido,status,inicio,fin,primer_apellido,segundo_apellido,primer_nombre,segundo_nombre,sexo,legislatura,fecha_inicio_l,fecha_fin_l,legislaturas_agrupadas
0,"ABDALA REMERCIARI, MANUEL JUAN WASHINGTON",1959-09-08,Diputado,Partido Colorado,Titular,2005,2010,ABDALA,REMERCIARI,MANUEL,JUAN,1,46,2005-02-15,2010-02-14,1985-2025
1,"ABDALA SCHWARZ, PABLO DANIEL",1966-07-14,Diputado,Partido Nacional,Titular,2005,2010,ABDALA,SCHWARZ,PABLO,DANIEL,1,46,2005-02-15,2010-02-14,1985-2025
2,"ABREU BONILLA, SERGIO",1945-11-12,Senador,Partido Nacional,Titular,2005,2010,ABREU,BONILLA,SERGIO,,1,46,2005-02-15,2010-02-14,1985-2025
3,"ABT MURIONDO, ANDRES",1973-08-11,Diputado,Partido Nacional,Suplente,2005,2009,ABT,MURIONDO,ANDRES,,1,46,2005-02-15,2010-02-14,1985-2025
4,"AGAZZI SARASOLA, ERNESTO",1942-09-04,Diputado,Frente Amplio,Titular,2005,2005,AGAZZI,SARASOLA,ERNESTO,,1,46,2005-02-15,2010-02-14,1985-2025
5,"AGUILAR CHAVES, LUIS ALBERTO",1959-04-06,Diputado,Frente Amplio,Suplente,2008,2010,AGUILAR,CHAVES,LUIS,ALBERTO,1,46,2005-02-15,2010-02-14,1985-2025
6,"AGUIRRE RAMIREZ, GONZALO",1940-01-25,Senador,Partido Nacional,Suplente,2005,2007,AGUIRRE,RAMIREZ,GONZALO,,1,46,2005-02-15,2010-02-14,1985-2025
7,"AGUIRREZABALA PERILLO, MARTIN",1961-09-03,Senador,Partido Colorado,Suplente,2005,2009,AGUIRREZABALA,PERILLO,MARTIN,,1,46,2005-02-15,2010-02-14,1985-2025
8,"ALCORTA TEJERA, RICARDO",1951-07-15,Senador,Frente Amplio,Suplente,2005,2005,ALCORTA,TEJERA,RICARDO,,1,46,2005-02-15,2010-02-14,1985-2025
9,"ALFIE STOCHEK, ISAAC",1962-04-27,Senador,Partido Colorado,Titular,2005,2010,ALFIE,STOCHEK,ISAAC,,1,46,2005-02-15,2010-02-14,1985-2025
10,"CHARLONE MARTINEZ, SILVANA MABEL",1958-11-11,Diputado,Frente Amplio,Titular,2005,2010,CHARLONE,MARTINEZ,SILVANA,MABEL,0,46,2005-02-15,2010-02-14,1985-2025
11,"CHIFFLET ZERBONI, GUILLERMO EUGENIO",1926-09-15,Diputado,Frente Amplio,Titular,2005,2005,CHIFFLET,ZERBONI,GUILLERMO,EUGENIO,1,46,2005-02-15,2010-02-14,1985-2025
12,"CHIRUCHI FUENTES, JUAN ANTONIO",1947-10-21,Senador,Partido Nacional,Titular,2005,2005,CHIRUCHI,FUENTES,JUAN,ANTONIO,1,46,2005-02-15,2010-02-14,1985-2025
13,"CID MATINOTE, ALBERTO",1940-08-14,Senador,Frente Amplio,Titular,2005,2010,CID,MATINOTE,ALBERTO,,1,46,2005-02-15,2010-02-14,1985-2025
14,"CLAVIJO QUIRQUE, HEBERT",1950-05-06,Diputado,Frente Amplio,Titular,2005,2010,CLAVIJO,QUIRQUE,HEBERT,,1,46,2005-02-15,2010-02-14,1985-2025
15,"COCCO SOTO, ALBA MARIA",1950-12-16,Diputado,Frente Amplio,Titular,2005,2010,COCCO,SOTO,ALBA,MARIA,0,46,2005-02-15,2010-02-14,1985-2025
15,"COCCO SOTO, ALBA MARIA",1950-12-16,Diputado,Frente Amplio,Suplente,2005,2005,COCCO,SOTO,ALBA,MARIA,0,46,2005-02-15,2010-02-14,1985-2025
16,"CONDE CARRERAS, ROBERTO",1952-09-07,Diputado,Frente Amplio,Titular,2005,2010,CONDE,CARRERAS,ROBERTO,,1,46,2005-02-15,2010-02-14,1985-2025
17,"CORUJO NUNEZ, CARLOS ALBERTO",1962-02-14,Diputado,Frente Amplio,Suplente,2005,2010,CORUJO,NUNEZ,CARLOS,ALBERTO,1,46,2005-02-15,2010-02-14,1985-2025
18,"COSTA CUADRADO, JUAN MARIA",1952-01-23,Diputado,Partido Nacional,Suplente,2006,2006,COSTA,CUADRADO,JUAN,MARIA,1,46,2005-02-15,2010-02-14,1985-2025
19,"COSTA SILVA, BEATRIZ LILIAN",1950-04-05,Diputado,Frente Amplio,Suplente,2005,2010,COSTA,SILVA,BEATRIZ,LILIAN,0,46,2005-02-15,2010-02-14,1985-2025
20,"COURIEL CURIEL, ALBERTO",1935-08-22,Senador,Frente Amplio,Titular,2005,2010,COURIEL,CURIEL,ALBERTO,,1,46,2005-02-15,2010-02-14,1985-2025
21,"CRAVEA RUIZ, MARCELO FERNANDO",1959-12-06,Diputado,Partido Nacional,Suplente,2007,2007,CRAVEA,RUIZ,MARCELO,FERNANDO,1,46,2005-02-15,2010-02-14,1985-2025
22,"CROCI LONGO, CLAUDIA LUCIANA",1974-06-30,Diputado,Partido Nacional,Suplente,2005,2006,CROCI,LONGO,CLAUDIA,LUCIANA,0,46,2005-02-15,2010-02-14,1985-2025
23,"CUADRADO FERNANDEZ, HUGO ELBIO",1939-01-23,Diputado,Frente Amplio,Suplente,2005,2010,CUADRADO,FERNANDEZ,HUGO,ELBIO,1,46,2005-02-15,2010-02-14,1985-2025
24,"CURBELO DEL BOSCO, JUAN ALCIDES",1973-10-29,Diputado,Partido Nacional,Suplente,2005,2010,CURBELO,DEL BOSCO,JUAN,ALCIDES,1,46,2005-02-15,2010-02-14,1985-2025
25,"DA ROSA VAZQUEZ, EBER",1956-07-02,Senador,Partido Nacional,Titular,2005,2010,DA ROSA,VAZQUEZ,EBER,,1,46,2005-02-15,2010-02-14,1985-2025
26,"DA ROZA PINEYRO, LUIS ALBERTO",1959-03-21,Diputado,Frente Amplio,Suplente,2006,2008,DA ROZA,PINEYRO,LUIS,ALBERTO,1,46,2005-02-15,2010-02-14,1985-2025
27,"DA SILVA CAMBOUE, SEBASTIAN",1972-06-08,Diputado,Partido Nacional,Suplente,2005,2009,DA SILVA,CAMBOUE,SEBASTIAN,,1,46,2005-02-15,2010-02-14,1985-2025
28,"DALMAS GARCEN, SUSANA ELIDA",1948-07-16,Senador,Frente Amplio,Suplente,2006,2007,DALMAS,GARCEN,SUSANA,ELIDA,0,46,2005-02-15,2010-02-14,1985-2025
28,"DALMAS GARCEN, SUSANA ELIDA",1948-07-16,Senador,Frente Amplio,Titular,2005,2009,DALMAS,GARCEN,SUSANA,ELIDA,0,46,2005-02-15,2010-02-14,1985-2025
29,"DAMBORIARENA MANEIRO, LUIS ALBERTO",1941-11-18,Diputado,Partido Nacional,Suplente,2005,2005,DAMBORIARENA,MANEIRO,LUIS,ALBERTO,1,46,2005-02-15,2010-02-14,1985-2025
30,"DANCHEFF LOPEZ, SERGIO IVAN",1951-01-23,Diputado,Partido Nacional,Suplente,2007,2009,DANCHEFF,LOPEZ,SERGIO,IVAN,1,46,2005-02-15,2010-02-14,1985-2025
31,"DE ARMAS DE ARMAS, ANA MARIA",1958-09-23,Diputado,Partido Colorado,Suplente,2005,2009,DE ARMAS,DE ARMAS,ANA,MARIA,0,46,2005-02-15,2010-02-14,1985-2025
32,"DE LEON CAMEJO, OLDIMAR ENRIQUE",1956-02-04,Diputado,Frente Amplio,Suplente,2005,2010,DE LEON,CAMEJO,OLDIMAR,ENRIQUE,1,46,2005-02-15,2010-02-14,1985-2025
33,"DE LOS SANTOS PIRIZ, OSCAR JOE",1962-02-17,Diputado,Frente Amplio,Titular,2005,2005,DE LOS SANTOS,PIRIZ,OSCAR,JOE,1,46,2005-02-15,2010-02-14,1985-2025
34,"DELGADO CERETTA, ALVARO",1969-03-11,Diputado,Partido Nacional,Titular,2005,2010,DELGADO,CERETTA,ALVARO,,1,46,2005-02-15,2010-02-14,1985-2025
35,"DI GIACOMO RIZZO, INOCENCIO",1944-04-20,Diputado,Partido Colorado,Suplente,2005,2005,DI GIACOMO,RIZZO,INOCENCIO,,1,46,2005-02-15,2010-02-14,1985-2025
36,"DI PAULO, JOSE MARIA",1931-09-02,Diputado,Partido Colorado,Suplente,2005,2009,DI PAULO,,JOSE,MARIA,1,46,2005-02-15,2010-02-14,1985-2025
37,"DIAZ FERNANDEZ CHAVEZ, ELSA",1945-12-23,Diputado,Partido Colorado,Suplente,2006,2006,DIAZ,FERNANDEZ CHAVEZ,ELSA,,0,46,2005-02-15,2010-02-14,1985-2025
38,"DICANCRO INELLA, MIGUEL ISABELINO",1927-02-23,Diputado,Partido Colorado,Suplente,2005,2010,DICANCRO,INELLA,MIGUEL,ISABELINO,1,46,2005-02-15,2010-02-14,1985-2025
39,"DIZ ISI, LUIS ALBERTO",,Diputado,Partido Nacional,Suplente,2006,2006,DIZ,ISI,LUIS,ALBERTO,1,46,2005-02-15,2010-02-14,1985-2025
40,"DOMINGUEZ DIAZ, JUAN JOSE",1942-10-03,Senador,Frente Amplio,Suplente,2007,2009,DOMINGUEZ,DIAZ,JUAN,JOSE,1,46,2005-02-15,2010-02-14,1985-2025
40,"DOMINGUEZ DIAZ, JUAN JOSE",1942-10-03,Diputado,Frente Amplio,Titular,2005,2010,DOMINGUEZ,DIAZ,JUAN,JOSE,1,46,2005-02-15,2010-02-14,1985-2025
41,"DOTI GENTA, COSME DAVID",1950-05-10,Diputado,Partido Nacional,Titular,2005,2010,DOTI,GENTA,COSME,DAVID,1,46,2005-02-15,2010-02-14,1985-2025
42,"DUARTE SUAREZ, EDGARDO",1961-07-26,Diputado,Frente Amplio,Suplente,2007,2009,DUARTE,SUAREZ,EDGARDO,,1,46,2005-02-15,2010-02-14,1985-2025
43,"DUQUE MORALES, HEBER FRANCISCO",1955-01-26,Diputado,Partido Colorado,Suplente,2005,2010,DUQUE,MORALES,HEBER,FRANCISCO,1,46,2005-02-15,2010-02-14,1985-2025
44,"ECHEVARRIA VIERA DE BRITOS, OSCAR",1950-04-02,Diputado,Frente Amplio,Suplente,2005,2009,ECHEVARRIA,VIERA DE BRITOS,OSCAR,,1,46,2005-02-15,2010-02-14,1985-2025
45,"ELOLA IZETA, FRANCISCO GASTON",1956-10-04,Diputado,Partido Nacional,Suplente,2005,2010,ELOLA,IZETA,FRANCISCO,GASTON,1,46,2005-02-15,2010-02-14,1985-2025
46,"ENCISO CHRISTIANSEN, CARLOS FERNANDO",1967-08-23,Diputado,Partido Nacional,Titular,2010,2010,ENCISO,CHRISTIANSEN,CARLOS,FERNANDO,1,46,2005-02-15,2010-02-14,1985-2025
46,"ENCISO CHRISTIANSEN, CARLOS FERNANDO",1967-08-23,Senador,Partido Nacional,Suplente,2010,2010,ENCISO,CHRISTIANSEN,CARLOS,FERNANDO,1,46,2005-02-15,2010-02-14,1985-2025
46,"ENCISO CHRISTIANSEN, CARLOS FERNANDO",1967-08-23,Diputado,Partido Nacional,Titular,2005,2010,ENCISO,CHRISTIANSEN,CARLOS,FERNANDO,1,46,2005-02-15,2010-02-14,1985-2025
47,"ESPINOSA MARMOL, GUSTAVO ADRIAN",1965-01-10,Diputado,Partido Colorado,Titular,2005,2010,ESPINOSA,MARMOL,GUSTAVO,ADRIAN,1,46,2005-02-15,2010-02-14,1985-2025
48,"ETCHEVERRY MEDINA, SANDRA CLAUDIA",1967-10-20,Diputado,Partido Nacional,Titular,2005,2010,ETCHEVERRY,MEDINA,SANDRA,CLAUDIA,0,46,2005-02-15,2010-02-14,1985-2025
49,"FALERO GONZALEZ, WALTER ALFREDO",1965-07-18,Diputado,Partido Colorado,Suplente,2005,2008,FALERO,GONZALEZ,WALTER,ALFREDO,1,46,2005-02-15,2010-02-14,1985-2025
50,"FARAONE CAVIGLIA, CESAR",1949-03-08,Diputado,Frente Amplio,Suplente,2009,2010,FARAONE,CAVIGLIA,CESAR,,1,46,2005-02-15,2010-02-14,1985-2025
51,"FERNANDEZ AIZCORBE, MARTIN",1974-02-05,Diputado,Partido Nacional,Suplente,2005,2010,FERNANDEZ,AIZCORBE,MARTIN,,1,46,2005-02-15,2010-02-14,1985-2025
52,"FERNANDEZ DA SILVA, JULIO CESAR",1929-07-07,Diputado,Frente Amplio,Titular,2005,2010,FERNANDEZ,DA SILVA,JULIO,CESAR,1,46,2005-02-15,2010-02-14,1985-2025
53,"FERNANDEZ GORDILLO, DAVID EULOGIO",1958-11-10,Diputado,Partido Nacional,Suplente,2005,2010,FERNANDEZ,GORDILLO,DAVID,EULOGIO,1,46,2005-02-15,2010-02-14,1985-2025
54,"FERNANDEZ HUIDOBRO, ELEUTERIO",1942-03-14,Diputado,Frente Amplio,Titular,2010,2010,FERNANDEZ,HUIDOBRO,ELEUTERIO,,1,46,2005-02-15,2010-02-14,1985-2025
54,"FERNANDEZ HUIDOBRO, ELEUTERIO",1942-03-14,Senador,Frente Amplio,Titular,2005,2009,FERNANDEZ,HUIDOBRO,ELEUTERIO,,1,46,2005-02-15,2010-02-14,1985-2025
55,"FERNANDEZ RODRIGUEZ, EDUARDO RUBEN",1951-01-09,Diputado,Frente Amplio,Suplente,2005,2010,FERNANDEZ,RODRIGUEZ,EDUARDO,RUBEN,1,46,2005-02-15,2010-02-14,1985-2025
56,"FERRAZ BRAGA, NERY DARIO",1936-04-20,Diputado,Partido Nacional,Suplente,2006,2010,FERRAZ,BRAGA,NERY,DARIO,1,46,2005-02-15,2010-02-14,1985-2025
57,"FERREIRA LEMOS, BLANCA ESTHER",1958-07-18,Diputado,Frente Amplio,Suplente,2005,2010,FERREIRA,LEMOS,BLANCA,ESTHER,0,46,2005-02-15,2010-02-14,1985-2025
58,"FIORDELMONDO DOS SANTOS, JULIO CESAR",1947-09-30,Diputado,Frente Amplio,Suplente,2006,2010,FIORDELMONDO,DOS SANTOS,JULIO,CESAR,1,46,2005-02-15,2010-02-14,1985-2025
59,"FLANGINI BERTRAN, YAMANDU ESTEBAN",1933-04-19,Diputado,Partido Colorado,Suplente,2005,2010,FLANGINI,BERTRAN,YAMANDU,ESTEBAN,1,46,2005-02-15,2010-02-14,1985-2025
60,"FONTICIELLA DE ABREU, RAMON ANGEL",1947-08-31,Diputado,Frente Amplio,Titular,2005,2005,FONTICIELLA,DE ABREU,RAMON,ANGEL,1,46,2005-02-15,2010-02-14,1985-2025
61,"FRACHIA BRAIDA, ROBERTO FRANCISCO",1943-11-21,Diputado,Frente Amplio,Suplente,2009,2009,FRACHIA,BRAIDA,ROBERTO,FRANCISCO,1,46,2005-02-15,2010-02-14,1985-2025
61,"FRACHIA BRAIDA, ROBERTO FRANCISCO",1943-11-21,Diputado,Frente Amplio,Suplente,2007,2007,FRACHIA,BRAIDA,ROBERTO,FRANCISCO,1,46,2005-02-15,2010-02-14,1985-2025
62,"FRATTI SILVEIRA, LUIS ALFREDO",1956-10-23,Diputado,Frente Amplio,Titular,2005,2005,FRATTI,SILVEIRA,LUIS,ALFREDO,1,46,2005-02-15,2010-02-14,1985-2025
63,"GABITO MIRA, JORGE GASTON",1955-01-25,Diputado,Partido Nacional,Suplente,2005,2010,GABITO,MIRA,JORGE,GASTON,1,46,2005-02-15,2010-02-14,1985-2025
64,"GADEA CASTRO, ANA LAURA",1979-07-23,Diputado,Partido Nacional,Suplente,2005,2010,GADEA,CASTRO,ANA,LAURA,0,46,2005-02-15,2010-02-14,1985-2025
65,"GALBARINI ALVAREZ, LUIS ALBERTO",1949-08-02,Diputado,Partido Nacional,Suplente,2005,2010,GALBARINI,ALVAREZ,LUIS,ALBERTO,1,46,2005-02-15,2010-02-14,1985-2025
66,"GALLICCHIO QUEIROLO, ANTONIO",1944-08-18,Diputado,Frente Amplio,Suplente,2008,2009,GALLICCHIO,QUEIROLO,ANTONIO,,1,46,2005-02-15,2010-02-14,1985-2025
66,"GALLICCHIO QUEIROLO, ANTONIO",1944-08-18,Senador,Frente Amplio,Suplente,2008,2009,GALLICCHIO,QUEIROLO,ANTONIO,,1,46,2005-02-15,2010-02-14,1985-2025
67,"GALLINAL NIETO, FRANCISCO GUSTAVO APARICIO",1957-05-10,Senador,Partido Nacional,Titular,2005,2010,GALLINAL,NIETO,FRANCISCO,GUSTAVO,1,46,2005-02-15,2010-02-14,1985-2025
68,"GALLO CANTERA, LUIS ENRIQUE",1961-01-14,Diputado,Frente Amplio,Suplente,2005,2010,GALLO,CANTERA,LUIS,ENRIQUE,1,46,2005-02-15,2010-02-14,1985-2025
69,"GALLO IMPERIALE, LUIS JOSE",1934-05-31,Diputado,Frente Amplio,Titular,2005,2009,GALLO,IMPERIALE,LUIS,JOSE,1,46,2005-02-15,2010-02-14,1985-2025
70,"GAMBETTA LABANDERA, SCHUBERT DARIO",1948-09-05,Diputado,Partido Nacional,Suplente,2005,2005,GAMBETTA,LABANDERA,SCHUBERT,DARIO,1,46,2005-02-15,2010-02-14,1985-2025
71,"GAMOU FASADELLO, ADOLFO CARLOS",1959-08-09,Diputado,Frente Amplio,Titular,2005,2010,GAMOU,FASADELLO,ADOLFO,CARLOS,1,46,2005-02-15,2010-02-14,1985-2025
71,"GAMOU FASADELLO, ADOLFO CARLOS",1959-08-09,Senador,Frente Amplio,Suplente,2005,2009,GAMOU,FASADELLO,ADOLFO,CARLOS,1,46,2005-02-15,2010-02-14,1985-2025
72,"GANDINI ASTESIANO, JORGE OSVALDO",1958-03-05,Diputado,Partido Nacional,Titular,2005,2010,GANDINI,ASTESIANO,JORGE,OSVALDO,1,46,2005-02-15,2010-02-14,1985-2025
72,"GANDINI ASTESIANO, JORGE OSVALDO",1958-03-05,Senador,Partido Nacional,Suplente,2005,2010,GANDINI,ASTESIANO,JORGE,OSVALDO,1,46,2005-02-15,2010-02-14,1985-2025
73,"GARCIA DA ROSA, LUIS NORBERTO",1946-11-08,Diputado,Partido Nacional,Suplente,2005,2010,GARCIA,DA ROSA,LUIS,NORBERTO,1,46,2005-02-15,2010-02-14,1985-2025
74,"GARCIA DUCHINI, JAVIER FERNANDO",1963-11-28,Diputado,Partido Nacional,Titular,2005,2010,GARCIA,DUCHINI,JAVIER,FERNANDO,1,46,2005-02-15,2010-02-14,1985-2025
75,"GARCIA PEREYRA, FERNANDO",,Diputado,Partido Nacional,Suplente,2005,2010,GARCIA,PEREYRA,FERNANDO,,1,46,2005-02-15,2010-02-14,1985-2025
76,"GARCIA PINTOS CAMPO, DANIEL ROGELIO",1950-10-01,Diputado,Partido Colorado,Titular,2005,2010,GARCIA,PINTOS CAMPO,DANIEL,ROGELIO,1,46,2005-02-15,2010-02-14,1985-2025
77,"GARGANO OSTUNI, REINALDO APOLO",1934-07-26,Senador,Frente Amplio,Titular,2005,2010,GARGANO,OSTUNI,REINALDO,APOLO,1,46,2005-02-15,2010-02-14,1985-2025
78,"GAUTHIER PEYROT, NORA REINA",1949-09-12,Diputado,Frente Amplio,Titular,2005,2010,GAUTHIER,PEYROT,NORA,REINA,0,46,2005-02-15,2010-02-14,1985-2025
79,"GOMEZ MELLO, CESAR CLELIO",1942-03-10,Diputado,Frente Amplio,Suplente,2006,2006,GOMEZ,MELLO,CESAR,CLELIO,1,46,2005-02-15,2010-02-14,1985-2025
80,"GONI ROMERO, JOSE RODRIGO",1962-08-10,Diputado,Partido Nacional,Titular,2005,2010,GONI,ROMERO,JOSE,RODRIGO,1,46,2005-02-15,2010-02-14,1985-2025
81,"GONZALEZ ALVAREZ, CARLOS HUGO",1943-10-20,Diputado,Partido Nacional,Titular,2005,2010,GONZALEZ,ALVAREZ,CARLOS,HUGO,1,46,2005-02-15,2010-02-14,1985-2025
82,"GONZALEZ RIOS, LUIS ALBERTO",1951-12-07,Diputado,Partido Independiente,Suplente,2010,2010,GONZALEZ,RIOS,LUIS,ALBERTO,1,46,2005-02-15,2010-02-14,1985-2025
82,"GONZALEZ RIOS, LUIS ALBERTO",1951-12-07,Diputado,Partido Independiente,Suplente,2006,2009,GONZALEZ,RIOS,LUIS,ALBERTO,1,46,2005-02-15,2010-02-14,1985-2025
83,"GROBA ARRIONDO, OSCAR",1951-01-10,Diputado,Frente Amplio,Suplente,2005,2010,GROBA,ARRIONDO,OSCAR,,1,46,2005-02-15,2010-02-14,1985-2025
84,"GUADALUPE ALVAREZ, EDUARDO AMADEO",1959-10-08,Diputado,Partido Nacional,Suplente,2005,2009,GUADALUPE,ALVAREZ,EDUARDO,AMADEO,1,46,2005-02-15,2010-02-14,1985-2025
85,"GUADALUPE BRENNA, DIEGO",1960-01-16,Diputado,Partido Nacional,Suplente,2005,2009,GUADALUPE,BRENNA,DIEGO,,1,46,2005-02-15,2010-02-14,1985-2025
86,"GUARINO, GUSTAVO",1950-04-14,Senador,Frente Amplio,Suplente,2009,2009,GUARINO,,GUSTAVO,,1,46,2005-02-15,2010-02-14,1985-2025
86,"GUARINO, GUSTAVO",1950-04-14,Diputado,Frente Amplio,Titular,2005,2010,GUARINO,,GUSTAVO,,1,46,2005-02-15,2010-02-14,1985-2025
86,"GUARINO, GUSTAVO",1950-04-14,Senador,Frente Amplio,Suplente,2005,2005,GUARINO,,GUSTAVO,,1,46,2005-02-15,2010-02-14,1985-2025
87,"HACKENBRUCH LEGNANI, TABARE YAMANDU",1966-02-10,Diputado,Partido Colorado,Titular,2005,2010,HACKENBRUCH,LEGNANI,TABARE,YAMANDU,1,46,2005-02-15,2010-02-14,1985-2025
88,"HEBER FONTANA, LUIS ALBERTO",1957-12-22,Senador,Partido Nacional,Titular,2005,2010,HEBER,FONTANA,LUIS,ALBERTO,1,46,2005-02-15,2010-02-14,1985-2025
89,"HEBER FULLGRAFF, ARTURO DE MARIA AUXILIADORA",1950-06-20,Senador,Partido Nacional,Suplente,2005,2007,HEBER,FULLGRAFF,ARTURO,DE,1,46,2005-02-15,2010-02-14,1985-2025
90,"HERNANDEZ ROCHA, UBERFIL DOROTEO",1938-11-02,Diputado,Frente Amplio,Titular,2005,2010,HERNANDEZ,ROCHA,UBERFIL,DOROTEO,1,46,2005-02-15,2010-02-14,1985-2025
91,"IBARRA FERREIRA, DOREEN JAVIER",1934-05-03,Diputado,Frente Amplio,Titular,2005,2010,IBARRA,FERREIRA,DOREEN,JAVIER,1,46,2005-02-15,2010-02-14,1985-2025
92,"IGORRA CAIRO, JAIME NELSON",1939-07-08,Diputado,Frente Amplio,Suplente,2008,2008,IGORRA,CAIRO,JAIME,NELSON,1,46,2005-02-15,2010-02-14,1985-2025
92,"IGORRA CAIRO, JAIME NELSON",1939-07-08,Diputado,Frente Amplio,Suplente,2005,2005,IGORRA,CAIRO,JAIME,NELSON,1,46,2005-02-15,2010-02-14,1985-2025
93,"INZAURRALDE CANO, MARCELO DEL VALLE",1974-06-06,Diputado,Partido Colorado,Suplente,2005,2007,INZAURRALDE,CANO,MARCELO,DEL,1,46,2005-02-15,2010-02-14,1985-2025
94,"ISABELLA REVETRIA, FERNANDO RAFAEL",1977-08-09,Diputado,Frente Amplio,Suplente,2005,2005,ISABELLA,REVETRIA,FERNANDO,RAFAEL,1,46,2005-02-15,2010-02-14,1985-2025
95,"ITURRALDE VINAS, PABLO LUIS",1959-09-23,Senador,Partido Nacional,Suplente,2010,2010,ITURRALDE,VINAS,PABLO,LUIS,1,46,2005-02-15,2010-02-14,1985-2025
95,"ITURRALDE VINAS, PABLO LUIS",1959-09-23,Diputado,Partido Nacional,Titular,2005,2010,ITURRALDE,VINAS,PABLO,LUIS,1,46,2005-02-15,2010-02-14,1985-2025
95,"ITURRALDE VINAS, PABLO LUIS",1959-09-23,Senador,Partido Nacional,Suplente,2005,2009,ITURRALDE,VINAS,PABLO,LUIS,1,46,2005-02-15,2010-02-14,1985-2025
96,"KECHICHIAN GARCIA, NORMA LILIAM",1952-03-02,Diputado,Frente Amplio,Suplente,2005,2006,KECHICHIAN,GARCIA,NORMA,LILIAM,0,46,2005-02-15,2010-02-14,1985-2025
97,"KORZENIAK FUCKS, JOSE",1933-02-13,Senador,Frente Amplio,Titular,2005,2008,KORZENIAK,FUCKS,JOSE,,1,46,2005-02-15,2010-02-14,1985-2025
98,"LACALLE POU, LUIS ALBERTO",1973-08-11,Diputado,Partido Nacional,Titular,2005,2010,LACALLE,POU,LUIS,ALBERTO,1,46,2005-02-15,2010-02-14,1985-2025
99,"LAFLUF HEBEICH, OMAR MARIA",1954-07-03,Diputado,Partido Nacional,Titular,2005,2005,LAFLUF,HEBEICH,OMAR,MARIA,1,46,2005-02-15,2010-02-14,1985-2025
100,"LAGUARDA FISCHETTI, MANUEL",1949-02-13,Senador,Frente Amplio,Suplente,2006,2007,LAGUARDA,FISCHETTI,MANUEL,,1,46,2005-02-15,2010-02-14,1985-2025
101,"LAMBROSQUINI BERTOLELLI, MARIANELA BEATRIZ",1965-02-19,Diputado,Frente Amplio,Suplente,2005,2009,LAMBROSQUINI,BERTOLELLI,MARIANELA,BEATRIZ,0,46,2005-02-15,2010-02-14,1985-2025
102,"LANDONI TEPERINO, DANIEL ALBERTO",1966-12-17,Diputado,Partido Nacional,Suplente,2005,2005,LANDONI,TEPERINO,DANIEL,ALBERTO,1,46,2005-02-15,2010-02-14,1985-2025
103,"LAPAZ CORREA, GUSTAVO JAVIER",1953-08-24,Senador,Partido Nacional,Titular,2005,2010,LAPAZ,CORREA,GUSTAVO,JAVIER,1,46,2005-02-15,2010-02-14,1985-2025
104,"LARA GILENE, JULIO CESAR",1953-07-23,Senador,Partido Nacional,Titular,2005,2010,LARA,GILENE,JULIO,CESAR,1,46,2005-02-15,2010-02-14,1985-2025
105,"LARRANAGA FRAGA, JORGE WASHINGTON",1956-08-08,Senador,Partido Nacional,Titular,2005,2009,LARRANAGA,FRAGA,JORGE,WASHINGTON,1,46,2005-02-15,2010-02-14,1985-2025
106,"LEGLISE APEZTEGUIA, LUIS MARIA",1957-10-26,Senador,Partido Nacional,Suplente,2005,2008,LEGLISE,APEZTEGUIA,LUIS,MARIA,1,46,2005-02-15,2010-02-14,1985-2025
107,"LERETE SALCEDO, ORLANDO DARIO",1945-03-24,Diputado,Partido Nacional,Suplente,2005,2010,LERETE,SALCEDO,ORLANDO,DARIO,1,46,2005-02-15,2010-02-14,1985-2025
108,"LESCANO FRASCHINI, HECTOR CARLOS",1948-02-13,Senador,Frente Amplio,Titular,2005,2005,LESCANO,FRASCHINI,HECTOR,CARLOS,1,46,2005-02-15,2010-02-14,1985-2025
109,"LEV PONIACHYK, LEON",1944-07-28,Senador,Frente Amplio,Suplente,2005,2005,LEV,PONIACHYK,LEON,,1,46,2005-02-15,2010-02-14,1985-2025
110,"ALONSO TELLECHEA, ALVARO",1955-03-11,Diputado,Partido Nacional,Titular,2005,2010,ALONSO,TELLECHEA,ALVARO,,1,46,2005-02-15,2010-02-14,1985-2025
111,"ALVAREZ BOGLIOLO, ALFREDO JOSE",1959-10-31,Diputado,Partido Nacional,Suplente,2005,2009,ALVAREZ,BOGLIOLO,ALFREDO,JOSE,1,46,2005-02-15,2010-02-14,1985-2025
112,"ALVAREZ LOPEZ, PABLO EMILIANO",1978-03-14,Senador,Frente Amplio,Suplente,2010,2010,ALVAREZ,LOPEZ,PABLO,EMILIANO,1,46,2005-02-15,2010-02-14,1985-2025
112,"ALVAREZ LOPEZ, PABLO EMILIANO",1978-03-14,Diputado,Frente Amplio,Suplente,2010,2010,ALVAREZ,LOPEZ,PABLO,EMILIANO,1,46,2005-02-15,2010-02-14,1985-2025
112,"ALVAREZ LOPEZ, PABLO EMILIANO",1978-03-14,Diputado,Frente Amplio,Titular,2005,2010,ALVAREZ,LOPEZ,PABLO,EMILIANO,1,46,2005-02-15,2010-02-14,1985-2025
113,"AMARO CORRADO, JUAN JUSTO",1930-09-14,Senador,Partido Colorado,Titular,2005,2010,AMARO,CORRADO,JUAN,JUSTO,1,46,2005-02-15,2010-02-14,1985-2025
114,"AMARO MACHADO, RUBEN JOSE",1957-11-23,Diputado,Partido Nacional,Suplente,2005,2007,AMARO,MACHADO,RUBEN,JOSE,1,46,2005-02-15,2010-02-14,1985-2025
115,"AMORIN BATLLE, JOSE GERARDO",1954-11-09,Diputado,Partido Colorado,Titular,2005,2010,AMORIN,BATLLE,JOSE,GERARDO,1,46,2005-02-15,2010-02-14,1985-2025
116,"ANDUJAR, JOSE",1944-07-02,Senador,Partido Nacional,Suplente,2005,2008,ANDUJAR,,JOSE,,1,46,2005-02-15,2010-02-14,1985-2025
117,"ANTIA BEHRENS, ENRIQUE ANDRES",1949-11-30,Senador,Partido Nacional,Titular,2005,2010,ANTIA,BEHRENS,ENRIQUE,ANDRES,1,46,2005-02-15,2010-02-14,1985-2025
118,"ANTOGNAZZA IMAS, MILTON JESUS",1935-07-27,Senador,Frente Amplio,Suplente,2005,2010,ANTOGNAZZA,IMAS,MILTON,JESUS,1,46,2005-02-15,2010-02-14,1985-2025
119,"ARAMBILLETE PLADA, HUGO JORGE",1947-12-03,Diputado,Frente Amplio,Suplente,2005,2009,ARAMBILLETE,PLADA,HUGO,JORGE,1,46,2005-02-15,2010-02-14,1985-2025
120,"LEZAMA ALMADA, GERMAN HERMENEGILDO",1928-04-13,Senador,Frente Amplio,Suplente,2006,2009,LEZAMA,ALMADA,GERMAN,HERMENEGILDO,1,46,2005-02-15,2010-02-14,1985-2025
121,"LLADO GASTAMBIDE, JORGE",,Diputado,Partido Nacional,Suplente,2005,2006,LLADO,GASTAMBIDE,JORGE,,1,46,2005-02-15,2010-02-14,1985-2025
122,"LONG GARAT, RUPERTO ENZO",1952-12-23,Senador,Partido Nacional,Titular,2005,2010,LONG,GARAT,RUPERTO,ENZO,1,46,2005-02-15,2010-02-14,1985-2025
123,"LONGO FONSALIAS, FERNANDO",1955-08-22,Senador,Frente Amplio,Suplente,2006,2006,LONGO,FONSALIAS,FERNANDO,,1,46,2005-02-15,2010-02-14,1985-2025
123,"LONGO FONSALIAS, FERNANDO",1955-08-22,Diputado,Frente Amplio,Titular,2005,2010,LONGO,FONSALIAS,FERNANDO,,1,46,2005-02-15,2010-02-14,1985-2025
124,"LOPEZ VARELA, MARIA SARA",1937-08-09,Senador,Frente Amplio,Suplente,2005,2009,LOPEZ,VARELA,MARIA,SARA,0,46,2005-02-15,2010-02-14,1985-2025
125,"LORENZO IDIARTE, ALVARO FRANCISCO",1966-06-08,Diputado,Partido Nacional,Titular,2005,2010,LORENZO,IDIARTE,ALVARO,FRANCISCO,1,46,2005-02-15,2010-02-14,1985-2025
126,"LORIER SANDRO, EDUARDO",1952-09-10,Senador,Frente Amplio,Suplente,2005,2009,LORIER,SANDRO,EDUARDO,,1,46,2005-02-15,2010-02-14,1985-2025
127,"MACHADO FAJARDO, GUIDO",1953-02-07,Diputado,Partido Colorado,Titular,2005,2010,MACHADO,FAJARDO,GUIDO,,1,46,2005-02-15,2010-02-14,1985-2025
128,"MACHIN PERDOMO, PEDRO LUIS",1955-06-29,Diputado,Partido Nacional,Suplente,2005,2010,MACHIN,PERDOMO,PEDRO,LUIS,1,46,2005-02-15,2010-02-14,1985-2025
129,"MACHINENA FASSI, JORGE ELISEO",,Diputado,Partido Nacional,Suplente,2006,2009,MACHINENA,FASSI,JORGE,ELISEO,1,46,2005-02-15,2010-02-14,1985-2025
130,"MADRUGA FERREIRA, AURIO GEBERT",1953-10-27,Diputado,Partido Nacional,Suplente,2006,2009,MADRUGA,FERREIRA,AURIO,GEBERT,1,46,2005-02-15,2010-02-14,1985-2025
131,"MAGURNO SOUTO, OSCAR",1930-03-03,Diputado,Partido Colorado,Titular,2010,2010,MAGURNO,SOUTO,OSCAR,,1,46,2005-02-15,2010-02-14,1985-2025
131,"MAGURNO SOUTO, OSCAR",1930-03-03,Diputado,Partido Colorado,Suplente,2009,2009,MAGURNO,SOUTO,OSCAR,,1,46,2005-02-15,2010-02-14,1985-2025
131,"MAGURNO SOUTO, OSCAR",1930-03-03,Diputado,Partido Colorado,Suplente,2005,2005,MAGURNO,SOUTO,OSCAR,,1,46,2005-02-15,2010-02-14,1985-2025
132,"MAHIA FREIRE, JOSE CARLOS",1966-08-08,Senador,Frente Amplio,Suplente,2008,2009,MAHIA,FREIRE,JOSE,CARLOS,1,46,2005-02-15,2010-02-14,1985-2025
132,"MAHIA FREIRE, JOSE CARLOS",1966-08-08,Senador,Frente Amplio,Suplente,2006,2006,MAHIA,FREIRE,JOSE,CARLOS,1,46,2005-02-15,2010-02-14,1985-2025
132,"MAHIA FREIRE, JOSE CARLOS",1966-08-08,Diputado,Frente Amplio,Titular,2005,2010,MAHIA,FREIRE,JOSE,CARLOS,1,46,2005-02-15,2010-02-14,1985-2025
133,"MANANA DOGLIOTTI, DANIEL EDUARDO",1955-01-10,Diputado,Partido Nacional,Titular,2005,2010,MANANA,DOGLIOTTI,DANIEL,EDUARDO,1,46,2005-02-15,2010-02-14,1985-2025
133,"MANANA DOGLIOTTI, DANIEL EDUARDO",1955-01-10,Diputado,Partido Nacional,Suplente,2005,2005,MANANA,DOGLIOTTI,DANIEL,EDUARDO,1,46,2005-02-15,2010-02-14,1985-2025
134,"MARELLA RUIZ, GUSTAVO ENRIQUE",1956-04-16,Senador,Frente Amplio,Suplente,2005,2009,MARELLA,RUIZ,GUSTAVO,ENRIQUE,1,46,2005-02-15,2010-02-14,1985-2025
135,"MARQUEZ OLIVERA, PEDRO EDUARDO",1961-10-18,Diputado,Frente Amplio,Suplente,2008,2010,MARQUEZ,OLIVERA,PEDRO,EDUARDO,1,46,2005-02-15,2010-02-14,1985-2025
135,"MARQUEZ OLIVERA, PEDRO EDUARDO",1961-10-18,Diputado,Frente Amplio,Suplente,2006,2006,MARQUEZ,OLIVERA,PEDRO,EDUARDO,1,46,2005-02-15,2010-02-14,1985-2025
136,"MARTINELLI PICART, ROQUE OMAR",1956-03-12,Diputado,Partido Colorado,Suplente,2005,2006,MARTINELLI,PICART,ROQUE,OMAR,1,46,2005-02-15,2010-02-14,1985-2025
137,"MARTINEZ HUELMO, RUBEN WALDEMAR",1949-09-27,Diputado,Frente Amplio,Titular,2009,2010,MARTINEZ,HUELMO,RUBEN,WALDEMAR,1,46,2005-02-15,2010-02-14,1985-2025
137,"MARTINEZ HUELMO, RUBEN WALDEMAR",1949-09-27,Diputado,Frente Amplio,Suplente,2005,2009,MARTINEZ,HUELMO,RUBEN,WALDEMAR,1,46,2005-02-15,2010-02-14,1985-2025
138,"MARTINEZ MARQUEZ, ALICIA LILIANA",1942-01-03,Diputado,Partido Nacional,Suplente,2005,2010,MARTINEZ,MARQUEZ,ALICIA,LILIANA,0,46,2005-02-15,2010-02-14,1985-2025
139,"MARTINEZ MORALES, SERGIO GUSTAVO",1964-11-05,Diputado,Partido Nacional,Suplente,2005,2010,MARTINEZ,MORALES,SERGIO,GUSTAVO,1,46,2005-02-15,2010-02-14,1985-2025
140,"MARTORELL LIBRAN, ABAYUBA SARANDI",1941-08-11,Senador,Frente Amplio,Suplente,2005,2010,MARTORELL,LIBRAN,ABAYUBA,SARANDI,0,46,2005-02-15,2010-02-14,1985-2025
141,"MASCHERONI LAY, PABLO ANDRES",1964-01-30,Diputado,Partido Nacional,Suplente,2005,2010,MASCHERONI,LAY,PABLO,ANDRES,1,46,2005-02-15,2010-02-14,1985-2025
142,"MASEDA ARTOLA, CARLOS ANTONIO",1949-06-13,Diputado,Frente Amplio,Titular,2005,2010,MASEDA,ARTOLA,CARLOS,ANTONIO,1,46,2005-02-15,2010-02-14,1985-2025
143,"MASPOLI BIANCHI, JUAN EDUARDO",1960-05-10,Senador,Partido Colorado,Suplente,2009,2009,MASPOLI,BIANCHI,JUAN,EDUARDO,1,46,2005-02-15,2010-02-14,1985-2025
144,"MAZZULO GAITAN, CARLOS ANTONIO",1950-07-18,Diputado,Partido Nacional,Titular,2005,2010,MAZZULO,GAITAN,CARLOS,ANTONIO,1,46,2005-02-15,2010-02-14,1985-2025
144,"MAZZULO GAITAN, CARLOS ANTONIO",1950-07-18,Senador,Partido Nacional,Suplente,2005,2010,MAZZULO,GAITAN,CARLOS,ANTONIO,1,46,2005-02-15,2010-02-14,1985-2025
145,"MAZZULO GAITAN, JORGE ANTONIO",1956-11-27,Diputado,Partido Nacional,Suplente,2005,2006,MAZZULO,GAITAN,JORGE,ANTONIO,1,46,2005-02-15,2010-02-14,1985-2025
146,"MEDEIROS TESKE, EDUARDO JESUS",1959-01-03,Diputado,Frente Amplio,Suplente,2005,2008,MEDEIROS,TESKE,EDUARDO,JESUS,1,46,2005-02-15,2010-02-14,1985-2025
147,"MELGAR O'DONELL, ARTURO",1959-10-11,Diputado,Frente Amplio,Suplente,2008,2008,MELGAR,O'DONELL,ARTURO,,1,46,2005-02-15,2010-02-14,1985-2025
148,"MELGAREJO PEREIRA, ARTIGAS URUGUAY",1942-11-30,Diputado,Frente Amplio,Suplente,2005,2010,MELGAREJO,PEREIRA,ARTIGAS,URUGUAY,1,46,2005-02-15,2010-02-14,1985-2025
149,"MENENDEZ CORTE, JORGE EDGARDO",1951-08-13,Diputado,Frente Amplio,Titular,2005,2008,MENENDEZ,CORTE,JORGE,EDGARDO,1,46,2005-02-15,2010-02-14,1985-2025
150,"MESA PEREZ, MARIO RAMON",1957-03-31,Diputado,Frente Amplio,Suplente,2005,2010,MESA,PEREZ,MARIO,RAMON,1,46,2005-02-15,2010-02-14,1985-2025
151,"MESA ZIEGLER, MARIO HUMBERTO",1950-02-28,Diputado,Partido Nacional,Suplente,2007,2007,MESA,ZIEGLER,MARIO,HUMBERTO,1,46,2005-02-15,2010-02-14,1985-2025
152,"MICHELINI DELLE PIANE, FELIPE RAUL",1961-01-24,Diputado,Frente Amplio,Titular,2005,2010,MICHELINI,DELLE PIANE,FELIPE,RAUL,1,46,2005-02-15,2010-02-14,1985-2025
153,"MICHELINI DELLE PIANE, RAFAEL EUGENIO",1958-10-30,Senador,Frente Amplio,Titular,2005,2010,MICHELINI,DELLE PIANE,RAFAEL,EUGENIO,1,46,2005-02-15,2010-02-14,1985-2025
154,"MIER ESTADES, EDGARDO DIONISIO",1953-05-09,Diputado,Partido Nacional,Suplente,2005,2010,MIER,ESTADES,EDGARDO,DIONISIO,1,46,2005-02-15,2010-02-14,1985-2025
155,"MIER ESTADES, SERGIO ANTERES",1955-06-27,Diputado,Frente Amplio,Suplente,2005,2005,MIER,ESTADES,SERGIO,ANTERES,1,46,2005-02-15,2010-02-14,1985-2025
156,"MOIZO MARRUBIO, DIEGO",1960-08-30,Diputado,Frente Amplio,Suplente,2006,2009,MOIZO,MARRUBIO,DIEGO,,1,46,2005-02-15,2010-02-14,1985-2025
157,"MOIZO MARRUBIO, PAUL ENRIQUE",1956-08-05,Diputado,Frente Amplio,Suplente,2005,2005,MOIZO,MARRUBIO,PAUL,ENRIQUE,1,46,2005-02-15,2010-02-14,1985-2025
158,"MOLINARI ACOSTA, AUGUSTO MARCELLO",1970-02-11,Diputado,Frente Amplio,Suplente,2005,2010,MOLINARI,ACOSTA,AUGUSTO,MARCELLO,1,46,2005-02-15,2010-02-14,1985-2025
159,"MONZEGLIO BENTANCOR, REMO",1955-04-08,Diputado,Partido Nacional,Suplente,2005,2009,MONZEGLIO,BENTANCOR,REMO,,1,46,2005-02-15,2010-02-14,1985-2025
160,"MORAES BASTOS, MARIA BENITA",1954-10-20,Diputado,Frente Amplio,Suplente,2005,2006,MORAES,BASTOS,MARIA,BENITA,0,46,2005-02-15,2010-02-14,1985-2025
161,"MORALES BORDA, JULIO DANIEL",1949-04-02,Diputado,Frente Amplio,Suplente,2005,2010,MORALES,BORDA,JULIO,DANIEL,1,46,2005-02-15,2010-02-14,1985-2025
162,"MOREIRA FONTES, MARIA ELOISA",1958-06-07,Diputado,Frente Amplio,Suplente,2005,2010,MOREIRA,FONTES,MARIA,ELOISA,0,46,2005-02-15,2010-02-14,1985-2025
163,"MOREIRA REISCH, CARLOS ALBERTO",1946-05-16,Senador,Partido Nacional,Titular,2005,2010,MOREIRA,REISCH,CARLOS,ALBERTO,1,46,2005-02-15,2010-02-14,1985-2025
164,"MUGURUZA GALVALISI, EDUARDO MARIA",1940-09-28,Senador,Frente Amplio,Suplente,2009,2009,MUGURUZA,GALVALISI,EDUARDO,MARIA,1,46,2005-02-15,2010-02-14,1985-2025
165,"MUJICA BENOIT, GONZALO FERNANDO",1956-06-06,Diputado,Frente Amplio,Titular,2005,2010,MUJICA,BENOIT,GONZALO,FERNANDO,1,46,2005-02-15,2010-02-14,1985-2025
166,"MUJICA CORDANO, JOSE ALBERTO",1934-05-20,Senador,Frente Amplio,Titular,2008,2010,MUJICA,CORDANO,JOSE,ALBERTO,1,46,2005-02-15,2010-02-14,1985-2025
166,"MUJICA CORDANO, JOSE ALBERTO",1934-05-20,Diputado,,Titular,2005,2005,MUJICA,CORDANO,JOSE,ALBERTO,1,46,2005-02-15,2010-02-14,1985-2025
167,"MUNOZ DUTRA, JOSE AGUSTIN",1969-09-10,Diputado,Partido Nacional,Suplente,2007,2007,MUNOZ,DUTRA,JOSE,AGUSTIN,1,46,2005-02-15,2010-02-14,1985-2025
168,"MUSETTI FORMOSO, JULIO MARIO",1967-07-12,Diputado,Partido Colorado,Suplente,2005,2009,MUSETTI,FORMOSO,JULIO,MARIO,1,46,2005-02-15,2010-02-14,1985-2025
169,"MUTIO CERDEIRAS, JORGE ANGEL",1955-03-17,Diputado,Partido Nacional,Suplente,2005,2008,MUTIO,CERDEIRAS,JORGE,ANGEL,1,46,2005-02-15,2010-02-14,1985-2025
170,"NAYA MONTEVERDE, PABLO ANDRES",1967-02-24,Diputado,Frente Amplio,Suplente,2005,2010,NAYA,MONTEVERDE,PABLO,ANDRES,1,46,2005-02-15,2010-02-14,1985-2025
171,"NEBU SEPULVEDA, FELIX ADUL",1967-06-05,Diputado,Partido Nacional,Suplente,2005,2007,NEBU,SEPULVEDA,FELIX,ADUL,1,46,2005-02-15,2010-02-14,1985-2025
172,"NICOLINI OTTATI, LEONARDO",1960-03-22,Senador,Frente Amplio,Titular,2005,2007,NICOLINI,OTTATI,LEONARDO,,1,46,2005-02-15,2010-02-14,1985-2025
173,"NIN NOVOA, RODOLFO",1948-01-25,Senador,Frente Amplio,Titular,2005,2010,NIN,NOVOA,RODOLFO,,1,46,2005-02-15,2010-02-14,1985-2025
174,"NOGUEIRA LAIF, ADOLFO DANTE",1950-07-05,Diputado,Partido Nacional,Suplente,2006,2009,NOGUEIRA,LAIF,ADOLFO,DANTE,1,46,2005-02-15,2010-02-14,1985-2025
175,"NOVALES MAYOL, GONZALO LEOPOLDO",1943-05-30,Diputado,Partido Nacional,Titular,2005,2010,NOVALES,MAYOL,GONZALO,LEOPOLDO,1,46,2005-02-15,2010-02-14,1985-2025
176,"NUNEZ BLANCO, MANUEL",1947-03-17,Senador,Frente Amplio,Suplente,2005,2009,NUNEZ,BLANCO,MANUEL,,1,46,2005-02-15,2010-02-14,1985-2025
177,"OBISPO BUENO, RUBEN MARIA",1933-09-14,Senador,Frente Amplio,Suplente,2005,2009,OBISPO,BUENO,RUBEN,MARIA,1,46,2005-02-15,2010-02-14,1985-2025
178,"OLANO LLANO, JOSE QUINTIN",1964-08-09,Diputado,Partido Nacional,Titular,2005,2007,OLANO,LLANO,JOSE,QUINTIN,1,46,2005-02-15,2010-02-14,1985-2025
179,"OLIVER VIVIANO, LUIS ANGEL",1947-01-13,Senador,Frente Amplio,Suplente,2006,2009,OLIVER,VIVIANO,LUIS,ANGEL,1,46,2005-02-15,2010-02-14,1985-2025
180,"ONTANEDA PARODI, LOURDES AZUCENA",1948-02-11,Diputado,Frente Amplio,Suplente,2007,2010,ONTANEDA,PARODI,LOURDES,AZUCENA,0,46,2005-02-15,2010-02-14,1985-2025
181,"OPERTTI BADAN, DIDIER",1937-04-23,Senador,Partido Colorado,Suplente,2008,2009,OPERTTI,BADAN,DIDIER,,1,46,2005-02-15,2010-02-14,1985-2025
182,"ORIBE BARRAN, ANDRES PLINIO",1964-02-11,Diputado,Partido Colorado,Suplente,2005,2009,ORIBE,BARRAN,ANDRES,PLINIO,1,46,2005-02-15,2010-02-14,1985-2025
183,"ORRICO MIRALDI, JORGE OMAR",1946-10-25,Diputado,Frente Amplio,Titular,2005,2010,ORRICO,MIRALDI,JORGE,OMAR,1,46,2005-02-15,2010-02-14,1985-2025
184,"ORTUNO SILVA, EDGARDO",1970-06-10,Diputado,Frente Amplio,Suplente,2005,2010,ORTUNO,SILVA,EDGARDO,,1,46,2005-02-15,2010-02-14,1985-2025
185,"OTEGUI GRIEGO, MIGUEL JESUS",1949-07-20,Diputado,Partido Nacional,Suplente,2005,2010,OTEGUI,GRIEGO,MIGUEL,JESUS,1,46,2005-02-15,2010-02-14,1985-2025
186,"OTTONELLO LINDNER, RUBENS JUAN",1971-02-02,Diputado,Partido Nacional,Suplente,2005,2009,OTTONELLO,LINDNER,RUBENS,JUAN,1,46,2005-02-15,2010-02-14,1985-2025
187,"PACHECO MARTIRENA, MARY ELISABETH",1965-07-12,Diputado,Partido Nacional,Suplente,2010,2010,PACHECO,MARTIRENA,MARY,ELISABETH,0,46,2005-02-15,2010-02-14,1985-2025
187,"PACHECO MARTIRENA, MARY ELISABETH",1965-07-12,Diputado,Partido Nacional,Suplente,2005,2009,PACHECO,MARTIRENA,MARY,ELISABETH,0,46,2005-02-15,2010-02-14,1985-2025
188,"PAIS RIVANERA, GABRIEL RAUL",1959-02-11,Diputado,Partido Colorado,Suplente,2005,2010,PAIS,RIVANERA,GABRIEL,RAUL,1,46,2005-02-15,2010-02-14,1985-2025
189,"PASSADA LEONCINI, IVONNE GRAZIELLA",1956-04-04,Diputado,Frente Amplio,Suplente,2005,2009,PASSADA,LEONCINI,IVONNE,GRAZIELLA,0,46,2005-02-15,2010-02-14,1985-2025
190,"PATRONE CHIRELLI, JORGE NORMAN",1949-03-13,Diputado,Frente Amplio,Suplente,2005,2010,PATRONE,CHIRELLI,JORGE,NORMAN,1,46,2005-02-15,2010-02-14,1985-2025
191,"PAYSSE RODRIGUEZ, DANIELA",1946-10-17,Diputado,Frente Amplio,Titular,2005,2010,PAYSSE,RODRIGUEZ,DANIELA,,0,46,2005-02-15,2010-02-14,1985-2025
192,"PENA FERNANDEZ, DANIEL ADRIAN",1972-12-21,Senador,Partido Nacional,Suplente,2006,2007,PENA,FERNANDEZ,DANIEL,ADRIAN,1,46,2005-02-15,2010-02-14,1985-2025
192,"PENA FERNANDEZ, DANIEL ADRIAN",1972-12-21,Diputado,Partido Nacional,Titular,2005,2010,PENA,FERNANDEZ,DANIEL,ADRIAN,1,46,2005-02-15,2010-02-14,1985-2025
193,"PENA HERNANDEZ, MARIA ADRIANA",1964-09-09,Diputado,Partido Nacional,Titular,2010,2010,PENA,HERNANDEZ,MARIA,ADRIANA,0,46,2005-02-15,2010-02-14,1985-2025
193,"PENA HERNANDEZ, MARIA ADRIANA",1964-09-09,Diputado,Partido Nacional,Titular,2005,2010,PENA,HERNANDEZ,MARIA,ADRIANA,0,46,2005-02-15,2010-02-14,1985-2025
194,"PENA RODRIGUEZ, LUIS ALBERTO",1948-04-03,Diputado,Partido Nacional,Suplente,2005,2005,PENA,RODRIGUEZ,LUIS,ALBERTO,1,46,2005-02-15,2010-02-14,1985-2025
195,"PENADES ETCHEVARNE, GUSTAVO CARLOS",1965-10-07,Senador,Partido Nacional,Titular,2005,2010,PENADES,ETCHEVARNE,GUSTAVO,CARLOS,1,46,2005-02-15,2010-02-14,1985-2025
196,"PERCOVICH ALDABE, MARIA MARGARITA",1941-01-21,Senador,Frente Amplio,Titular,2005,2010,PERCOVICH,ALDABE,MARIA,MARGARITA,0,46,2005-02-15,2010-02-14,1985-2025
197,"PERDOMO DOMINGUEZ, OSCAR MARIO",1948-04-24,Diputado,Partido Nacional,Suplente,2009,2009,PERDOMO,DOMINGUEZ,OSCAR,MARIO,1,46,2005-02-15,2010-02-14,1985-2025
198,"PERDOMO GAMARRA, ALBERTO JAVIER",1967-04-06,Senador,Partido Nacional,Suplente,2006,2009,PERDOMO,GAMARRA,ALBERTO,JAVIER,1,46,2005-02-15,2010-02-14,1985-2025
198,"PERDOMO GAMARRA, ALBERTO JAVIER",1967-04-06,Diputado,Partido Nacional,Titular,2005,2010,PERDOMO,GAMARRA,ALBERTO,JAVIER,1,46,2005-02-15,2010-02-14,1985-2025
199,"PEREYRA HUELMO, HECTOR ANIBAL",1966-11-07,Diputado,Frente Amplio,Titular,2005,2010,PEREYRA,HUELMO,HECTOR,ANIBAL,1,46,2005-02-15,2010-02-14,1985-2025
200,"PEREZ ANTON, ROMEO FERNANDO",1943-12-31,Senador,Partido Nacional,Suplente,2005,2010,PEREZ,ANTON,ROMEO,FERNANDO,1,46,2005-02-15,2010-02-14,1985-2025
201,"PEREZ BILINSKI, ESTEBAN ANDRES",1950-08-13,Diputado,Frente Amplio,Titular,2005,2010,PEREZ,BILINSKI,ESTEBAN,ANDRES,1,46,2005-02-15,2010-02-14,1985-2025
202,"PEREZ BRITO, DARIO",1957-01-06,Diputado,Frente Amplio,Titular,2005,2010,PEREZ,BRITO,DARIO,,1,46,2005-02-15,2010-02-14,1985-2025
203,"PEREZ CORTELEZZI, NELSON EDUARDO",1940-07-01,Diputado,Partido Nacional,Suplente,2005,2010,PEREZ,CORTELEZZI,NELSON,EDUARDO,1,46,2005-02-15,2010-02-14,1985-2025
204,"PEREZ GONZALEZ, PABLO NEKLINDOR",1948-02-09,Diputado,Frente Amplio,Titular,2005,2010,PEREZ,GONZALEZ,PABLO,NEKLINDOR,1,46,2005-02-15,2010-02-14,1985-2025
204,"PEREZ GONZALEZ, PABLO NEKLINDOR",1948-02-09,Diputado,Frente Amplio,Suplente,2005,2005,PEREZ,GONZALEZ,PABLO,NEKLINDOR,1,46,2005-02-15,2010-02-14,1985-2025
205,"PEREZ RODRIGUEZ, JULIO OMAR",1952-06-26,Diputado,Frente Amplio,Suplente,2005,2010,PEREZ,RODRIGUEZ,JULIO,OMAR,1,46,2005-02-15,2010-02-14,1985-2025
206,"PEREZ SILVA, MARIO OMAR",1952-09-19,Diputado,Partido Nacional,Suplente,2010,2010,PEREZ,SILVA,MARIO,OMAR,1,46,2005-02-15,2010-02-14,1985-2025
206,"PEREZ SILVA, MARIO OMAR",1952-09-19,Diputado,Partido Nacional,Suplente,2005,2010,PEREZ,SILVA,MARIO,OMAR,1,46,2005-02-15,2010-02-14,1985-2025
207,"PEREZ STEWART, PEDRO CESAR",1957-09-08,Diputado,Partido Colorado,Suplente,2005,2010,PEREZ,STEWART,PEDRO,CESAR,1,46,2005-02-15,2010-02-14,1985-2025
208,"PERRACHON GONNET, MARIO HUMBERTO",1943-03-02,Diputado,Frente Amplio,Suplente,2005,2010,PERRACHON,GONNET,MARIO,HUMBERTO,1,46,2005-02-15,2010-02-14,1985-2025
209,"PESSI OLAZABAL, HECTOR GONZALO",1964-05-15,Diputado,Frente Amplio,Suplente,2005,2008,PESSI,OLAZABAL,HECTOR,GONZALO,1,46,2005-02-15,2010-02-14,1985-2025
210,"PINEYRUA PITTALUGA, JUAN JOSE",1942-03-19,Diputado,Frente Amplio,Suplente,2005,2010,PINEYRUA,PITTALUGA,JUAN,JOSE,1,46,2005-02-15,2010-02-14,1985-2025
211,"PINTADO, ENRIQUE MANUEL",1958-01-26,Senador,Frente Amplio,Titular,2010,2010,PINTADO,,ENRIQUE,MANUEL,1,46,2005-02-15,2010-02-14,1985-2025
211,"PINTADO, ENRIQUE MANUEL",1958-01-26,Senador,Frente Amplio,Suplente,2008,2008,PINTADO,,ENRIQUE,MANUEL,1,46,2005-02-15,2010-02-14,1985-2025
211,"PINTADO, ENRIQUE MANUEL",1958-01-26,Diputado,Frente Amplio,Titular,2005,2010,PINTADO,,ENRIQUE,MANUEL,1,46,2005-02-15,2010-02-14,1985-2025
211,"PINTADO, ENRIQUE MANUEL",1958-01-26,Senador,Frente Amplio,Suplente,2005,2006,PINTADO,,ENRIQUE,MANUEL,1,46,2005-02-15,2010-02-14,1985-2025
212,"PINTOS ROHNER, ALICIA JOSEFA",1941-05-24,Diputado,Frente Amplio,Suplente,2005,2009,PINTOS,ROHNER,ALICIA,JOSEFA,0,46,2005-02-15,2010-02-14,1985-2025
213,"PIQUEREZ CAVIGLIA, MAURICIO",1956-04-22,Diputado,Partido Nacional,Suplente,2005,2005,PIQUEREZ,CAVIGLIA,MAURICIO,,1,46,2005-02-15,2010-02-14,1985-2025
214,"PONCE DE LEON CARRAU, MARTIN HECTOR",1943-08-13,Diputado,Frente Amplio,Titular,2005,2005,PONCE,DE LEON CARRAU,MARTIN,HECTOR,1,46,2005-02-15,2010-02-14,1985-2025
215,"PONTE GEPP, ELENA HILDA",1947-12-28,Diputado,Frente Amplio,Suplente,2005,2005,PONTE,GEPP,ELENA,HILDA,0,46,2005-02-15,2010-02-14,1985-2025
216,"POSADA PAGLIOTTI, IVAN ADAN",1953-12-25,Diputado,Partido Independiente,Titular,2005,2010,POSADA,PAGLIOTTI,IVAN,ADAN,1,46,2005-02-15,2010-02-14,1985-2025
217,"POZZI CIARAN, JORGE ALVARO",1957-04-07,Diputado,Frente Amplio,Titular,2005,2010,POZZI,CIARAN,JORGE,ALVARO,1,46,2005-02-15,2010-02-14,1985-2025
218,"QUEVEDO PANZARDI, RITA EVANGELIA",1953-08-18,Diputado,Partido Nacional,Suplente,2008,2009,QUEVEDO,PANZARDI,RITA,EVANGELIA,0,46,2005-02-15,2010-02-14,1985-2025
219,"QUINTANA, ROSA BEATRIZ",1965-05-02,Diputado,Frente Amplio,Suplente,2010,2010,QUINTANA,,ROSA,BEATRIZ,0,46,2005-02-15,2010-02-14,1985-2025
219,"QUINTANA, ROSA BEATRIZ",1965-05-02,Diputado,Frente Amplio,Suplente,2005,2006,QUINTANA,,ROSA,BEATRIZ,0,46,2005-02-15,2010-02-14,1985-2025
220,"ARANA SANCHEZ, MARIANO",1933-03-06,Senador,Frente Amplio,Titular,2008,2010,ARANA,SANCHEZ,MARIANO,,1,46,2005-02-15,2010-02-14,1985-2025
220,"ARANA SANCHEZ, MARIANO",1933-03-06,Senador,Frente Amplio,Titular,2005,2005,ARANA,SANCHEZ,MARIANO,,1,46,2005-02-15,2010-02-14,1985-2025
221,"ARAUJO RUIZ, VICENTE",,Diputado,Partido Nacional,Suplente,2005,2009,ARAUJO,RUIZ,VICENTE,,1,46,2005-02-15,2010-02-14,1985-2025
222,"AREZO NANDE, ENRIQUE",1978-05-15,Diputado,Partido Nacional,Suplente,2010,2010,AREZO,NANDE,ENRIQUE,,1,46,2005-02-15,2010-02-14,1985-2025
222,"AREZO NANDE, ENRIQUE",1978-05-15,Diputado,Partido Nacional,Suplente,2005,2005,AREZO,NANDE,ENRIQUE,,1,46,2005-02-15,2010-02-14,1985-2025
223,"ARGIMON CEDEIRA, BEATRIZ",1961-08-14,Diputado,Partido Nacional,Titular,2005,2010,ARGIMON,CEDEIRA,BEATRIZ,,0,46,2005-02-15,2010-02-14,1985-2025
224,"ARGUELLO WETHERALL, MARIA ELIDA",1954-07-20,Diputado,Frente Amplio,Suplente,2009,2010,ARGUELLO,WETHERALL,MARIA,ELIDA,0,46,2005-02-15,2010-02-14,1985-2025
225,"ARISMENDI DUBINSKY, ANA MARINA",1949-05-29,Senador,Frente Amplio,Titular,2005,2010,ARISMENDI,DUBINSKY,ANA,MARINA,0,46,2005-02-15,2010-02-14,1985-2025
226,"ARRARTE, EDISON",,Diputado,Frente Amplio,Suplente,2009,2009,ARRARTE,,EDISON,,1,46,2005-02-15,2010-02-14,1985-2025
227,"ARREGUI MARSANO, ROQUE EDISON",1950-08-16,Diputado,Frente Amplio,Titular,2005,2010,ARREGUI,MARSANO,ROQUE,EDISON,1,46,2005-02-15,2010-02-14,1985-2025
228,"ARRUABARRENA CHIAZZARO, ARTURO LUIS",1945-10-11,Senador,Frente Amplio,Suplente,2006,2006,ARRUABARRENA,CHIAZZARO,ARTURO,LUIS,1,46,2005-02-15,2010-02-14,1985-2025
229,"ASQUETA SONORA, MIGUEL MEDDARDO",1961-04-06,Diputado,Partido Nacional,Titular,2005,2009,ASQUETA,SONORA,MIGUEL,MEDDARDO,1,46,2005-02-15,2010-02-14,1985-2025
230,"RAINERI, WILSON",,Diputado,Partido Nacional,Suplente,2005,2005,RAINERI,,WILSON,,1,46,2005-02-15,2010-02-14,1985-2025
231,"RAMIREZ TURELL, JUAN ANDRES",1946-10-11,Senador,Partido Nacional,Suplente,2005,2005,RAMIREZ,TURELL,JUAN,ANDRES,1,46,2005-02-15,2010-02-14,1985-2025
232,"RAMOS ESPINDOLA, ROQUE FABIAN",1958-05-21,Diputado,Frente Amplio,Suplente,2005,2009,RAMOS,ESPINDOLA,ROQUE,FABIAN,1,46,2005-02-15,2010-02-14,1985-2025
233,"REISCH VILA, NIBIA ANDREA",1971-06-28,Diputado,Partido Colorado,Suplente,2010,2010,REISCH,VILA,NIBIA,ANDREA,0,46,2005-02-15,2010-02-14,1985-2025
234,"REPETTO VIGNOLA, ALEJANDRO DANIEL",1966-07-23,Diputado,Partido Nacional,Suplente,2010,2010,REPETTO,VIGNOLA,ALEJANDRO,DANIEL,1,46,2005-02-15,2010-02-14,1985-2025
234,"REPETTO VIGNOLA, ALEJANDRO DANIEL",1966-07-23,Diputado,Partido Nacional,Suplente,2005,2005,REPETTO,VIGNOLA,ALEJANDRO,DANIEL,1,46,2005-02-15,2010-02-14,1985-2025
235,"RIET VILLAMIL, FERNANDO GONZALO",1951-12-27,Diputado,Partido Nacional,Suplente,2005,2010,RIET,VILLAMIL,FERNANDO,GONZALO,1,46,2005-02-15,2010-02-14,1985-2025
236,"ROBALLO ALBERO, JUAN ANDRES",1970-12-13,Diputado,Frente Amplio,Titular,2005,2010,ROBALLO,ALBERO,JUAN,ANDRES,1,46,2005-02-15,2010-02-14,1985-2025
236,"ROBALLO ALBERO, JUAN ANDRES",1970-12-13,Diputado,Frente Amplio,Suplente,2005,2005,ROBALLO,ALBERO,JUAN,ANDRES,1,46,2005-02-15,2010-02-14,1985-2025
237,"RODRIGUEZ, MIGUEL",1946-01-27,Diputado,Partido Colorado,Suplente,2005,2010,RODRIGUEZ,,MIGUEL,,1,46,2005-02-15,2010-02-14,1985-2025
238,"RODRIGUEZ ALVEZ, EDGARDO",1961-12-25,Diputado,Frente Amplio,Titular,2005,2010,RODRIGUEZ,ALVEZ,EDGARDO,,1,46,2005-02-15,2010-02-14,1985-2025
239,"RODRIGUEZ CRESPO, JOSE PEDRO",1947-03-07,Diputado,Frente Amplio,Suplente,2006,2009,RODRIGUEZ,CRESPO,JOSE,PEDRO,1,46,2005-02-15,2010-02-14,1985-2025
240,"RODRIGUEZ SERVETTO, NELSON VLADIMIR",1959-07-19,Diputado,Partido Nacional,Titular,2005,2010,RODRIGUEZ,SERVETTO,NELSON,VLADIMIR,1,46,2005-02-15,2010-02-14,1985-2025
241,"RODRIGUEZ UMPIERREZ, AMBROSIO INDALECIO",1935-05-21,Senador,Partido Nacional,Suplente,2005,2009,RODRIGUEZ,UMPIERREZ,AMBROSIO,INDALECIO,1,46,2005-02-15,2010-02-14,1985-2025
242,"ROMERO CABRERA, JORGE",1956-08-15,Diputado,Partido Nacional,Titular,2005,2010,ROMERO,CABRERA,JORGE,,1,46,2005-02-15,2010-02-14,1985-2025
242,"ROMERO CABRERA, JORGE",1956-08-15,Senador,Partido Nacional,Suplente,2005,2005,ROMERO,CABRERA,JORGE,,1,46,2005-02-15,2010-02-14,1985-2025
243,"ROSADILLA PEREIRA, LUIS ANGEL",1953-12-21,Senador,Frente Amplio,Suplente,2007,2009,ROSADILLA,PEREIRA,LUIS,ANGEL,1,46,2005-02-15,2010-02-14,1985-2025
243,"ROSADILLA PEREIRA, LUIS ANGEL",1953-12-21,Diputado,Frente Amplio,Titular,2005,2010,ROSADILLA,PEREIRA,LUIS,ANGEL,1,46,2005-02-15,2010-02-14,1985-2025
243,"ROSADILLA PEREIRA, LUIS ANGEL",1953-12-21,Senador,Frente Amplio,Suplente,2005,2005,ROSADILLA,PEREIRA,LUIS,ANGEL,1,46,2005-02-15,2010-02-14,1985-2025
244,"ROSSI RODRIGUEZ, VICTOR HOMERO",1943-04-10,Diputado,Frente Amplio,Titular,2005,2005,ROSSI,RODRIGUEZ,VICTOR,HOMERO,1,46,2005-02-15,2010-02-14,1985-2025
245,"ROSSOTTI JOURDAN, SONIA",1942-04-14,Diputado,Partido Nacional,Suplente,2007,2009,ROSSOTTI,JOURDAN,SONIA,,0,46,2005-02-15,2010-02-14,1985-2025
246,"ROSTAN MARR, ELBIO EDGARDO",1965-02-24,Diputado,Partido Colorado,Suplente,2005,2009,ROSTAN,MARR,ELBIO,EDGARDO,1,46,2005-02-15,2010-02-14,1985-2025
247,"RUBIO BRUNO, ENRIQUE VICENTE",1943-04-06,Senador,Frente Amplio,Titular,2005,2007,RUBIO,BRUNO,ENRIQUE,VICENTE,1,46,2005-02-15,2010-02-14,1985-2025
248,"RUSSI TARAMASCO, GUSTAVO ANDRES",1971-05-21,Diputado,Partido Nacional,Suplente,2005,2005,RUSSI,TARAMASCO,GUSTAVO,ANDRES,1,46,2005-02-15,2010-02-14,1985-2025
249,"SALAZAR BLAYA, MARIA DEL CARMEN SILVIA",1959-04-12,Diputado,Frente Amplio,Suplente,2005,2010,SALAZAR,BLAYA,MARIA,DEL,0,46,2005-02-15,2010-02-14,1985-2025
250,"SALSAMENDI FERREIRA, ALEJANDRO JAVIER",1966-06-25,Diputado,Frente Amplio,Titular,2005,2010,SALSAMENDI,FERREIRA,ALEJANDRO,JAVIER,1,46,2005-02-15,2010-02-14,1985-2025
250,"SALSAMENDI FERREIRA, ALEJANDRO JAVIER",1966-06-25,Senador,Frente Amplio,Suplente,2005,2010,SALSAMENDI,FERREIRA,ALEJANDRO,JAVIER,1,46,2005-02-15,2010-02-14,1985-2025
251,"SANABRIA PIREZ, SILVIA ELIZABETH",1966-12-02,Diputado,Partido Nacional,Suplente,2005,2010,SANABRIA,PIREZ,SILVIA,ELIZABETH,0,46,2005-02-15,2010-02-14,1985-2025
252,"SANCHEZ BALCARCE, CARMEN",1974-06-05,Diputado,Partido Nacional,Suplente,2005,2010,SANCHEZ,BALCARCE,CARMEN,,0,46,2005-02-15,2010-02-14,1985-2025
253,"SANCHEZ CAL, DARDO ANGEL",1957-04-04,Diputado,Partido Nacional,Titular,2010,2010,SANCHEZ,CAL,DARDO,ANGEL,1,46,2005-02-15,2010-02-14,1985-2025
253,"SANCHEZ CAL, DARDO ANGEL",1957-04-04,Diputado,Partido Nacional,Titular,2007,2010,SANCHEZ,CAL,DARDO,ANGEL,1,46,2005-02-15,2010-02-14,1985-2025
254,"SANCHEZ REYES, TOMAS EDUARDO",1944-02-15,Diputado,Frente Amplio,Suplente,2005,2008,SANCHEZ,REYES,TOMAS,EDUARDO,1,46,2005-02-15,2010-02-14,1985-2025
255,"SANGUINETTI COIROLO, JULIO MARIA",1936-01-06,Senador,Partido Colorado,Titular,2005,2010,SANGUINETTI,COIROLO,JULIO,MARIA,1,46,2005-02-15,2010-02-14,1985-2025
256,"SANTINI VIGNOLO, MIGUEL ANGEL",1933-02-08,Diputado,Frente Amplio,Suplente,2008,2008,SANTINI,VIGNOLO,MIGUEL,ANGEL,1,46,2005-02-15,2010-02-14,1985-2025
257,"SARAVIA GARASSINI, JORGE JOSE",1958-05-01,Senador,Frente Amplio,Titular,2005,2010,SARAVIA,GARASSINI,JORGE,JOSE,1,46,2005-02-15,2010-02-14,1985-2025
258,"SARAVIA MARTINEZ, CARLOS",1939-11-06,Diputado,Partido Nacional,Suplente,2005,2006,SARAVIA,MARTINEZ,CARLOS,,1,46,2005-02-15,2010-02-14,1985-2025
259,"SAUVAL MOOR, PHILIPPE JACQUES",1950-08-24,Diputado,Partido Independiente,Suplente,2005,2009,SAUVAL,MOOR,PHILIPPE,JACQUES,1,46,2005-02-15,2010-02-14,1985-2025
260,"SCARONE GOMEZ, GUSTAVO DANIEL",1957-11-15,Diputado,Frente Amplio,Suplente,2007,2009,SCARONE,GOMEZ,GUSTAVO,DANIEL,1,46,2005-02-15,2010-02-14,1985-2025
261,"SCAVARELLI ESCOBAR, ALBERTO RAUL",1949-09-08,Diputado,Partido Colorado,Suplente,2005,2010,SCAVARELLI,ESCOBAR,ALBERTO,RAUL,1,46,2005-02-15,2010-02-14,1985-2025
262,"SCHIAPPAPIETRA AYIYU, JORGE EDUARDO",1959-05-15,Diputado,Partido Nacional,Suplente,2005,2010,SCHIAPPAPIETRA,AYIYU,JORGE,EDUARDO,1,46,2005-02-15,2010-02-14,1985-2025
263,"SEGOVIA DOS SANTOS, ALBERICO CESAR",1931-09-05,Senador,Frente Amplio,Suplente,2005,2006,SEGOVIA,DOS SANTOS,ALBERICO,CESAR,1,46,2005-02-15,2010-02-14,1985-2025
264,"SEMPRONI ROBAINA, VICTOR FELIX",1937-03-27,Senador,Frente Amplio,Suplente,2007,2009,SEMPRONI,ROBAINA,VICTOR,FELIX,1,46,2005-02-15,2010-02-14,1985-2025
264,"SEMPRONI ROBAINA, VICTOR FELIX",1937-03-27,Diputado,Frente Amplio,Titular,2005,2010,SEMPRONI,ROBAINA,VICTOR,FELIX,1,46,2005-02-15,2010-02-14,1985-2025
264,"SEMPRONI ROBAINA, VICTOR FELIX",1937-03-27,Senador,Frente Amplio,Suplente,2005,2005,SEMPRONI,ROBAINA,VICTOR,FELIX,1,46,2005-02-15,2010-02-14,1985-2025
265,"SERVETTO MOLINA, SERGIO NUBER",1961-12-11,Diputado,Partido Nacional,Suplente,2007,2007,SERVETTO,MOLINA,SERGIO,NUBER,1,46,2005-02-15,2010-02-14,1985-2025
266,"SERVETTO UBAL, RAUL MODESTO",1962-08-18,Diputado,Frente Amplio,Suplente,2005,2010,SERVETTO,UBAL,RAUL,MODESTO,1,46,2005-02-15,2010-02-14,1985-2025
267,"SIGNORELLI LARROSA, CARLOS ANTONIO",1952-10-28,Diputado,Partido Colorado,Titular,2005,2008,SIGNORELLI,LARROSA,CARLOS,ANTONIO,1,46,2005-02-15,2010-02-14,1985-2025
268,"SILVA PELUFFO, RUBENSON",1961-11-09,Diputado,Frente Amplio,Suplente,2005,2009,SILVA,PELUFFO,RUBENSON,,1,46,2005-02-15,2010-02-14,1985-2025
269,"SILVA PEREIRA, GUSTAVO FELIX",1949-12-09,Diputado,Frente Amplio,Suplente,2006,2009,SILVA,PEREIRA,GUSTAVO,FELIX,1,46,2005-02-15,2010-02-14,1985-2025
270,"SILVEIRA CORREA, JULIO CESAR",1953-06-27,Diputado,Partido Nacional,Suplente,2005,2005,SILVEIRA,CORREA,JULIO,CESAR,1,46,2005-02-15,2010-02-14,1985-2025
271,"SIMONET FLETCHER, RAMON LUIS",1942-07-18,Diputado,Partido Colorado,Suplente,2005,2008,SIMONET,FLETCHER,RAMON,LUIS,1,46,2005-02-15,2010-02-14,1985-2025
272,"SINGLET ECHENIQUE, MANUEL MARIA",1942-02-04,Senador,Partido Nacional,Suplente,2005,2010,SINGLET,ECHENIQUE,MANUEL,MARIA,1,46,2005-02-15,2010-02-14,1985-2025
273,"SOSA MARTINEZ, LEOPOLDO HUGO",1951-05-10,Diputado,Partido Nacional,Suplente,2008,2008,SOSA,MARTINEZ,LEOPOLDO,HUGO,1,46,2005-02-15,2010-02-14,1985-2025
274,"SOSA SANDIN, RICARDO WASHINGTON",1955-02-26,Diputado,Frente Amplio,Suplente,2005,2009,SOSA,SANDIN,RICARDO,WASHINGTON,1,46,2005-02-15,2010-02-14,1985-2025
275,"SOTO DURAN, ENRIQUE",1955-06-23,Senador,Frente Amplio,Suplente,2005,2005,SOTO,DURAN,ENRIQUE,,1,46,2005-02-15,2010-02-14,1985-2025
276,"SOUST AYCAGUER, PEDRO ALBERTO",1951-01-13,Diputado,Frente Amplio,Suplente,2005,2009,SOUST,AYCAGUER,PEDRO,ALBERTO,1,46,2005-02-15,2010-02-14,1985-2025
277,"SOUTO TOSCANI, WALTER ULISES",1957-02-09,Diputado,Frente Amplio,Suplente,2005,2010,SOUTO,TOSCANI,WALTER,ULISES,1,46,2005-02-15,2010-02-14,1985-2025
278,"SOUZA ANTONINI, ARTHUR DANIEL",1968-04-05,Diputado,Partido Nacional,Suplente,2005,2009,SOUZA,ANTONINI,ARTHUR,DANIEL,1,46,2005-02-15,2010-02-14,1985-2025
279,"SOUZA DE LOS SANTOS, JUAN CARLOS",1955-01-28,Diputado,Frente Amplio,Titular,2005,2010,SOUZA,DE LOS SANTOS,JUAN,CARLOS,1,46,2005-02-15,2010-02-14,1985-2025
280,"STEINECK ROIG, ALEJANDRO",1968-02-26,Diputado,Frente Amplio,Suplente,2009,2009,STEINECK,ROIG,ALEJANDRO,,1,46,2005-02-15,2010-02-14,1985-2025
281,"SUAREZ SUAREZ, MARIA DEL CARMEN",1973-05-13,Diputado,Partido Nacional,Suplente,2005,2007,SUAREZ,SUAREZ,MARIA,DEL,0,46,2005-02-15,2010-02-14,1985-2025
282,"TAJAM CABRERA, HECTOR VICENTE",1947-09-22,Diputado,Frente Amplio,Titular,2005,2010,TAJAM,CABRERA,HECTOR,VICENTE,1,46,2005-02-15,2010-02-14,1985-2025
282,"TAJAM CABRERA, HECTOR VICENTE",1947-09-22,Senador,Frente Amplio,Suplente,2005,2010,TAJAM,CABRERA,HECTOR,VICENTE,1,46,2005-02-15,2010-02-14,1985-2025
283,"TEJERA ORENDE, ROXANA",1961-03-20,Diputado,Partido Colorado,Suplente,2005,2010,TEJERA,ORENDE,ROXANA,,0,46,2005-02-15,2010-02-14,1985-2025
284,"TEXEIRA GALLARDO, GONZALO",1968-01-16,Diputado,Partido Colorado,Suplente,2005,2010,TEXEIRA,GALLARDO,GONZALO,,1,46,2005-02-15,2010-02-14,1985-2025
285,"TOLEDO ANTUNEZ, HERMES ROMEO",1949-12-07,Diputado,Frente Amplio,Titular,2005,2010,TOLEDO,ANTUNEZ,HERMES,ROMEO,1,46,2005-02-15,2010-02-14,1985-2025
286,"TOPOLANSKY SAAVEDRA, LUCIA",1944-09-25,Senador,Frente Amplio,Suplente,2005,2010,TOPOLANSKY,SAAVEDRA,LUCIA,,0,46,2005-02-15,2010-02-14,1985-2025
286,"TOPOLANSKY SAAVEDRA, LUCIA",1944-09-25,Diputado,Frente Amplio,Titular,2005,2010,TOPOLANSKY,SAAVEDRA,LUCIA,,0,46,2005-02-15,2010-02-14,1985-2025
287,"TORRES VAZQUEZ, ARTURO",1967-03-25,Diputado,Partido Nacional,Suplente,2006,2009,TORRES,VAZQUEZ,ARTURO,,1,46,2005-02-15,2010-02-14,1985-2025
288,"TOURNE VALDEZ, DAISY LILIAN",1951-03-17,Diputado,Frente Amplio,Titular,2009,2010,TOURNE,VALDEZ,DAISY,LILIAN,0,46,2005-02-15,2010-02-14,1985-2025
288,"TOURNE VALDEZ, DAISY LILIAN",1951-03-17,Diputado,Frente Amplio,Titular,2005,2007,TOURNE,VALDEZ,DAISY,LILIAN,0,46,2005-02-15,2010-02-14,1985-2025
289,"TRAVIESO GIANONI, MONICA CATALINA",1959-03-29,Diputado,Frente Amplio,Titular,2005,2010,TRAVIESO,GIANONI,MONICA,CATALINA,0,46,2005-02-15,2010-02-14,1985-2025
290,"TROBO CABRERA, JAIME MARIO",1956-10-05,Senador,Partido Nacional,Suplente,2008,2009,TROBO,CABRERA,JAIME,MARIO,1,46,2005-02-15,2010-02-14,1985-2025
290,"TROBO CABRERA, JAIME MARIO",1956-10-05,Diputado,Partido Nacional,Titular,2005,2010,TROBO,CABRERA,JAIME,MARIO,1,46,2005-02-15,2010-02-14,1985-2025
291,"TRUJILLO SEADE, DIEGO JOSE",1964-07-04,Diputado,Partido Nacional,Suplente,2005,2006,TRUJILLO,SEADE,DIEGO,JOSE,1,46,2005-02-15,2010-02-14,1985-2025
292,"TUTZO LOPEZ, CARLOS ALBERTO",1951-12-27,Diputado,Frente Amplio,Suplente,2005,2005,TUTZO,LOPEZ,CARLOS,ALBERTO,1,46,2005-02-15,2010-02-14,1985-2025
293,"UMPIERREZ CABRERA, ALEJO ALEJANDRO",1965-06-03,Diputado,Partido Nacional,Suplente,2005,2010,UMPIERREZ,CABRERA,ALEJO,ALEJANDRO,1,46,2005-02-15,2010-02-14,1985-2025
294,"URRETA PINEIRO, JOSE PABLO",1971-10-21,Diputado,Frente Amplio,Suplente,2005,2007,URRETA,PINEIRO,JOSE,PABLO,1,46,2005-02-15,2010-02-14,1985-2025
295,"VAILLANT LARRAYA, VICTOR EDME",1944-08-16,Senador,Frente Amplio,Titular,2005,2010,VAILLANT,LARRAYA,VICTOR,EDME,1,46,2005-02-15,2010-02-14,1985-2025
296,"VARELA FIALLEGAS, JUAN EXEQUIEL",1956-02-27,Diputado,Frente Amplio,Suplente,2007,2009,VARELA,FIALLEGAS,JUAN,EXEQUIEL,1,46,2005-02-15,2010-02-14,1985-2025
297,"VARELA NESTIER, CARLOS RICARDO",1954-05-01,Diputado,Frente Amplio,Titular,2005,2010,VARELA,NESTIER,CARLOS,RICARDO,1,46,2005-02-15,2010-02-14,1985-2025
298,"VARELA UBAL, CARLOS EDUARDO",1971-11-22,Diputado,Frente Amplio,Suplente,2005,2008,VARELA,UBAL,CARLOS,EDUARDO,1,46,2005-02-15,2010-02-14,1985-2025
299,"VASSALLO MUNIZ, MIGUEL ANGEL",1948-01-07,Diputado,Frente Amplio,Suplente,2005,2005,VASSALLO,MUNIZ,MIGUEL,ANGEL,1,46,2005-02-15,2010-02-14,1985-2025
300,"VEGA LLANES, ALVARO",1957-11-04,Diputado,Frente Amplio,Titular,2005,2010,VEGA,LLANES,ALVARO,,1,46,2005-02-15,2010-02-14,1985-2025
301,"VELEZ MOLINA, ABELIO FERNANDO",1967-07-23,Diputado,Partido Nacional,Suplente,2005,2010,VELEZ,MOLINA,ABELIO,FERNANDO,1,46,2005-02-15,2010-02-14,1985-2025
302,"VIDALIN AGUIRRE, CARMELO JOSE",1955-11-17,Senador,Partido Nacional,Suplente,2005,2005,VIDALIN,AGUIRRE,CARMELO,JOSE,1,46,2005-02-15,2010-02-14,1985-2025
303,"VIERA DE CASTRO, HOMERO JAURES",1950-01-14,Diputado,Frente Amplio,Titular,2005,2010,VIERA,DE CASTRO,HOMERO,JAURES,1,46,2005-02-15,2010-02-14,1985-2025
304,"VIRGILI CARABALLO, SUSANA",1944-03-26,Diputado,Partido Colorado,Suplente,2006,2006,VIRGILI,CARABALLO,SUSANA,,0,46,2005-02-15,2010-02-14,1985-2025
305,"XAVIER YELPO, MONICA",1956-12-16,Senador,Frente Amplio,Suplente,2007,2007,XAVIER,YELPO,MONICA,,0,46,2005-02-15,2010-02-14,1985-2025
305,"XAVIER YELPO, MONICA",1956-12-16,Senador,Frente Amplio,Titular,2005,2010,XAVIER,YELPO,MONICA,,0,46,2005-02-15,2010-02-14,1985-2025
306,"YAFALLIAN KISGIAN, ELIAS",1931-04-08,Senador,Frente Amplio,Suplente,2005,2005,YAFALLIAN,KISGIAN,ELIAS,,1,46,2005-02-15,2010-02-14,1985-2025
307,"YANES MEDEROS, HORACIO PIERRE",1960-12-09,Diputado,Frente Amplio,Titular,2005,2010,YANES,MEDEROS,HORACIO,PIERRE,1,46,2005-02-15,2010-02-14,1985-2025
308,"ZABALETA ZUCCARINO, OSCAR IGNACIO",1941-09-10,Diputado,Partido Nacional,Suplente,2005,2010,ZABALETA,ZUCCARINO,OSCAR,IGNACIO,1,46,2005-02-15,2010-02-14,1985-2025
309,"ZAS FERNANDEZ, JORGE",1949-02-23,Diputado,Frente Amplio,Suplente,2005,2010,ZAS,FERNANDEZ,JORGE,,1,46,2005-02-15,2010-02-14,1985-2025
310,"ZAVALA RABAJOLI, ALEJANDRO",1974-09-05,Diputado,Frente Amplio,Suplente,2005,2005,ZAVALA,RABAJOLI,ALEJANDRO,,1,46,2005-02-15,2010-02-14,1985-2025
311,"ZORRILLA DE SAN MARTIN BRUM, JUAN CARLOS",1966-09-04,Diputado,Frente Amplio,Suplente,2005,2010,ZORRILLA,DE SAN MARTIN BRUM,JUAN,CARLOS,1,46,2005-02-15,2010-02-14,1985-2025
312,"ZORRILLA DE SAN MARTIN LLAMAS, RAUL",1948-10-05,Diputado,Partido Nacional,Suplente,2007,2007,ZORRILLA,DE SAN MARTIN LLAMAS,RAUL,,1,46,2005-02-15,2010-02-14,1985-2025
313,"ASTI CARLI, ALFREDO ANGEL",1948-10-02,Diputado,Frente Amplio,Titular,2005,2010,ASTI,CARLI,ALFREDO,ANGEL,1,46,2005-02-15,2010-02-14,1985-2025
314,"ASTORI SARAGOSA, DANILO ANGEL",1940-04-23,Senador,Frente Amplio,Titular,2010,2010,ASTORI,SARAGOSA,DANILO,ANGEL,1,46,2005-02-15,2010-02-14,1985-2025
314,"ASTORI SARAGOSA, DANILO ANGEL",1940-04-23,Senador,Frente Amplio,Titular,2008,2009,ASTORI,SARAGOSA,DANILO,ANGEL,1,46,2005-02-15,2010-02-14,1985-2025
314,"ASTORI SARAGOSA, DANILO ANGEL",1940-04-23,Senador,Frente Amplio,Titular,2005,2005,ASTORI,SARAGOSA,DANILO,ANGEL,1,46,2005-02-15,2010-02-14,1985-2025
315,"BAGNASCO GARCIA, JUPITER BEETHOVEN",1966-08-04,Diputado,Partido Nacional,Suplente,2006,2006,BAGNASCO,GARCIA,JUPITER,BEETHOVEN,1,46,2005-02-15,2010-02-14,1985-2025
316,"BALMELLI CAMOIRANO, JULIO LINO",1950-09-15,Diputado,Frente Amplio,Suplente,2007,2010,BALMELLI,CAMOIRANO,JULIO,LINO,1,46,2005-02-15,2010-02-14,1985-2025
317,"BARAIBAR PONCE DE LEON, FELIX CARLOS",1939-07-13,Diputado,Frente Amplio,Titular,2005,2010,BARAIBAR,PONCE DE LEON,FELIX,CARLOS,1,46,2005-02-15,2010-02-14,1985-2025
317,"BARAIBAR PONCE DE LEON, FELIX CARLOS",1939-07-13,Senador,Frente Amplio,Suplente,2005,2008,BARAIBAR,PONCE DE LEON,FELIX,CARLOS,1,46,2005-02-15,2010-02-14,1985-2025
318,"BARRAGAN CARABALLO, VICTOR RUBEN",1948-09-26,Diputado,Frente Amplio,Suplente,2005,2010,BARRAGAN,CARABALLO,VICTOR,RUBEN,1,46,2005-02-15,2010-02-14,1985-2025
319,"BARREIRO MALDONADO, MANUEL MARIA",1950-04-14,Diputado,Partido Colorado,Titular,2005,2010,BARREIRO,MALDONADO,MANUEL,MARIA,1,46,2005-02-15,2010-02-14,1985-2025
320,"BARRIOS BOVE, JAVIER ENRIQUE",1976-11-23,Diputado,Partido Nacional,Suplente,2005,2010,BARRIOS,BOVE,JAVIER,ENRIQUE,1,46,2005-02-15,2010-02-14,1985-2025
321,"BARRIOS SALA, GUSTAVO JAVIER",1962-11-20,Diputado,Partido Nacional,Suplente,2005,2005,BARRIOS,SALA,GUSTAVO,JAVIER,1,46,2005-02-15,2010-02-14,1985-2025
322,"BASANTA GEIMONAT, JULIO CESAR",1958-09-15,Diputado,Partido Nacional,Suplente,2005,2009,BASANTA,GEIMONAT,JULIO,CESAR,1,46,2005-02-15,2010-02-14,1985-2025
323,"BATALLA DUFRECHOU, LUIS LEONARDO",1939-02-18,Diputado,Frente Amplio,Suplente,2005,2010,BATALLA,DUFRECHOU,LUIS,LEONARDO,1,46,2005-02-15,2010-02-14,1985-2025
324,"BATTISTONI SPINELLI, JULIO JOSE",1945-01-02,Diputado,Frente Amplio,Suplente,2009,2010,BATTISTONI,SPINELLI,JULIO,JOSE,1,46,2005-02-15,2010-02-14,1985-2025
324,"BATTISTONI SPINELLI, JULIO JOSE",1945-01-02,Diputado,Frente Amplio,Suplente,2005,2005,BATTISTONI,SPINELLI,JULIO,JOSE,1,46,2005-02-15,2010-02-14,1985-2025
325,"BAYARDI LOZANO, JOSE ARTURO",1955-06-30,Senador,Frente Amplio,Suplente,2010,2010,BAYARDI,LOZANO,JOSE,ARTURO,1,46,2005-02-15,2010-02-14,1985-2025
325,"BAYARDI LOZANO, JOSE ARTURO",1955-06-30,Diputado,Frente Amplio,Titular,2009,2010,BAYARDI,LOZANO,JOSE,ARTURO,1,46,2005-02-15,2010-02-14,1985-2025
325,"BAYARDI LOZANO, JOSE ARTURO",1955-06-30,Senador,Frente Amplio,Suplente,2009,2009,BAYARDI,LOZANO,JOSE,ARTURO,1,46,2005-02-15,2010-02-14,1985-2025
325,"BAYARDI LOZANO, JOSE ARTURO",1955-06-30,Diputado,Frente Amplio,Titular,2005,2005,BAYARDI,LOZANO,JOSE,ARTURO,1,46,2005-02-15,2010-02-14,1985-2025
326,"BENITEZ GARCIA, GLORIA DEL CARMEN",1952-08-01,Diputado,Frente Amplio,Suplente,2006,2010,BENITEZ,GARCIA,GLORIA,DEL,0,46,2005-02-15,2010-02-14,1985-2025
327,"BENTANCOR HERNANDEZ, JUAN JOSE",1943-12-14,Diputado,Frente Amplio,Suplente,2005,2010,BENTANCOR,HERNANDEZ,JUAN,JOSE,1,46,2005-02-15,2010-02-14,1985-2025
327,"BENTANCOR HERNANDEZ, JUAN JOSE",1943-12-14,Senador,Frente Amplio,Suplente,2005,2010,BENTANCOR,HERNANDEZ,JUAN,JOSE,1,46,2005-02-15,2010-02-14,1985-2025
328,"BENTOS SCAGNEGATTI, BERTIL RANDOLF",1942-08-15,Diputado,Partido Nacional,Titular,2010,2010,BENTOS,SCAGNEGATTI,BERTIL,RANDOLF,1,46,2005-02-15,2010-02-14,1985-2025
328,"BENTOS SCAGNEGATTI, BERTIL RANDOLF",1942-08-15,Diputado,Partido Nacional,Titular,2005,2010,BENTOS,SCAGNEGATTI,BERTIL,RANDOLF,1,46,2005-02-15,2010-02-14,1985-2025
329,"BERMUDEZ LAURENZO, JORGE ARIEL",1962-03-06,Diputado,Frente Amplio,Suplente,2007,2007,BERMUDEZ,LAURENZO,JORGE,ARIEL,1,46,2005-02-15,2010-02-14,1985-2025
330,"BERNINI SEGUESSA, GUSTAVO DANIEL",1958-09-29,Diputado,Frente Amplio,Titular,2005,2010,BERNINI,SEGUESSA,GUSTAVO,DANIEL,1,46,2005-02-15,2010-02-14,1985-2025
331,"BIANCHI CASERTA, ELEONORA",1960-11-29,Senador,Frente Amplio,Suplente,2010,2010,BIANCHI,CASERTA,ELEONORA,,0,46,2005-02-15,2010-02-14,1985-2025
331,"BIANCHI CASERTA, ELEONORA",1960-11-29,Diputado,Frente Amplio,Suplente,2007,2010,BIANCHI,CASERTA,ELEONORA,,0,46,2005-02-15,2010-02-14,1985-2025
332,"BIANCHI SALOMON, DANIEL MARIO",1962-09-04,Diputado,Partido Colorado,Titular,2005,2010,BIANCHI,SALOMON,DANIEL,MARIO,1,46,2005-02-15,2010-02-14,1985-2025
333,"BIDE RAPPALINI, JOSE OMAR",1932-10-31,Diputado,Partido Nacional,Suplente,2007,2007,BIDE,RAPPALINI,JOSE,OMAR,1,46,2005-02-15,2010-02-14,1985-2025
334,"BLASINA MOREIRA, JOSE LUIS",1937-05-01,Diputado,Frente Amplio,Titular,2005,2010,BLASINA,MOREIRA,JOSE,LUIS,1,46,2005-02-15,2010-02-14,1985-2025
335,"BONILLA CEDRES, JULIO CESAR",1963-08-04,Diputado,Frente Amplio,Suplente,2005,2006,BONILLA,CEDRES,JULIO,CESAR,1,46,2005-02-15,2010-02-14,1985-2025
336,"BONOMI VARELA, EDISON EDUARDO",1948-10-14,Senador,Frente Amplio,Suplente,2009,2010,BONOMI,VARELA,EDISON,EDUARDO,1,46,2005-02-15,2010-02-14,1985-2025
336,"BONOMI VARELA, EDISON EDUARDO",1948-10-14,Diputado,Frente Amplio,Titular,2005,2010,BONOMI,VARELA,EDISON,EDUARDO,1,46,2005-02-15,2010-02-14,1985-2025
337,"BORSARI BRENNA, GUSTAVO JUAN",1954-11-28,Diputado,Partido Nacional,Titular,2005,2010,BORSARI,BRENNA,GUSTAVO,JUAN,1,46,2005-02-15,2010-02-14,1985-2025
338,"BOTANA ARANCET, LUIS SERGIO",1964-01-08,Diputado,Partido Nacional,Titular,2010,2010,BOTANA,ARANCET,LUIS,SERGIO,1,46,2005-02-15,2010-02-14,1985-2025
338,"BOTANA ARANCET, LUIS SERGIO",1964-01-08,Diputado,Partido Nacional,Titular,2005,2010,BOTANA,ARANCET,LUIS,SERGIO,1,46,2005-02-15,2010-02-14,1985-2025
339,"BOUSSES POMIES, HEBER ALCIDES",1961-12-22,Diputado,Frente Amplio,Suplente,2006,2008,BOUSSES,POMIES,HEBER,ALCIDES,1,46,2005-02-15,2010-02-14,1985-2025
340,"BRAUSE BERRETA, ALBERTO JUAN",1938-10-30,Senador,Partido Colorado,Suplente,2005,2006,BRAUSE,BERRETA,ALBERTO,JUAN,1,46,2005-02-15,2010-02-14,1985-2025
341,"BRECCIA GUZZO, ALBERTO RAUL",1946-07-03,Senador,Frente Amplio,Suplente,2005,2008,BRECCIA,GUZZO,ALBERTO,RAUL,1,46,2005-02-15,2010-02-14,1985-2025
342,"BRENTA BADANO, EDUARDO ALFONSO",1959-02-08,Diputado,Frente Amplio,Suplente,2005,2009,BRENTA,BADANO,EDUARDO,ALFONSO,1,46,2005-02-15,2010-02-14,1985-2025
343,"BRUNO OLIVEIRA, JUAN JOSE",1965-01-08,Diputado,Partido Nacional,Titular,2005,2010,BRUNO,OLIVEIRA,JUAN,JOSE,1,46,2005-02-15,2010-02-14,1985-2025
344,"BURGOS MARTINI, LUIS RAMON",1939-03-11,Diputado,Partido Nacional,Suplente,2008,2008,BURGOS,MARTINI,LUIS,RAMON,1,46,2005-02-15,2010-02-14,1985-2025
345,"CABALLERO PACHECO, ROBERTO",1951-01-31,Diputado,Frente Amplio,Suplente,2008,2008,CABALLERO,PACHECO,ROBERTO,,1,46,2005-02-15,2010-02-14,1985-2025
346,"CABALLERO RUIZ, IRENE",1974-09-10,Diputado,Partido Nacional,Suplente,2005,2010,CABALLERO,RUIZ,IRENE,,0,46,2005-02-15,2010-02-14,1985-2025
347,"CABRERA CASAS, ALFREDO VICTOR",1965-06-02,Diputado,Partido Nacional,Suplente,2005,2009,CABRERA,CASAS,ALFREDO,VICTOR,1,46,2005-02-15,2010-02-14,1985-2025
348,"CAL DE LIMA, AUGUSTO CESAR",,Diputado,Partido Colorado,Suplente,2005,2006,CAL,DE LIMA,AUGUSTO,CESAR,1,46,2005-02-15,2010-02-14,1985-2025
349,"CAMEJO BENINCASA, SILVIA MARTHA",1965-07-30,Diputado,Frente Amplio,Suplente,2005,2005,CAMEJO,BENINCASA,SILVIA,MARTHA,0,46,2005-02-15,2010-02-14,1985-2025
350,"CAMPANELLA GIANECHINE, WALTER HUGO",1948-03-22,Senador,Partido Nacional,Suplente,2005,2010,CAMPANELLA,GIANECHINE,WALTER,HUGO,1,46,2005-02-15,2010-02-14,1985-2025
351,"CAMY ANTOGNAZZA, CARLOS DANIEL",1970-09-09,Senador,Partido Nacional,Suplente,2010,2010,CAMY,ANTOGNAZZA,CARLOS,DANIEL,1,46,2005-02-15,2010-02-14,1985-2025
351,"CAMY ANTOGNAZZA, CARLOS DANIEL",1970-09-09,Senador,Partido Nacional,Suplente,2005,2010,CAMY,ANTOGNAZZA,CARLOS,DANIEL,1,46,2005-02-15,2010-02-14,1985-2025
352,"CANEPA BACCINO, DIEGO IGNACIO",1972-04-26,Diputado,Frente Amplio,Titular,2005,2009,CANEPA,BACCINO,DIEGO,IGNACIO,1,46,2005-02-15,2010-02-14,1985-2025
353,"CARABALLO GONZALEZ, ALBERTO CARLOS",1960-09-20,Diputado,Partido Colorado,Suplente,2005,2007,CARABALLO,GONZALEZ,ALBERTO,CARLOS,1,46,2005-02-15,2010-02-14,1985-2025
354,"CARAM MARTINEZ, RODOLFO ANDRES",1964-10-02,Diputado,Partido Nacional,Titular,2005,2010,CARAM,MARTINEZ,RODOLFO,ANDRES,1,46,2005-02-15,2010-02-14,1985-2025
355,"CARAMBULA PAREJA, MATIAS",1973-04-26,Diputado,Frente Amplio,Suplente,2005,2006,CARAMBULA,PAREJA,MATIAS,,1,46,2005-02-15,2010-02-14,1985-2025
356,"CARBAJAL LAPORT, DANIEL EDUARDO",1953-11-13,Diputado,Frente Amplio,Suplente,2006,2010,CARBAJAL,LAPORT,DANIEL,EDUARDO,1,46,2005-02-15,2010-02-14,1985-2025
357,"CARDOSO FERREIRA, GERMAN",1973-10-01,Diputado,Partido Colorado,Titular,2005,2010,CARDOSO,FERREIRA,GERMAN,,1,46,2005-02-15,2010-02-14,1985-2025
358,"CARDOSO SILVA, JOSE CARLOS",1958-04-24,Senador,Partido Nacional,Suplente,2006,2009,CARDOSO,SILVA,JOSE,CARLOS,1,46,2005-02-15,2010-02-14,1985-2025
358,"CARDOSO SILVA, JOSE CARLOS",1958-04-24,Diputado,Partido Nacional,Titular,2005,2010,CARDOSO,SILVA,JOSE,CARLOS,1,46,2005-02-15,2010-02-14,1985-2025
359,"CARDOZO FERREIRA, JULIO CESAR",1949-07-20,Diputado,Partido Nacional,Titular,2005,2010,CARDOZO,FERREIRA,JULIO,CESAR,1,46,2005-02-15,2010-02-14,1985-2025
360,"CARDOZO SAGASTI, ANA MARIA",1940-01-08,Diputado,Frente Amplio,Suplente,2006,2009,CARDOZO,SAGASTI,ANA,MARIA,0,46,2005-02-15,2010-02-14,1985-2025
361,"CARRASCO TESTORE, AMERICO MARIA",1939-02-20,Diputado,Partido Nacional,Suplente,2005,2008,CARRASCO,TESTORE,AMERICO,MARIA,1,46,2005-02-15,2010-02-14,1985-2025
362,"CARVALHO SILVEIRA, EDGARDO",1935-09-01,Senador,Frente Amplio,Suplente,2009,2009,CARVALHO,SILVEIRA,EDGARDO,,1,46,2005-02-15,2010-02-14,1985-2025
363,"CASALAS PEREZ, ANA MARIA",1937-06-09,Diputado,Partido Independiente,Suplente,2005,2007,CASALAS,PEREZ,ANA,MARIA,0,46,2005-02-15,2010-02-14,1985-2025
364,"CASARETTO GERFAUO, FEDERICO RAMIRO",1968-11-13,Diputado,Partido Nacional,Titular,2005,2010,CASARETTO,GERFAUO,FEDERICO,RAMIRO,1,46,2005-02-15,2010-02-14,1985-2025
365,"CASAS MENDITEGUY, ALBERTO ENRIQUE",1959-02-09,Diputado,Partido Nacional,Titular,2005,2010,CASAS,MENDITEGUY,ALBERTO,ENRIQUE,1,46,2005-02-15,2010-02-14,1985-2025
366,"CASAS VAZQUEZ, RAUL ALFREDO",1965-04-29,Diputado,Partido Nacional,Suplente,2005,2010,CASAS,VAZQUEZ,RAUL,ALFREDO,1,46,2005-02-15,2010-02-14,1985-2025
367,"CASTRO NAVAJAS, NORA MARIA",1947-02-12,Diputado,Frente Amplio,Titular,2005,2010,CASTRO,NAVAJAS,NORA,MARIA,0,46,2005-02-15,2010-02-14,1985-2025
368,"CATALOGNE LICANDRO, MARIA MARGARITA",1949-07-08,Diputado,Frente Amplio,Suplente,2005,2009,CATALOGNE,LICANDRO,MARIA,MARGARITA,0,46,2005-02-15,2010-02-14,1985-2025
369,"CESIO BLANC, ENRIQUE AGUSTIN",1934-07-30,Diputado,Frente Amplio,Suplente,2009,2009,CESIO,BLANC,ENRIQUE,AGUSTIN,1,46,2005-02-15,2010-02-14,1985-2025
370,"CEVA LIAS, JOSE MARIA",1962-04-21,Diputado,Frente Amplio,Suplente,2008,2008,CEVA,LIAS,JOSE,MARIA,1,46,2005-02-15,2010-02-14,1985-2025
371,"CHA MAIDANA, JAVIER",1965-01-27,Diputado,Frente Amplio,Suplente,2005,2010,CHA,MAIDANA,JAVIER,,1,46,2005-02-15,2010-02-14,1985-2025
372,"CHARAMELO FEBLES, RICHARD OMAR",1972-09-15,Diputado,Partido Nacional,Titular,2005,2010,CHARAMELO,FEBLES,RICHARD,OMAR,1,46,2005-02-15,2010-02-14,1985-2025
